ASV_updated,SSU_FAMILY_x_LSU_family,SSU_genus_x_LSU_genus,ITS_family_x_LSU_family,ITS_genus_x_LSU_genus,ITS_species_x_LSU_species
Gigaspora_margarita_120_7A_KU_ASV1308_BeverSchultz,Correct,Correct,Correct,Correct,Correct
Gigaspora_margarita_120_7A_KU_ASV1309_BeverSchultz,Correct,Correct,Correct,Correct,Correct
Gigaspora_margarita_120_7A_KU_ASV1311_BeverSchultz,Correct,Correct,Correct,Correct,Correct
Racocetra_sp_179_Blask4_ZU_ASV1373_Blaszkowski,Correct,Outdated,NA,NA,LSU_NA
Racocetra_sp._179_Blask4_ZU_ASV1374_Blaszkowski,Correct,Outdated,NA,NA,LSU_NA
Racocetra_sp._179_Blask4_ZU_ASV1375_Blaszkowski,Correct,Outdated,NA,NA,LSU_NA
Funneliformis_mosseae_510_4A_KU_ASV1256_BeverSchultz,Outdated,Outdated,Outdated,Correct,NA
Funneliformis_mosseae_510_4A_KU_ASV1257_BeverSchultz,Outdated,Outdated,Outdated,Correct,NA
Funneliformis_mosseae_510_4A_KU_ASV1270_BeverSchultz,Outdated,Outdated,Outdated,Correct,NA
Funneliformis_mosseae_510_4A_KU_ASV1272_BeverSchultz,Outdated,Outdated,Outdated,Correct,Correct
Funneliformis_mosseae_510_4A_KU_ASV1273_BeverSchultz,Outdated,Outdated,Outdated,Correct,NA
Funneliformis_mosseae_510_4A_KU_ASV1276_BeverSchultz,Outdated,Outdated,Outdated,Correct,Correct
Funneliformis_mosseae_510_4A_KU_ASV1277_BeverSchultz,Outdated,Outdated,Outdated,Correct,NA
Funneliformis_mosseae_87_11_KU_ASV1260_BeverSchultz,Outdated,Outdated,Outdated,Correct,NA
Funneliformis_mosseae_87_11_KU_ASV1262_BeverSchultz,Outdated,Outdated,Outdated,Correct,Correct
Funneliformis_mosseae_87_11_KU_ASV1263_BeverSchultz,Outdated,Outdated,Outdated,Correct,NA
Funneliformis_mosseae_87_11_KU_ASV1264_BeverSchultz,Outdated,Outdated,Outdated,Correct,Correct
Funneliformis_mosseae_87_11_KU_ASV1265_BeverSchultz,Outdated,Outdated,Outdated,Correct,Correct
Funneliformis_mosseae_87_11_KU_ASV1267_BeverSchultz,Outdated,Outdated,Outdated,Correct,Correct
Funneliformis_mosseae_87_11_KU_ASV1268_BeverSchultz,Outdated,Outdated,Outdated,Correct,NA
Funneliformis_mosseae_87_11_KU_ASV1274_BeverSchultz,Outdated,Outdated,Outdated,Correct,Correct
Funneliformis_mosseae_87_11_KU_ASV1281_BeverSchultz,Outdated,Outdated,Outdated,Correct,Correct
Funneliformis_mosseae_87_11_KU_ASV1283_BeverSchultz,Outdated,Outdated,Outdated,Correct,Correct
Funneliformis_mosseae_87_11_KU_ASV1285_BeverSchultz,Outdated,Outdated,Outdated,Correct,Correct
Funneliformis_mosseae_87_11_KU_ASV1286_BeverSchultz,Outdated,Outdated,Outdated,Correct,NA
Funneliformis_mosseae_87_11_KU_ASV1287_BeverSchultz,Outdated,Outdated,Outdated,Correct,NA
Ambispora_fennica_Af2_ZU_ASV1109_KrugerWalker,Correct,Correct,Correct,Correct,NA
Ambispora_fennica_Af2_ZU_ASV1110_KrugerWalker,Correct,Correct,Correct,Correct,NA
Ambispora_fennica_Af2_ZU_ASV1111_KrugerWalker,Correct,Correct,Correct,Correct,NA
Ambispora_fennica_Af2_ZU_ASV1112_KrugerWalker,Correct,Correct,Correct,Correct,NA
Ambispora_fennica_Af2_ZU_ASV1113_KrugerWalker,Correct,Correct,Correct,Correct,NA
Gigaspora_decipiens_AU102_9_KU_ASV1301_INVAM,Correct,Correct,Correct,Correct,Wrong
Gigaspora_decipiens_AU102_9_KU_ASV1302_INVAM,Correct,Correct,Correct,Correct,Wrong
Gigaspora_decipiens_AU102_9_KU_ASV1303_INVAM,Correct,Correct,Correct,Correct,Wrong
Scutellospora_calospora_AU212B_ZUII_ASV1413_INVAM,Correct,Correct,Outdated,Correct,NA
Scutellospora_calospora_AU212B_ZUII_ASV1414_INVAM,Correct,Correct,Outdated,Correct,NA
Funneliformis_mosseae_BEG12_ZU_ASV1007_BEG,Outdated,Outdated,Outdated,Correct,Correct
Funneliformis_mosseae_BEG12_ZUII_ASV1007_BEG,Outdated,Outdated,Outdated,Correct,Correct
Funneliformis_mosseae_BEG12_ZU_ASV1020_BEG,Outdated,Outdated,Outdated,Correct,Correct
Funneliformis_mosseae_BEG12_ZUII_ASV1020_BEG,Outdated,Outdated,Outdated,Correct,Correct
Funneliformis_mosseae_BEG12_ZU_ASV1036_BEG,Outdated,Outdated,Outdated,Correct,Correct
Funneliformis_mosseae_BEG12_ZUII_ASV1036_BEG,Outdated,Outdated,Outdated,Correct,Correct
Funneliformis_mosseae_BEG12_ZU_ASV1041_BEG,Outdated,Outdated,Outdated,Correct,Correct
Funneliformis_mosseae_BEG12_ZUII_ASV1041_BEG,Outdated,Outdated,Outdated,Correct,Correct
Funneliformis_mosseae_BEG12_ZU_ASV1050_BEG,Outdated,Outdated,Outdated,Correct,Correct
Funneliformis_mosseae_BEG12_ZUII_ASV1050_BEG,Outdated,Outdated,Outdated,Correct,Correct
Funneliformis_mosseae_BEG12_ZU_ASV1242_BEG,Outdated,Outdated,Outdated,Correct,Correct
Funneliformis_mosseae_BEG12_ZU_ASV1243_BEG,Outdated,Outdated,Outdated,Correct,Correct
Funneliformis_mosseae_BEG12_ZU_ASV1244_BEG,Outdated,Outdated,Outdated,Correct,Correct
Funneliformis_mosseae_BEG12_ZU_ASV1246_BEG,Outdated,Outdated,Outdated,Correct,Correct
Funneliformis_mosseae_BEG12_ZU_ASV1248_BEG,Outdated,Outdated,Outdated,Correct,Correct
Funneliformis_mosseae_BEG12_ZU_ASV1250_BEG,Outdated,Outdated,NA,NA,NA
Acaulospora_laevis_BEG13_ZUII_ASV1083_BEG,Correct,Correct,Correct,Correct,Correct
Acaulospora_laevis_BEG13_ZUII_ASV1086_BEG,Correct,Correct,Correct,Correct,Correct
Acaulospora_laevis_BEG13_ZUII_ASV1087_BEG,Correct,Correct,Correct,Correct,Correct
Funneliformis_mosseae_BEG161_ZU_ASV1240_BEG,Outdated,Outdated,Outdated,Correct,Correct
Funneliformis_mosseae_BEG161_ZU_ASV1241_BEG,Outdated,Outdated,Outdated,Correct,NA
Funneliformis_mosseae_BEG161_ZU_ASV1245_BEG,Outdated,Outdated,Outdated,Correct,NA
Funneliformis_mosseae_BEG161_ZU_ASV1247_BEG,Outdated,Outdated,Outdated,Correct,NA
Funneliformis_mosseae_BEG161_ZU_ASV1249_BEG,Outdated,Outdated,Outdated,Correct,NA
Funneliformis_mosseae_BEG161_ZU_ASV1252_BEG,Outdated,Outdated,Outdated,Correct,NA
Funneliformis_mosseae_BEG161_ZU_ASV1253_BEG,Outdated,Outdated,Outdated,Correct,NA
Funneliformis_mosseae_BEG161_ZU_ASV1254_BEG,Outdated,Outdated,Outdated,Correct,NA
Acaulospora_laevis_BEG242_ZUII_ASV1081_BEG,Correct,Correct,Correct,NA,NA
Acaulospora_laevis_BEG242_ZUII_ASV1085_BEG,Correct,Correct,Correct,NA,NA
Racocetra_gregaria_BEG243_ZU_ASV1002_BEG,Correct,Outdated,NA,NA,NA
Racocetra_gregaria_BEG243_ZUII_ASV1002_BEG,Correct,Outdated,NA,NA,NA
Racocetra_gregaria_BEG243_ZU_ASV1026_BEG,Correct,Outdated,NA,NA,NA
Racocetra_gregaria_BEG243_ZUII_ASV1026_BEG,Correct,Outdated,NA,NA,NA
Racocetra_gregaria_BEG243_ZU_ASV1029_BEG,Correct,Outdated,NA,NA,NA
Racocetra_gregaria_BEG243_ZUII_ASV1029_BEG,Correct,Outdated,NA,NA,NA
Racocetra_gregaria_BEG243_ZU_ASV1035_BEG,Correct,Outdated,NA,NA,NA
Racocetra_gregaria_BEG243_ZUII_ASV1035_BEG,Correct,Outdated,NA,NA,NA
Racocetra_gregaria_BEG243_ZU_ASV1051_BEG,Correct,Outdated,NA,NA,NA
Racocetra_gregaria_BEG243_ZUII_ASV1051_BEG,Correct,Outdated,NA,NA,NA
Racocetra_gregaria_BEG243_ZUII_ASV1364_BEG,Correct,Outdated,NA,NA,NA
Racocetra_gregaria_BEG243_ZUII_ASV1365_BEG,Correct,Outdated,NA,NA,NA
Racocetra_gregaria_BEG243_ZU_ASV1366_BEG,Correct,Outdated,NA,NA,NA
Racocetra_gregaria_BEG243_ZU_ASV1367_BEG,Correct,Outdated,NA,NA,NA
Racocetra_gregaria_BEG243_ZU_ASV1368_BEG,Correct,Outdated,NA,NA,NA
Racocetra_gregaria_BEG243_ZU_ASV1369_BEG,Correct,Outdated,NA,NA,NA
Scutellospora_calospora_BEG245_ZUII_ASV1409_BEG,Correct,Correct,Outdated,Correct,NA
Scutellospora_calospora_BEG245_ZUII_ASV1410_BEG,Correct,Correct,Outdated,Correct,NA
Scutellospora_calospora_BEG245_ZUII_ASV1411_BEG,Correct,Correct,Outdated,Correct,NA
Scutellospora_calospora_BEG245_ZUII_ASV1412_BEG,Correct,Correct,Outdated,Correct,NA
Acaulospora_laevis_BEG26_ZUII_ASV1084_BEG,Correct,Correct,Correct,Correct,Correct
Dentiscutata_heterogama_BEG35_ZU_ASV1016_BEG,Correct,Outdated,Wrong,NA,NA
Dentiscutata_heterogama_BEG35_ZUII_ASV1016_BEG,Correct,Outdated,Wrong,NA,NA
Dentiscutata_heterogama_BEG35_ZU_ASV1042_BEG,Correct,Outdated,Wrong,Correct,NA
Dentiscutata_heterogama_BEG35_ZUII_ASV1042_BEG,Correct,Outdated,Wrong,Correct,NA
Dentiscutata_heterogama_BEG35_ZU_ASV1159_BEG,Correct,Outdated,Wrong,NA,NA
Dentiscutata_heterogama_BEG35_ZU_ASV1160_BEG,Correct,Outdated,Wrong,NA,NA
Dentiscutata_heterogama_BEG35_ZU_ASV1161_BEG,Correct,Outdated,Wrong,NA,NA
Dentiscutata_heterogama_BEG35_ZU_ASV1164_BEG,Correct,Outdated,Wrong,NA,NA
Dentiscutata_heterogama_BEG35_ZU_ASV1165_BEG,Correct,Outdated,NA,NA,NA
Dentiscutata_heterogama_BEG35_ZU_ASV1167_BEG,Correct,Outdated,Wrong,Correct,NA
Gigaspora_margarita_BEG9_ZU_ASV1003_BEG,Correct,Correct,Correct,Correct,Correct
Gigaspora_margarita_BEG9_ZU_ASV1040_BEG,Correct,Correct,Correct,Correct,Correct
Gigaspora_margarita_BEG9_ZUII_ASV1040_BEG,Correct,Correct,Correct,Correct,Correct
Gigaspora_margarita_BEG9_ZU_ASV1045_BEG,Correct,Correct,Correct,Correct,Correct
Gigaspora_margarita_BEG9_ZU_ASV1053_BEG,Correct,Correct,Correct,Correct,Correct
Gigaspora_margarita_BEG9_ZU_ASV1312_BEG,Correct,Correct,Correct,Correct,Correct
Gigaspora_margarita_BEG9_ZU_ASV1313_BEG,Correct,Correct,Correct,Correct,Correct
Gigaspora_margarita_BEG9_ZU_ASV1314_BEG,Correct,Correct,Correct,Correct,NA
Funneliformis_mosseae_BEG95_ZU_ASV1006_BEG,Outdated,Outdated,Outdated,Correct,NA
Funneliformis_mosseae_BEG95_ZU_ASV1018_BEG,Outdated,Outdated,Outdated,Correct,NA
Funneliformis_mosseae_BEG95_ZU_ASV1048_BEG,Outdated,Outdated,Outdated,Correct,NA
Funneliformis_mosseae_BEG95_ZU_ASV1251_BEG,Outdated,Outdated,Outdated,Correct,NA
Corymbiglomus_corymbiforme_Blaszk5_ZU_ASV1145_Blaszkowski,Correct,Wrong,Correct,NA,NA
Corymbiglomus_corymbiforme_Blaszk5_ZU_ASV1146_Blaszkowski,Correct,Wrong,Correct,Correct,NA
Corymbiglomus_corymbiforme_Blaszk5_ZU_ASV1147_Blaszkowski,Correct,Wrong,Correct,NA,NA
Corymbiglomus_corymbiforme_Blaszk5_ZU_ASV1148_Blaszkowski,Correct,LSU_NA,Correct,LSU_NA,NA
Rhizophagus_clarus_BR147B_KU_ASV1382_INVAM,Outdated,Outdated,Outdated,Correct,Correct
Rhizophagus_clarus_BR147B_KU_ASV1383_INVAM,Outdated,Outdated,Outdated,Correct,Correct
Rhizophagus_clarus_BR147B_KU_ASV1385_INVAM,Outdated,Outdated,Outdated,Correct,NA
Rhizophagus_clarus_BR147B_KU_ASV1386_INVAM,Outdated,Outdated,Outdated,Correct,Correct
Rhizophagus_clarus_BR147B_KU_ASV1388_INVAM,Outdated,Outdated,Outdated,Correct,Correct
Dentiscutata_heterogama_BR154_ZU_ASV1015_INVAM,Correct,Outdated,Wrong,NA,NA
Dentiscutata_heterogama_BR154_ZUII_ASV1015_INVAM,Correct,Outdated,Wrong,NA,NA
Dentiscutata_heterogama_BR154_ZU_ASV1025_INVAM,Correct,Outdated,Wrong,NA,NA
Dentiscutata_heterogama_BR154_ZUII_ASV1025_INVAM,Correct,Outdated,Wrong,NA,NA
Dentiscutata_heterogama_BR154_ZU_ASV1030_INVAM,Correct,Outdated,Wrong,Correct,NA
Dentiscutata_heterogama_BR154_ZUII_ASV1030_INVAM,Correct,Outdated,Wrong,Correct,NA
Dentiscutata_heterogama_BR154_ZU_ASV1033_INVAM,Correct,Outdated,Wrong,NA,NA
Dentiscutata_heterogama_BR154_ZUII_ASV1033_INVAM,Correct,Outdated,Wrong,NA,NA
Dentiscutata_heterogama_BR154_ZU_ASV1038_INVAM,Correct,Outdated,Wrong,NA,NA
Dentiscutata_heterogama_BR154_ZUII_ASV1038_INVAM,Correct,Outdated,Wrong,NA,NA
Dentiscutata_heterogama_BR154_ZU_ASV1047_INVAM,Correct,Outdated,NA,NA,NA
Dentiscutata_heterogama_BR154_ZUII_ASV1047_INVAM,Correct,Outdated,NA,NA,NA
Dentiscutata_heterogama_BR154_ZUII_ASV1158_INVAM,Correct,Outdated,Wrong,NA,NA
Dentiscutata_heterogama_BR154_ZU_ASV1162_INVAM,Correct,Outdated,Wrong,NA,NA
Dentiscutata_heterogama_BR154_ZU_ASV1163_INVAM,Correct,Outdated,Wrong,NA,NA
Dentiscutata_heterogama_BR154_ZU_ASV1166_INVAM,Correct,Outdated,Wrong,NA,NA
Gigaspora_rosea_BR155B_ZU_ASV1315_INVAM,Correct,Correct,Correct,Correct,NA
Gigaspora_rosea_BR155B_ZU_ASV1316_INVAM,Correct,Correct,Correct,Correct,NA
Gigaspora_rosea_BR155B_KU_ASV1317_INVAM,Correct,Correct,Correct,Correct,NA
Gigaspora_rosea_BR155B_KU_ASV1318_INVAM,Correct,Correct,Correct,Correct,Correct
Gigaspora_rosea_BR155B_KU_ASV1319_INVAM,Correct,Correct,Correct,Correct,Correct
Acaulospora_morrowiae_BR983A_ZU_ASV1028_INVAM,Correct,Correct,Correct,NA,NA
Acaulospora_morrowiae_BR983A_ZUII_ASV1028_INVAM,Correct,Correct,Correct,NA,NA
Archaeospora_schenckii_CL401_KU_ASV1137_INVAM,Correct,Correct,Correct,Correct,NA
Archaeospora_schenckii_CL401_KU_ASV1138_INVAM,Correct,Correct,Correct,Correct,NA
Entrophospora_lutea_CR308_ZUII_ASV1212_INVAM,Outdated,Outdated,Correct,Outdated,NA
Ambispora_leptoticha_CR312_ZUII_ASV1010_INVAM,Correct,Correct,Correct,Correct,NA
Ambispora_leptoticha_CR312_ZUII_ASV1023_INVAM,Correct,Correct,Correct,Correct,NA
Ambispora_leptoticha_CR312_ZUII_ASV1123_INVAM,Correct,Correct,Correct,Correct,NA
Ambispora_leptoticha_CR312_ZUII_ASV1124_INVAM,Correct,Correct,Correct,Correct,NA
Ambispora_leptoticha_CR312_ZUII_ASV1125_INVAM,Correct,Correct,Correct,Correct,NA
Paraglomus_occultum_CU126_ZUII_ASV1356_INVAM,Correct,Correct,NA,NA,NA
Paraglomus_occultum_CU126_ZUII_ASV1357_INVAM,Correct,Correct,NA,NA,NA
Gigaspora_rosea_FL105_11_KU_ASV1032_INVAM,Correct,Correct,Correct,Correct,Correct
Gigaspora_rosea_FL105_11_KU_ASV1320_INVAM,Correct,Correct,Correct,Correct,NA
Dentiscutata_heterogama_FL225_25_KU_ASV1171_INVAM,Correct,Outdated,Wrong,NA,NA
Acaulospora_kentinensis_FL709_10_KU_ASV1056_INVAM,Correct,Correct,NA,NA,NA
Paraglomus_brasilianum_FL710_19_KU_ASV1331_INVAM,Correct,Correct,Correct,Correct,NA
Paraglomus_brasilianum_FL710_19_KU_ASV1332_INVAM,Correct,Correct,Correct,Correct,NA
Paraglomus_brasilianum_FL710_19_KU_ASV1335_INVAM,Correct,Correct,Correct,Correct,NA
Dentiscutata_heterogama_FL728_KU_ASV1001_INVAM,Correct,Outdated,Wrong,NA,NA
Dentiscutata_heterogama_FL728_KU_ASV1168_INVAM,Correct,Outdated,Wrong,NA,NA
Dentiscutata_heterogama_FL728_KU_ASV1170_INVAM,Correct,Outdated,NA,NA,NA
Dentiscutata_heterogama_FL728_KU_ASV1172_INVAM,Correct,Outdated,Wrong,NA,NA
Dentiscutata_heterogama_FL728_KU_ASV1173_INVAM,Correct,Outdated,Wrong,NA,NA
Dentiscutata_heterogama_FL728_KU_ASV1174_INVAM,Correct,Outdated,Wrong,Correct,NA
Dentiscutata_heterogama_FL728_KU_ASV1175_INVAM,Correct,Outdated,Wrong,NA,NA
Rhizophagus_clarus_FL879N_KU_ASV1378_INVAM,Outdated,Outdated,Outdated,Correct,Correct
Rhizophagus_clarus_FL879N_KU_ASV1379_INVAM,Outdated,Outdated,Outdated,Correct,Correct
Rhizophagus_clarus_FL879N_KU_ASV1380_INVAM,Outdated,Outdated,Outdated,Correct,NA
Rhizophagus_clarus_FL879N_KU_ASV1381_INVAM,Outdated,Outdated,Outdated,Correct,Correct
Rhizophagus_clarus_FL879N_KU_ASV1384_INVAM,Outdated,Outdated,Outdated,Correct,NA
Rhizophagus_clarus_FL879N_KU_ASV1387_INVAM,Outdated,Outdated,Outdated,Correct,Correct
Rhizophagus_dimorphicus_FL912N_KU_ASV1391_INVAM,Outdated,Outdated,Outdated,NA,NA
Rhizophagus_dimorphicus_FL912N_KU_ASV1392_INVAM,Outdated,Outdated,Outdated,NA,NA
Rhizophagus_dimorphicus_FL912N_KU_ASV1393_INVAM,Outdated,Outdated,Outdated,NA,NA
Rhizophagus_dimorphicus_FL912N_KU_ASV1394_INVAM,Outdated,Outdated,Outdated,NA,NA
Rhizophagus_dimorphicus_FL912N_KU_ASV1395_INVAM,Outdated,Outdated,Outdated,NA,NA
Dentiscutata_heterogama_IL203A_ZU_ASV1001_INVAM,Correct,Outdated,Wrong,NA,NA
Dentiscutata_heterogama_IL203A_ZUII_ASV1001_INVAM,Correct,Outdated,Wrong,NA,NA
Dentiscutata_heterogama_IL203A_ZU_ASV1004_INVAM,Correct,Outdated,Wrong,NA,NA
Dentiscutata_heterogama_IL203A_ZUII_ASV1004_INVAM,Correct,Outdated,Wrong,NA,NA
Dentiscutata_heterogama_IL203A_ZU_ASV1009_INVAM,Correct,Outdated,Wrong,NA,NA
Dentiscutata_heterogama_IL203A_ZUII_ASV1009_INVAM,Correct,Outdated,Wrong,NA,NA
Dentiscutata_heterogama_IL203A_ZU_ASV1014_INVAM,Correct,Outdated,Wrong,NA,NA
Dentiscutata_heterogama_IL203A_ZUII_ASV1014_INVAM,Correct,Outdated,Wrong,NA,NA
Dentiscutata_heterogama_IL203A_ZU_ASV1031_INVAM,Correct,Outdated,Wrong,NA,NA
Dentiscutata_heterogama_IL203A_ZUII_ASV1031_INVAM,Correct,Outdated,Wrong,NA,NA
Dentiscutata_heterogama_IL203A_ZU_ASV1039_INVAM,Correct,Outdated,NA,NA,NA
Dentiscutata_heterogama_IL203A_ZUII_ASV1039_INVAM,Correct,Outdated,NA,NA,NA
Dentiscutata_heterogama_IL203A_ZU_ASV1049_INVAM,Correct,Outdated,Wrong,Correct,NA
Dentiscutata_heterogama_IL203A_ZUII_ASV1049_INVAM,Correct,Outdated,Wrong,Correct,NA
Dentiscutata_heterogama_IL203A_ZU_ASV1052_INVAM,Correct,Outdated,Wrong,NA,NA
Dentiscutata_heterogama_IL203A_ZUII_ASV1052_INVAM,Correct,Outdated,Wrong,NA,NA
Dentiscutata_heterogama_IL203A_ZU_ASV1054_INVAM,Correct,Outdated,Wrong,NA,NA
Dentiscutata_heterogama_IL203A_ZUII_ASV1054_INVAM,Correct,Outdated,Wrong,NA,NA
Scutellospora_calospora_IL209_ZU_ASV1415_INVAM,Correct,Correct,Outdated,Correct,NA
Scutellospora_calospora_IL209_ZU_ASV1416_INVAM,Correct,Correct,Outdated,Correct,NA
Scutellospora_calospora_IL209_ZU_ASV1417_INVAM,Correct,Correct,Outdated,Correct,NA
Scutellospora_calospora_IL209_ZU_ASV1418_INVAM,Correct,Correct,Outdated,Correct,NA
Scutellospora_calospora_IL209_ZU_ASV1419_INVAM,Correct,Correct,Outdated,Correct,NA
Scutellospora_calospora_IL209_ZU_ASV1420_INVAM,Correct,Correct,Outdated,Correct,NA
Scutellospora_calospora_IL209_ZU_ASV1421_INVAM,Correct,Correct,Outdated,Correct,NA
Scutellospora_calospora_IL209_ZU_ASV1422_INVAM,Correct,Correct,Outdated,Correct,NA
Gigaspora_sp._JAY1_KU_ASV1452_BeverSchultz,Correct,Correct,Correct,Correct,LSU_NA
Gigaspora_sp._JAY1_KU_ASV1453_BeverSchultz,Correct,Correct,Correct,Correct,LSU_NA
Diversispora_epigaea_KS210_ZU_ASV1179_INVAM,Correct,Correct,Correct,Correct,Correct
Diversispora_epigaea_KS210_ZU_ASV1180_INVAM,Correct,Correct,Correct,Correct,Correct
Diversispora_epigaea_KS210_ZU_ASV1181_INVAM,Correct,Correct,Correct,Correct,Correct
Diversispora_epigaea_KS212_ZU_ASV1187_INVAM,Correct,Correct,Correct,Correct,Correct
Gigaspora_gigantea_KS302_KU_ASV1304_INVAM,Correct,Correct,Correct,Correct,NA
Gigaspora_gigantea_KS302_KU_ASV1305_INVAM,Correct,Correct,Correct,Correct,NA
Gigaspora_gigantea_KS302_KU_ASV1306_INVAM,Correct,Correct,Correct,Correct,NA
Gigaspora_gigantea_KS302_KU_ASV1307_INVAM,Correct,Correct,Correct,Correct,NA
Gigaspora_rosea_KS885_ZUII_ASV1032_INVAM,Correct,Correct,Correct,Correct,Correct
Septoglomus_constrictum_KS890_KU_ASV1425_INVAM,Outdated,Outdated,Outdated,Correct,NA
Sclerocystis_sinuosus_MD126_KU_ASV1401_INVAM,Outdated,Outdated,Outdated,NA,NA
Sclerocystis_sinuosus_MD126_KU_ASV1402_INVAM,Outdated,Outdated,Outdated,NA,NA
Sclerocystis_sinuosus_MD126_KU_ASV1403_INVAM,Outdated,Outdated,Outdated,NA,NA
Sclerocystis_sinuosus_MD126_KU_ASV1404_INVAM,Outdated,Outdated,Outdated,NA,NA
Sclerocystis_sinuosus_MD126_KU_ASV1405_INVAM,Outdated,Outdated,Outdated,NA,NA
Sclerocystis_sinuosus_MD126_KU_ASV1406_INVAM,Outdated,Outdated,Outdated,NA,NA
Sclerocystis_sinuosus_MD126_KU_ASV1407_INVAM,Outdated,Outdated,Outdated,NA,NA
Funneliformis_coronatum_MR101_KU_ASV1218_INVAM,Outdated,Outdated,Outdated,Correct,NA
Funneliformis_coronatum_MR101_KU_ASV1219_INVAM,Outdated,Outdated,Outdated,Correct,NA
Funneliformis_coronatum_MR101_KU_ASV1220_INVAM,Outdated,Outdated,Outdated,Correct,NA
Funneliformis_coronatum_MR101_KU_ASV1221_INVAM,Outdated,Outdated,Outdated,Correct,NA
Funneliformis_coronatum_MR101_KU_ASV1222_INVAM,Outdated,Outdated,Outdated,Correct,NA
Funneliformis_coronatum_MR101_KU_ASV1223_INVAM,Outdated,Outdated,Outdated,Correct,NA
Funneliformis_coronatum_MR101_KU_ASV1224_INVAM,Outdated,Outdated,Outdated,Correct,Wrong
Funneliformis_coronatum_MR101_KU_ASV1225_INVAM,Outdated,Outdated,Outdated,Correct,NA
Ambispora_leptoticha_MT106_KU_ASV1010_INVAM,Correct,Correct,Correct,Correct,NA
Ambispora_leptoticha_MT106_KU_ASV1023_INVAM,Correct,Correct,Correct,Correct,NA
Ambispora_leptoticha_MT106_KU_ASV1119_INVAM,Correct,Correct,Correct,Correct,NA
Ambispora_leptoticha_MT106_KU_ASV1120_INVAM,Correct,Correct,Correct,Correct,NA
Ambispora_leptoticha_MT106_KU_ASV1121_INVAM,Correct,Correct,Correct,Correct,NA
Ambispora_leptoticha_MX982A_KU_ASV1126_INVAM,Correct,Correct,Correct,Correct,NA
Ambispora_leptoticha_MX982A_KU_ASV1127_INVAM,Correct,Correct,Correct,Correct,NA
Ambispora_leptoticha_MX982A_KU_ASV1128_INVAM,Correct,Correct,Correct,Correct,NA
Ambispora_leptoticha_MX982A_KU_ASV1129_INVAM,Correct,Correct,Correct,Correct,NA
Ambispora_leptoticha_MX982A_KU_ASV1130_INVAM,Correct,Correct,Correct,Correct,NA
Ambispora_leptoticha_MX982A_KU_ASV1131_INVAM,Correct,Correct,Correct,Correct,NA
Ambispora_leptoticha_MX982A_KU_ASV1132_INVAM,Correct,Correct,Correct,Correct,NA
Ambispora_leptoticha_MX982A_KU_ASV1133_INVAM,Correct,Correct,Correct,Correct,NA
Gigaspora_margarita_NC114B_KU_ASV1003_INVAM,Correct,Correct,Correct,Correct,Correct
Gigaspora_margarita_NC114B_KU_ASV1040_INVAM,Correct,Correct,Correct,Correct,Correct
Gigaspora_margarita_NC114B_KU_ASV1045_INVAM,Correct,Correct,Correct,Correct,Correct
Gigaspora_margarita_NC114B_KU_ASV1053_INVAM,Correct,Correct,Correct,Correct,Correct
Gigaspora_margarita_NC114B_KU_ASV1310_INVAM,Correct,Correct,Correct,Correct,Correct
Racocetra_gregaria_NC210_KU_ASV1370_INVAM,Correct,Outdated,NA,NA,NA
Racocetra_gregaria_NC210_KU_ASV1371_INVAM,Correct,Outdated,NA,NA,NA
Septoglomus_deserticola_NC302A_ZUII_ASV1438_INVAM,Outdated,Outdated,Outdated,Correct,NA
Septoglomus_deserticola_NC302A_ZUII_ASV1440_INVAM,Outdated,Outdated,Outdated,Correct,NA
Septoglomus_deserticola_NC302A_ZUII_ASV1441_INVAM,Outdated,Outdated,Outdated,Correct,NA
Funneliformis_mosseae_NC302C_KU_ASV1255_INVAM,Outdated,Outdated,Outdated,Correct,Correct
Funneliformis_mosseae_NC302C_KU_ASV1258_INVAM,Outdated,Outdated,Outdated,Correct,NA
Funneliformis_mosseae_NC302C_KU_ASV1259_INVAM,Outdated,Outdated,Outdated,Correct,NA
Funneliformis_mosseae_NC302C_KU_ASV1261_INVAM,Outdated,Outdated,Outdated,Correct,NA
Funneliformis_mosseae_NC302C_KU_ASV1266_INVAM,Outdated,Outdated,Outdated,Correct,NA
Funneliformis_mosseae_NC302C_KU_ASV1269_INVAM,Outdated,Outdated,Outdated,Correct,Correct
Funneliformis_mosseae_NC302C_KU_ASV1271_INVAM,Outdated,Outdated,Outdated,Correct,NA
Funneliformis_mosseae_NC302C_KU_ASV1275_INVAM,Outdated,Outdated,Outdated,Correct,Correct
Funneliformis_mosseae_NC302C_KU_ASV1278_INVAM,Outdated,Outdated,Outdated,Correct,Correct
Funneliformis_mosseae_NC302C_KU_ASV1279_INVAM,Outdated,Outdated,Outdated,Correct,Correct
Funneliformis_mosseae_NC302C_KU_ASV1280_INVAM,Outdated,Outdated,Outdated,Correct,Correct
Funneliformis_mosseae_NC302C_KU_ASV1282_INVAM,Outdated,Outdated,Outdated,Correct,NA
Funneliformis_mosseae_NC302C_KU_ASV1284_INVAM,Outdated,Outdated,Outdated,Correct,Correct
Funneliformis_mosseae_NC302C_KU_ASV1288_INVAM,Outdated,Outdated,Outdated,Correct,NA
Ambispora_gerdemannii_ON205A_ZU_ASV1000_INVAM,Correct,Correct,Correct,Correct,NA
Ambispora_gerdemannii_ON205A_ZUII_ASV1000_INVAM,Correct,Correct,Correct,Correct,NA
Ambispora_gerdemannii_ON205A_ZU_ASV1013_INVAM,Correct,Correct,Correct,Correct,NA
Ambispora_gerdemannii_ON205A_ZUII_ASV1013_INVAM,Correct,Correct,Correct,Correct,NA
Ambispora_gerdemannii_ON205A_ZU_ASV1043_INVAM,Correct,Correct,Correct,Correct,NA
Ambispora_gerdemannii_ON205A_ZUII_ASV1043_INVAM,Correct,Correct,Correct,Correct,NA
Ambispora_gerdemannii_ON205A_ZU_ASV1116_INVAM,Correct,Correct,Correct,Correct,NA
Ambispora_gerdemannii_ON205A_ZU_ASV1117_INVAM,Correct,Correct,Correct,Correct,NA
Ambispora_gerdemannii_ON205A_ZU_ASV1118_INVAM,Correct,Correct,Correct,Correct,NA
Funneliformis_caledonium_P1-bc1008-81-s114_STFP_ASV2162_CCAMF,Outdated,Outdated,Outdated,Correct,Correct
Funneliformis_caledonium_P1-bc1008-81-s129_STFP_ASV2161_CCAMF,Outdated,Outdated,Outdated,Correct,Correct
Funneliformis_caledonium_P1-bc1008-81-s59_STFP_ASV2168_CCAMF,Outdated,Outdated,Outdated,Correct,Correct
Funneliformis_caledonium_P1-bc1008-81-s61_STFP_ASV2169_CCAMF,Outdated,Outdated,Outdated,Correct,Correct
Funneliformis_caledonium_P1-bc1008-81-s73_STFP_ASV2163_CCAMF,Outdated,Outdated,Outdated,Correct,NA
Rhizophagus_irregularis_P1-bc1013-1002-s58_STFP_ASV2427_CCAMF,Outdated,Outdated,Outdated,NA,NA
Rhizophagus_irregularis_P1-bc1013-1002-s78_STFP_ASV2000_CCAMF,Outdated,Outdated,Outdated,Correct,Correct
Rhizophagus_silesianus_P1-bc1015-ECU32-s117_STFP_ASV2482_CCAMF,Outdated,Outdated,Outdated,NA,NA
Rhizophagus_silesianus_P1-bc1015-ECU32-s120_STFP_ASV2485_CCAMF,Outdated,Outdated,Outdated,NA,NA
Rhizophagus_silesianus_P1-bc1015-ECU32-s151_STFP_ASV2478_CCAMF,Outdated,Outdated,Outdated,NA,NA
Rhizophagus_silesianus_P1-bc1015-ECU32-s30_STFP_ASV2479_CCAMF,Outdated,Outdated,Outdated,NA,NA
Rhizophagus_silesianus_P1-bc1015-ECU32-s33_STFP_ASV2486_CCAMF,Outdated,Outdated,Outdated,NA,NA
Rhizophagus_silesianus_P1-bc1015-ECU32-s43_STFP_ASV2483_CCAMF,Outdated,Outdated,Outdated,NA,NA
Rhizophagus_silesianus_P1-bc1015-ECU32-s46_STFP_ASV2484_CCAMF,Outdated,Outdated,Outdated,NA,NA
Rhizophagus_intraradices_P1-bc1017-FL208-s127_STFP_ASV2489_CCAMF,Outdated,Outdated,Outdated,Outdated,Correct
Rhizophagus_intraradices_P1-bc1017-FL208-s138_STFP_ASV2018_CCAMF,Outdated,Outdated,Outdated,Outdated,Correct
Rhizophagus_intraradices_P1-bc1017-FL208-s69_STFP_ASV2040_CCAMF,Outdated,Outdated,Outdated,NA,NA
Rhizophagus_intraradices_P1-bc1017-FL208-s86_STFP_ASV2111_CCAMF,Outdated,Outdated,Outdated,Outdated,Correct
Rhizophagus_sp._P1-bc1018-212607-s18_STFP_ASV2104_CCAMF,Outdated,Outdated,Outdated,Correct,LSU_NA
Rhizophagus_sp._P1-bc1018-212607-s20_STFP_ASV2490_CCAMF,Outdated,Outdated,Outdated,NA,LSU_NA
Rhizophagus_sp._P1-bc1018-212607-s208_STFP_ASV2095_CCAMF,Outdated,Outdated,Outdated,NA,LSU_NA
Rhizophagus_sp._P1-bc1018-212607-s28_STFP_ASV2491_CCAMF,Outdated,Outdated,Outdated,NA,LSU_NA
Rhizophagus_sp._P1-bc1018-212607-s30_STFP_ASV2492_CCAMF,Outdated,Outdated,Outdated,NA,LSU_NA
Rhizophagus_sp._P1-bc1018-212607-s438_STFP_ASV2042_CCAMF,Outdated,Outdated,Outdated,NA,LSU_NA
Rhizophagus_sp._P1-bc1018-212607-s817_STFP_ASV2110_CCAMF,Outdated,Outdated,Outdated,NA,LSU_NA
Rhizophagus_irregularis_P1-bc1019-SD-s118_STFP_ASV2438_CCAMF,Outdated,Outdated,Outdated,Correct,Correct
Rhizophagus_irregularis_P1-bc1019-SD-s120_STFP_ASV2439_CCAMF,Outdated,Outdated,Outdated,Correct,Correct
Rhizophagus_irregularis_P1-bc1019-SD-s136_STFP_ASV2104_CCAMF,Outdated,Outdated,Outdated,Correct,NA
Rhizophagus_irregularis_P1-bc1019-SD-s141_STFP_ASV2437_CCAMF,Outdated,Outdated,Outdated,Correct,Correct
Oehlia_diaphana_P1-bc1020-JS-s32_STFP_ASV2504_CCAMF,Outdated,Outdated,Outdated,NA,NA
Oehlia_diaphana_P1-bc1020-JS-s33_STFP_ASV2509_CCAMF,Outdated,Outdated,Outdated,NA,NA
Oehlia_diaphana_P1-bc1020-JS-s36_STFP_ASV2013_CCAMF,Outdated,LSU_NA,Outdated,LSU_NA,NA
Oehlia_diaphana_P1-bc1020-JS-s42_STFP_ASV2508_CCAMF,Outdated,Outdated,Outdated,NA,NA
Oehlia_diaphana_P1-bc1020-JS-s55_STFP_ASV2502_CCAMF,Outdated,Outdated,Outdated,NA,NA
Oehlia_diaphana_P1-bc1020-JS-s58_STFP_ASV2493_CCAMF,Outdated,Outdated,Outdated,NA,NA
Rhizophagus_irregularis_P1-bc1021-T3-s133_STFP_ASV2425_CCAMF,Outdated,Outdated,Outdated,Correct,Correct
Rhizophagus_irregularis_P1-bc1021-T3-s222_STFP_ASV2434_CCAMF,Outdated,Outdated,Outdated,Correct,NA
Rhizophagus_irregularis_P1-bc1021-T3-s71_STFP_ASV2436_CCAMF,Outdated,Outdated,Outdated,NA,NA
Rhizophagus_irregularis_P1-bc1021-T3-s78_STFP_ASV2428_CCAMF,Outdated,Outdated,Outdated,NA,NA
Rhizophagus_irregularis_P1-bc1023-4341-s108_STFP_ASV2107_CCAMF,Outdated,Outdated,Outdated,NA,NA
Rhizophagus_irregularis_P1-bc1023-4341-s116_STFP_ASV2000_CCAMF,Outdated,Outdated,Outdated,Correct,Correct
Rhizophagus_irregularis_P1-bc1023-4341-s394_STFP_ASV2076_CCAMF,Outdated,Outdated,Outdated,NA,NA
Rhizophagus_irregularis_P1-bc1023-4341-s51_STFP_ASV2047_CCAMF,Outdated,Outdated,Outdated,NA,NA
Rhizophagus_irregularis_P1-bc1024-4348-s101_STFP_ASV2000_CCAMF,Outdated,Outdated,Outdated,Correct,Correct
Rhizophagus_irregularis_P1-bc1024-4348-s182_STFP_ASV2107_CCAMF,Outdated,Outdated,Outdated,NA,NA
Rhizophagus_irregularis_P1-bc1024-4348-s548_STFP_ASV2076_CCAMF,Outdated,Outdated,Outdated,NA,NA
Rhizophagus_irregularis_P1-bc1024-4348-s82_STFP_ASV2047_CCAMF,Outdated,Outdated,Outdated,NA,NA
Rhizophagus_irregularis_P1-bc1026-1454-s107_STFP_ASV2063_CCAMF,Outdated,Outdated,Outdated,NA,NA
Rhizophagus_irregularis_P1-bc1026-1454-s115_STFP_ASV2433_CCAMF,Outdated,Outdated,Outdated,NA,NA
Rhizophagus_irregularis_P1-bc1026-1454-s178_STFP_ASV2015_CCAMF,Outdated,Outdated,Outdated,NA,NA
Rhizophagus_irregularis_P1-bc1026-1454-s271_STFP_ASV2030_CCAMF,Outdated,Outdated,Outdated,NA,NA
Rhizophagus_irregularis_P1-bc1026-1454-s285_STFP_ASV2000_CCAMF,Outdated,Outdated,Outdated,Correct,Correct
Diversispora_eburnea_P1-bc1027-1384-s155_STFP_ASV2522_CCAMF,Correct,Correct,Correct,Correct,NA
Diversispora_eburnea_P1-bc1027-1384-s167_STFP_ASV2519_CCAMF,Correct,Correct,Correct,Correct,NA
Diversispora_eburnea_P1-bc1027-1384-s202_STFP_ASV2532_CCAMF,Correct,Correct,Correct,Correct,NA
Diversispora_eburnea_P1-bc1027-1384-s218_STFP_ASV2531_CCAMF,Correct,Correct,Correct,Correct,NA
Diversispora_eburnea_P1-bc1027-1384-s471_STFP_ASV2518_CCAMF,Correct,Correct,Correct,Correct,NA
Acaulospora_morrowiae_P1-bc1034-993-s105_STFP_ASV2601_CCAMF,Correct,Correct,Correct,NA,NA
Acaulospora_morrowiae_P1-bc1034-993-s53_STFP_ASV2603_CCAMF,Correct,Correct,Correct,NA,NA
Acaulospora_morrowiae_P1-bc1034-993-s90_STFP_ASV2602_CCAMF,Correct,Correct,Correct,NA,NA
Oehlia_diaphana_P1-bc1039-976-2_STFP_ASV2505_CCAMF,Outdated,Outdated,Outdated,NA,NA
Oehlia_diaphana_P1-bc1039-976-s37_STFP_ASV2045_CCAMF,Outdated,Outdated,Outdated,NA,NA
Oehlia_diaphana_P1-bc1039-976-s38_STFP_ASV2510_CCAMF,Outdated,Outdated,Outdated,NA,NA
Oehlia_diaphana_P1-bc1039-976-s40_STFP_ASV2494_CCAMF,Outdated,Outdated,Outdated,NA,NA
Oehlia_diaphana_P1-bc1039-976-s46_STFP_ASV2495_CCAMF,Outdated,LSU_NA,Outdated,LSU_NA,NA
Oehlia_diaphana_P1-bc1039-976-s47_STFP_ASV2506_CCAMF,Outdated,Outdated,Outdated,NA,NA
Oehlia_diaphana_P1-bc1039-976-s75_STFP_ASV2514_CCAMF,Outdated,Outdated,Outdated,NA,NA
Funneliformis_coronatum_P1-bc1040-974-s104_STFP_ASV2181_CCAMF,Outdated,Outdated,Outdated,Correct,NA
Funneliformis_coronatum_P1-bc1040-974-s113_STFP_ASV2179_CCAMF,Outdated,Outdated,Outdated,Correct,NA
Funneliformis_coronatum_P1-bc1040-974-s133_STFP_ASV2180_CCAMF,Outdated,Outdated,Outdated,Correct,NA
Funneliformis_coronatum_P1-bc1040-974-s201_STFP_ASV2178_CCAMF,Outdated,Outdated,Outdated,Correct,NA
Funneliformis_coronatum_P1-bc1040-974-s84_STFP_ASV2182_CCAMF,Outdated,Outdated,Outdated,Correct,NA
Diversispora_varaderana_P1-bc1042-903-s103_STFP_ASV2039_CCAMF,Correct,Correct,Correct,Correct,NA
Diversispora_varaderana_P1-bc1042-903-s108_STFP_ASV2086_CCAMF,Correct,Correct,Correct,Correct,NA
Diversispora_varaderana_P1-bc1042-903-s245_STFP_ASV2028_CCAMF,Correct,Correct,Correct,Correct,NA
Diversispora_varaderana_P1-bc1042-903-s76_STFP_ASV2578_CCAMF,Correct,Correct,Correct,Correct,NA
Acaulospora_morrowiae_P1-bc1043-845-s139_STFP_ASV2606_CCAMF,Correct,Correct,Correct,NA,NA
Acaulospora_morrowiae_P1-bc1043-845-s152_STFP_ASV2604_CCAMF,Correct,Correct,Correct,NA,NA
Acaulospora_morrowiae_P1-bc1043-845-s60_STFP_ASV2610_CCAMF,Correct,Correct,Correct,NA,NA
Acaulospora_morrowiae_P1-bc1043-845-s75_STFP_ASV2608_CCAMF,Correct,Correct,Correct,NA,NA
Acaulospora_morrowiae_P1-bc1043-845-s82_STFP_ASV2609_CCAMF,Correct,Correct,Correct,NA,NA
Acaulospora_morrowiae_P1-bc1043-845-s85_STFP_ASV2605_CCAMF,Correct,Correct,Correct,NA,NA
Acaulospora_morrowiae_P1-bc1043-845-s93_STFP_ASV2607_CCAMF,Correct,Correct,Correct,NA,NA
Funneliformis_geosporum_P1-bc1048-738-s123_STFP_ASV2171_CCAMF,Outdated,Outdated,Outdated,NA,NA
Funneliformis_geosporum_P1-bc1048-738-s177_STFP_ASV2170_CCAMF,Outdated,Outdated,Outdated,NA,NA
Funneliformis_geosporum_P1-bc1048-738-s61_STFP_ASV2174_CCAMF,Outdated,Outdated,Outdated,NA,NA
Funneliformis_geosporum_P1-bc1048-738-s70_STFP_ASV2172_CCAMF,Outdated,Outdated,Outdated,NA,NA
Funneliformis_geosporum_P1-bc1048-738-s75_STFP_ASV2173_CCAMF,Outdated,Outdated,Outdated,NA,NA
Cetraspora_gilmorei_P1-bc1049-651-s138_STFP_ASV2616_CCAMF,Correct,Outdated,Wrong,Correct,NA
Cetraspora_gilmorei_P1-bc1049-651-s149_STFP_ASV2615_CCAMF,Correct,Outdated,Wrong,Correct,NA
Cetraspora_gilmorei_P1-bc1049-651-s243_STFP_ASV2612_CCAMF,Correct,Outdated,Wrong,Correct,NA
Cetraspora_gilmorei_P1-bc1049-651-s297_STFP_ASV2611_CCAMF,Correct,Outdated,Wrong,Correct,NA
Cetraspora_gilmorei_P1-bc1049-651-s99_STFP_ASV2613_CCAMF,Correct,Outdated,Wrong,Correct,NA
Cetraspora_gilmorei_P1-bc1053-605-s101_STFP_ASV2619_CCAMF,Correct,Outdated,Wrong,Correct,NA
Cetraspora_gilmorei_P1-bc1053-605-s163_STFP_ASV2618_CCAMF,Correct,Outdated,Wrong,Correct,NA
Cetraspora_gilmorei_P1-bc1053-605-s173_STFP_ASV2617_CCAMF,Correct,Outdated,Wrong,Correct,NA
Cetraspora_gilmorei_P1-bc1053-605-s193_STFP_ASV2624_CCAMF,Correct,Outdated,Wrong,Correct,NA
Cetraspora_gilmorei_P1-bc1053-605-s255_STFP_ASV2620_CCAMF,Correct,Outdated,Wrong,Correct,NA
Gigaspora_rosea_P1-bc1055-590-s57_STFP_ASV2009_CCAMF,Correct,Correct,Correct,Correct,NA
Gigaspora_rosea_P1-bc1055-590-s74_STFP_ASV2627_CCAMF,Correct,Correct,Correct,Correct,Correct
Diversispora_eburnea_P1-bc1059-529-2_STFP_ASV2524_CCAMF,Correct,Correct,Correct,Correct,NA
Diversispora_eburnea_P1-bc1059-529-s114_STFP_ASV2527_CCAMF,Correct,Correct,Correct,Correct,NA
Diversispora_eburnea_P1-bc1059-529-s123_STFP_ASV2529_CCAMF,Correct,Correct,Correct,Correct,NA
Diversispora_eburnea_P1-bc1059-529-s134_STFP_ASV2525_CCAMF,Correct,Correct,Correct,Correct,NA
Diversispora_eburnea_P1-bc1059-529-s161_STFP_ASV2520_CCAMF,Correct,Correct,Correct,Correct,NA
Diversispora_eburnea_P1-bc1059-529-s173_STFP_ASV2523_CCAMF,Correct,Correct,Correct,Correct,NA
Diversispora_eburnea_P1-bc1059-529-s23_STFP_ASV2530_CCAMF,Correct,Correct,Correct,Correct,NA
Diversispora_eburnea_P1-bc1059-529-s29_STFP_ASV2521_CCAMF,Correct,Correct,Correct,Correct,NA
Diversispora_eburnea_P1-bc1059-529-s36_STFP_ASV2526_CCAMF,Correct,Correct,Correct,Correct,NA
Diversispora_eburnea_P1-bc1059-529-s37_STFP_ASV2528_CCAMF,Correct,Correct,Correct,Correct,NA
Funneliformis_geosporum_P1-bc1064-518-s125_STFP_ASV2175_CCAMF,Outdated,Outdated,Outdated,NA,NA
Funneliformis_geosporum_P1-bc1064-518-s87_STFP_ASV2177_CCAMF,Outdated,Outdated,Outdated,NA,NA
Funneliformis_geosporum_P1-bc1064-518-s89_STFP_ASV2176_CCAMF,Outdated,Outdated,Outdated,NA,NA
Gigaspora_rosea_P1-bc1066-506-s103_STFP_ASV2638_CCAMF,Correct,Correct,Correct,Correct,NA
Gigaspora_rosea_P1-bc1066-506-s123_STFP_ASV2640_CCAMF,Correct,Correct,Correct,Correct,NA
Gigaspora_rosea_P1-bc1066-506-s126_STFP_ASV2637_CCAMF,Correct,Correct,Correct,Correct,NA
Gigaspora_rosea_P1-bc1066-506-s155_STFP_ASV2644_CCAMF,Correct,Correct,Correct,Correct,Wrong
Gigaspora_rosea_P1-bc1066-506-s280_STFP_ASV2639_CCAMF,Correct,Correct,Correct,Correct,NA
Gigaspora_rosea_P1-bc1066-506-s66_STFP_ASV2645_CCAMF,Correct,Correct,Correct,Correct,Wrong
Cetraspora_gilmorei_P1-bc1067-501-s117_STFP_ASV2033_CCAMF,Correct,Outdated,Wrong,Correct,NA
Cetraspora_gilmorei_P1-bc1067-501-s91_STFP_ASV2066_CCAMF,Correct,Outdated,Wrong,Correct,NA
Funneliformis_caledonium_P1-bc1068-498-s107_STFP_ASV2166_CCAMF,Outdated,Outdated,Outdated,Correct,Correct
Funneliformis_caledonium_P1-bc1068-498-s138_STFP_ASV2164_CCAMF,Outdated,Outdated,Outdated,Correct,Correct
Funneliformis_caledonium_P1-bc1068-498-s68_STFP_ASV2165_CCAMF,Outdated,Outdated,Outdated,Correct,Correct
Funneliformis_caledonium_P1-bc1068-498-s70_STFP_ASV2167_CCAMF,Outdated,Outdated,Outdated,Correct,Correct
Diversispora_celata_P1-bc1069-487-s162_STFP_ASV2536_CCAMF,Correct,Correct,Correct,Correct,NA
Diversispora_celata_P1-bc1069-487-s169_STFP_ASV2537_CCAMF,Correct,Correct,Correct,Correct,NA
Diversispora_celata_P1-bc1069-487-s177_STFP_ASV2535_CCAMF,Correct,Correct,Correct,Correct,NA
Diversispora_celata_P1-bc1069-487-s218_STFP_ASV2534_CCAMF,Correct,Correct,Correct,Correct,NA
Diversispora_celata_P1-bc1069-487-s224_STFP_ASV2533_CCAMF,Correct,Correct,Correct,Correct,NA
Funneliformis_mosseae_P1-bc1070-483-s121_STFP_ASV2204_CCAMF,Outdated,Outdated,Outdated,Correct,Correct
Funneliformis_mosseae_P1-bc1070-483-s156_STFP_ASV2206_CCAMF,Outdated,Outdated,Outdated,Correct,Correct
Funneliformis_mosseae_P1-bc1070-483-s212_STFP_ASV2203_CCAMF,Outdated,Outdated,Outdated,Correct,Correct
Funneliformis_mosseae_P1-bc1070-483-s313_STFP_ASV2202_CCAMF,Outdated,Outdated,Outdated,Correct,Correct
Funneliformis_mosseae_P1-bc1070-483-s94_STFP_ASV2205_CCAMF,Outdated,Outdated,Outdated,Correct,Correct
Paraglomus_sp._P1-bc1079-1319-s1510_STFP_ASV2023_CCAMF,Correct,Correct,Correct,Correct,LSU_NA
Paraglomus_sp._P1-bc1079-1319-s188_STFP_ASV2037_CCAMF,Correct,Correct,Correct,Correct,LSU_NA
Paraglomus_sp._P1-bc1079-1319-s30_STFP_ASV2665_CCAMF,Correct,Correct,Correct,Correct,LSU_NA
Paraglomus_brasilianum_P1-bc1080-1306-s1963_STFP_ASV2663_CCAMF,Correct,Correct,Correct,Correct,Correct
Paraglomus_brasilianum_P1-bc1082-1203-s38_STFP_ASV2662_CCAMF,Correct,Correct,Correct,Correct,NA
Gigaspora_rosea_P1-bc1084-1155-s54_STFP_ASV2646_CCAMF,Correct,Wrong,Correct,Correct,Wrong
Gigaspora_rosea_P1-bc1084-1155-s60_STFP_ASV2098_CCAMF,Correct,Correct,Correct,Correct,Correct
Gigaspora_rosea_P1-bc1084-1155-s78_STFP_ASV2050_CCAMF,Correct,Correct,Correct,Correct,NA
Rhizophagus_irregularis_P1-bc1089-1105-s178_STFP_ASV2463_CCAMF,Outdated,Outdated,Outdated,Correct,Correct
Rhizophagus_irregularis_P1-bc1089-1105-s219_STFP_ASV2063_CCAMF,Outdated,Outdated,Outdated,NA,NA
Rhizophagus_irregularis_P1-bc1089-1105-s253_STFP_ASV2015_CCAMF,Outdated,Outdated,Outdated,NA,NA
Rhizophagus_irregularis_P1-bc1089-1105-s260_STFP_ASV2000_CCAMF,Outdated,Outdated,Outdated,Correct,Correct
Rhizophagus_irregularis_P1-bc1089-1105-s387_STFP_ASV2030_CCAMF,Outdated,Outdated,Outdated,NA,NA
Ambispora_callosa_P1-bc1090-1100-s200_STFP_ASV2651_CCAMF,Correct,Correct,Correct,Correct,NA
Ambispora_callosa_P1-bc1090-1100-s28_STFP_ASV2660_CCAMF,Correct,Correct,Correct,Correct,NA
Ambispora_callosa_P1-bc1090-1100-s30_STFP_ASV2659_CCAMF,Correct,Correct,Correct,Correct,NA
Ambispora_callosa_P1-bc1090-1100-s319_STFP_ASV2021_CCAMF,Correct,Correct,Correct,Correct,NA
Ambispora_callosa_P1-bc1090-1100-s52_STFP_ASV2048_CCAMF,Correct,Correct,Correct,Correct,NA
Ambispora_callosa_P1-bc1090-1100-s65_STFP_ASV2035_CCAMF,Correct,Correct,Correct,Correct,NA
Ambispora_callosa_P1-bc1090-1100-s66_STFP_ASV2655_CCAMF,Correct,Correct,Correct,Correct,NA
Cetraspora_gilmorei_P1-bc1091-1080-s133_STFP_ASV2066_CCAMF,Correct,Outdated,Wrong,Correct,NA
Cetraspora_gilmorei_P1-bc1091-1080-s137_STFP_ASV2055_CCAMF,Correct,Outdated,Wrong,Correct,NA
Cetraspora_gilmorei_P1-bc1091-1080-s180_STFP_ASV2089_CCAMF,Correct,Outdated,Wrong,Correct,NA
Cetraspora_gilmorei_P1-bc1091-1080-s275_STFP_ASV2033_CCAMF,Correct,Outdated,Wrong,Correct,NA
Cetraspora_gilmorei_P1-bc1091-1080-s282_STFP_ASV2075_CCAMF,Correct,Outdated,Wrong,Correct,NA
Cetraspora_gilmorei_P1-bc1091-1080-s31_STFP_ASV2043_CCAMF,Correct,Outdated,Wrong,Correct,NA
Cetraspora_gilmorei_P1-bc1091-1080-s32_STFP_ASV2614_CCAMF,Correct,Outdated,Wrong,Correct,NA
Cetraspora_gilmorei_P1-bc1091-1080-s33_STFP_ASV2025_CCAMF,Correct,Outdated,Wrong,Correct,NA
Cetraspora_gilmorei_P1-bc1091-1080-s55_STFP_ASV2078_CCAMF,Correct,Outdated,Wrong,Correct,NA
Cetraspora_gilmorei_P1-bc1091-1080-s80_STFP_ASV2002_CCAMF,Correct,Outdated,Wrong,Correct,NA
Rhizophagus_irregularis_P1-bc1096-CC4-s152_STFP_ASV2435_CCAMF,Outdated,Outdated,Outdated,Correct,NA
Rhizophagus_irregularis_P1-bc1096-CC4-s161_STFP_ASV2426_CCAMF,Outdated,Outdated,Outdated,Correct,Correct
Rhizophagus_irregularis_P1-bc1096-CC4-s162_STFP_ASV2430_CCAMF,Outdated,Outdated,Outdated,NA,NA
Rhizophagus_irregularis_P1-bc1096-CC4-s53_STFP_ASV2429_CCAMF,Outdated,Outdated,Outdated,NA,NA
Funneliformis_mosseae_P2-bc1001-314-s1051_STFP_ASV2220_CCAMF,Outdated,Outdated,Outdated,Correct,NA
Funneliformis_mosseae_P2-bc1001-314-s2024_STFP_ASV2254_CCAMF,Outdated,Outdated,Outdated,Correct,Correct
Funneliformis_mosseae_P2-bc1001-314-s369_STFP_ASV2208_CCAMF,Outdated,Outdated,Outdated,Correct,NA
Funneliformis_mosseae_P2-bc1001-314-s406_STFP_ASV2222_CCAMF,Outdated,Outdated,Outdated,Correct,NA
Funneliformis_mosseae_P2-bc1001-314-s452_STFP_ASV2209_CCAMF,Outdated,Outdated,Outdated,Correct,NA
Funneliformis_mosseae_P2-bc1001-314-s462_STFP_ASV2212_CCAMF,Outdated,Outdated,Outdated,Correct,NA
Funneliformis_mosseae_P2-bc1001-314-s4798_STFP_ASV2207_CCAMF,Outdated,Outdated,Outdated,Correct,NA
Funneliformis_mosseae_P2-bc1001-314-s765_STFP_ASV2255_CCAMF,Outdated,Outdated,Outdated,Correct,NA
Funneliformis_mosseae_P2-bc1001-314-s988_STFP_ASV2221_CCAMF,Outdated,Outdated,Outdated,Correct,NA
Funneliformis_mosseae_P2-bc1003-398-s1153_STFP_ASV2275_CCAMF,Outdated,Outdated,Outdated,Correct,NA
Funneliformis_mosseae_P2-bc1003-398-s145_STFP_ASV2239_CCAMF,Outdated,Outdated,Outdated,Correct,Correct
Funneliformis_mosseae_P2-bc1003-398-s150_STFP_ASV2278_CCAMF,Outdated,Outdated,Outdated,Correct,NA
Funneliformis_mosseae_P2-bc1003-398-s156_STFP_ASV2240_CCAMF,Outdated,Outdated,Outdated,Correct,Correct
Funneliformis_mosseae_P2-bc1003-398-s170_STFP_ASV2238_CCAMF,Outdated,Outdated,Outdated,Correct,Correct
Funneliformis_mosseae_P2-bc1003-398-s176_STFP_ASV2237_CCAMF,Outdated,Outdated,Outdated,Correct,Correct
Funneliformis_mosseae_P2-bc1003-398-s1825_STFP_ASV2274_CCAMF,Outdated,Outdated,Outdated,Correct,NA
Funneliformis_mosseae_P2-bc1003-398-s268_STFP_ASV2276_CCAMF,Outdated,Outdated,Outdated,Correct,NA
Funneliformis_mosseae_P2-bc1003-398-s632_STFP_ASV2277_CCAMF,Outdated,Outdated,Outdated,Correct,NA
Funneliformis_coronatum_P2-bc1004-402-s165_STFP_ASV2199_CCAMF,Outdated,Outdated,Outdated,Correct,NA
Funneliformis_coronatum_P2-bc1004-402-s174_STFP_ASV2198_CCAMF,Outdated,Outdated,Outdated,Correct,NA
Funneliformis_coronatum_P2-bc1004-402-s176_STFP_ASV2197_CCAMF,Outdated,Outdated,Outdated,Correct,NA
Funneliformis_coronatum_P2-bc1004-402-s182_STFP_ASV2196_CCAMF,Outdated,Outdated,Outdated,Correct,NA
Funneliformis_coronatum_P2-bc1004-402-s206_STFP_ASV2195_CCAMF,Outdated,Outdated,Outdated,Correct,NA
Funneliformis_coronatum_P2-bc1004-402-s2396_STFP_ASV2194_CCAMF,Outdated,Outdated,Outdated,Correct,NA
Funneliformis_coronatum_P2-bc1004-402-s300_STFP_ASV2200_CCAMF,Outdated,Outdated,Outdated,Correct,NA
Funneliformis_coronatum_P2-bc1004-402-s439_STFP_ASV2201_CCAMF,Outdated,Outdated,Outdated,Correct,NA
Funneliformis_coronatum_P2-bc1005-405-s1117_STFP_ASV2186_CCAMF,Outdated,Outdated,Outdated,Correct,NA
Funneliformis_coronatum_P2-bc1005-405-s1335_STFP_ASV2185_CCAMF,Outdated,Outdated,Outdated,Correct,NA
Funneliformis_coronatum_P2-bc1005-405-s1546_STFP_ASV2183_CCAMF,Outdated,Outdated,Outdated,Correct,NA
Funneliformis_coronatum_P2-bc1005-405-s176_STFP_ASV2184_CCAMF,Outdated,Outdated,Outdated,Correct,NA
Funneliformis_coronatum_P2-bc1005-405-s181_STFP_ASV2187_CCAMF,Outdated,Outdated,Outdated,Correct,NA
Funneliformis_coronatum_P2-bc1005-405-s195_STFP_ASV2188_CCAMF,Outdated,Outdated,Outdated,Correct,NA
Funneliformis_coronatum_P2-bc1005-405-s794_STFP_ASV2189_CCAMF,Outdated,Outdated,Outdated,Correct,NA
Gigaspora_rosea_P2-bc1006-407-s1076_STFP_ASV2632_CCAMF,Correct,Correct,Correct,Correct,NA
Gigaspora_rosea_P2-bc1006-407-s381_STFP_ASV2641_CCAMF,Correct,Correct,Correct,Correct,NA
Gigaspora_rosea_P2-bc1006-407-s54_STFP_ASV2635_CCAMF,Correct,Correct,Correct,Correct,NA
Gigaspora_rosea_P2-bc1006-407-s66_STFP_ASV2633_CCAMF,Correct,Correct,Correct,Correct,NA
Gigaspora_rosea_P2-bc1006-407-s920_STFP_ASV2636_CCAMF,Correct,Correct,Correct,Correct,NA
Gigaspora_rosea_P2-bc1006-407-s939_STFP_ASV2634_CCAMF,Correct,Correct,Correct,Correct,NA
Funneliformis_coronatum_P2-bc1007-408-s13291_STFP_ASV2190_CCAMF,Outdated,Outdated,Outdated,Correct,NA
Funneliformis_coronatum_P2-bc1007-408-s3658_STFP_ASV2191_CCAMF,Outdated,Outdated,Outdated,Correct,NA
Funneliformis_coronatum_P2-bc1007-408-s401_STFP_ASV2193_CCAMF,Outdated,Outdated,Outdated,Correct,NA
Funneliformis_coronatum_P2-bc1007-408-s524_STFP_ASV2192_CCAMF,Outdated,Outdated,Outdated,Correct,NA
Cetraspora_gilmorei_P2-bc1009-172-s173_STFP_ASV2002_CCAMF,Correct,Outdated,Wrong,Correct,NA
Cetraspora_gilmorei_P2-bc1009-172-s174_STFP_ASV2078_CCAMF,Correct,Outdated,Wrong,Correct,NA
Cetraspora_gilmorei_P2-bc1009-172-s242_STFP_ASV2066_CCAMF,Correct,Outdated,Wrong,Correct,NA
Cetraspora_gilmorei_P2-bc1009-172-s381_STFP_ASV2043_CCAMF,Correct,Outdated,Wrong,Correct,NA
Cetraspora_gilmorei_P2-bc1009-172-s392_STFP_ASV2055_CCAMF,Correct,Outdated,Wrong,Correct,NA
Cetraspora_gilmorei_P2-bc1009-172-s509_STFP_ASV2089_CCAMF,Correct,Outdated,Wrong,Correct,NA
Cetraspora_gilmorei_P2-bc1009-172-s749_STFP_ASV2075_CCAMF,Correct,Outdated,Wrong,Correct,NA
Cetraspora_gilmorei_P2-bc1009-172-s952_STFP_ASV2033_CCAMF,Correct,Outdated,Wrong,Correct,NA
Funneliformis_mosseae_P2-bc1010-180-s101_STFP_ASV2236_CCAMF,Outdated,Outdated,Outdated,Correct,NA
Funneliformis_mosseae_P2-bc1010-180-s103_STFP_ASV2253_CCAMF,Outdated,Outdated,Outdated,Correct,NA
Funneliformis_mosseae_P2-bc1010-180-s126_STFP_ASV2210_CCAMF,Outdated,Outdated,Outdated,Correct,NA
Funneliformis_mosseae_P2-bc1010-180-s146_STFP_ASV2215_CCAMF,Outdated,Outdated,Outdated,Correct,NA
Funneliformis_mosseae_P2-bc1010-180-s445_STFP_ASV2214_CCAMF,Outdated,Outdated,Outdated,Correct,NA
Funneliformis_mosseae_P2-bc1012-306-s1320_STFP_ASV2229_CCAMF,Outdated,Outdated,Outdated,Correct,NA
Funneliformis_mosseae_P2-bc1012-306-s373_STFP_ASV2232_CCAMF,Outdated,Outdated,Outdated,Correct,NA
Funneliformis_mosseae_P2-bc1012-306-s411_STFP_ASV2073_CCAMF,Outdated,Outdated,Outdated,Correct,NA
Funneliformis_mosseae_P2-bc1012-306-s445_STFP_ASV2223_CCAMF,Outdated,Outdated,Outdated,Correct,NA
Funneliformis_mosseae_P2-bc1012-306-s502_STFP_ASV2031_CCAMF,Outdated,Outdated,Outdated,Correct,NA
Funneliformis_mosseae_P2-bc1012-306-s7626_STFP_ASV2228_CCAMF,Outdated,Outdated,Outdated,Correct,NA
Funneliformis_mosseae_P2-bc1012-306-s899_STFP_ASV2231_CCAMF,Outdated,Outdated,Outdated,Correct,NA
Rhizophagus_irregularis_P2-bc1026-SPU4-59-GC-2-IVT11-s1181_STFI_ASV2030_CCAMF,Outdated,Outdated,Outdated,NA,NA
Rhizophagus_irregularis_P2-bc1026-SPU4-59-GC-2-IVT11-s2634_STFI_ASV2103_CCAMF,Outdated,Outdated,Outdated,NA,NA
Rhizophagus_irregularis_P2-bc1026-SPU4-59-GC-2-IVT11-s494_STFI_ASV2096_CCAMF,Outdated,Outdated,Outdated,Correct,Correct
Rhizophagus_irregularis_P2-bc1026-SPU4-59-GC-2-IVT11-s703_STFI_ASV2000_CCAMF,Outdated,Outdated,Outdated,Correct,Correct
Rhizophagus_irregularis_P2-bc1026-SPU4-59-GC-2-IVT11-s894_STFI_ASV2047_CCAMF,Outdated,Outdated,Outdated,NA,NA
Rhizophagus_irregularis_P2-bc1027-SPU4-60-GC-2-IVT11-s1137_STFI_ASV2030_CCAMF,Outdated,Outdated,Outdated,NA,NA
Rhizophagus_irregularis_P2-bc1027-SPU4-60-GC-2-IVT11-s2097_STFI_ASV2103_CCAMF,Outdated,Outdated,Outdated,NA,NA
Rhizophagus_irregularis_P2-bc1027-SPU4-60-GC-2-IVT11-s377_STFI_ASV2096_CCAMF,Outdated,Outdated,Outdated,Correct,Correct
Rhizophagus_irregularis_P2-bc1027-SPU4-60-GC-2-IVT11-s596_STFI_ASV2047_CCAMF,Outdated,Outdated,Outdated,NA,NA
Rhizophagus_irregularis_P2-bc1027-SPU4-60-GC-2-IVT11-s673_STFI_ASV2000_CCAMF,Outdated,Outdated,Outdated,Correct,Correct
Funneliformis_mosseae_P2-bc1028-SPU4-89-FS-29-2726A-s1014_STFI_ASV2094_CCAMF,Outdated,Outdated,Outdated,Correct,NA
Funneliformis_mosseae_P2-bc1028-SPU4-89-FS-29-2726A-s163-1_STFI_ASV2091_CCAMF,Outdated,Outdated,Outdated,Correct,NA
Funneliformis_mosseae_P2-bc1028-SPU4-89-FS-29-2726A-s163-2_STFI_ASV2014_CCAMF,Outdated,Outdated,Outdated,Correct,NA
Funneliformis_mosseae_P2-bc1028-SPU4-89-FS-29-2726A-s183_STFI_ASV2153_CCAMF,Outdated,Outdated,Outdated,Correct,NA
Funneliformis_mosseae_P2-bc1028-SPU4-89-FS-29-2726A-s194_STFI_ASV2024_CCAMF,Outdated,Outdated,Outdated,Correct,NA
Funneliformis_mosseae_P2-bc1028-SPU4-89-FS-29-2726A-s205_STFI_ASV2027_CCAMF,Outdated,Outdated,Outdated,Correct,NA
Funneliformis_mosseae_P2-bc1028-SPU4-89-FS-29-2726A-s281_STFI_ASV2059_CCAMF,Outdated,Outdated,Outdated,Correct,NA
Funneliformis_mosseae_P2-bc1028-SPU4-89-FS-29-2726A-s323_STFI_ASV2020_CCAMF,Outdated,Outdated,Outdated,Correct,NA
Funneliformis_mosseae_P2-bc1028-SPU4-89-FS-29-2726A-s351_STFI_ASV2029_CCAMF,Outdated,Outdated,Outdated,Correct,Correct
Funneliformis_mosseae_P2-bc1028-SPU4-89-FS-29-2726A-s525_STFI_ASV2077_CCAMF,Outdated,Outdated,Outdated,Correct,NA
Funneliformis_mosseae_P2-bc1029-SPU4-92-FS-29-2726A-s1063_STFI_ASV2094_CCAMF,Outdated,Outdated,Outdated,Correct,NA
Funneliformis_mosseae_P2-bc1029-SPU4-92-FS-29-2726A-s151_STFI_ASV2091_CCAMF,Outdated,Outdated,Outdated,Correct,NA
Funneliformis_mosseae_P2-bc1029-SPU4-92-FS-29-2726A-s152_STFI_ASV2027_CCAMF,Outdated,Outdated,Outdated,Correct,NA
Funneliformis_mosseae_P2-bc1029-SPU4-92-FS-29-2726A-s165_STFI_ASV2152_CCAMF,Outdated,Outdated,Outdated,Correct,Correct
Funneliformis_mosseae_P2-bc1029-SPU4-92-FS-29-2726A-s170_STFI_ASV2024_CCAMF,Outdated,Outdated,Outdated,Correct,NA
Funneliformis_mosseae_P2-bc1029-SPU4-92-FS-29-2726A-s181_STFI_ASV2151_CCAMF,Outdated,Outdated,Outdated,Correct,NA
Funneliformis_mosseae_P2-bc1029-SPU4-92-FS-29-2726A-s186_STFI_ASV2020_CCAMF,Outdated,Outdated,Outdated,Correct,NA
Funneliformis_mosseae_P2-bc1029-SPU4-92-FS-29-2726A-s259_STFI_ASV2059_CCAMF,Outdated,Outdated,Outdated,Correct,NA
Funneliformis_mosseae_P2-bc1029-SPU4-92-FS-29-2726A-s374_STFI_ASV2029_CCAMF,Outdated,Outdated,Outdated,Correct,Correct
Funneliformis_mosseae_P2-bc1029-SPU4-92-FS-29-2726A-s381_STFI_ASV2077_CCAMF,Outdated,Outdated,Outdated,Correct,NA
Funneliformis_mosseae_P2-bc1030-SPU4-9-2231-1079F-s124_STFI_ASV2070_CCAMF,Outdated,Outdated,Outdated,Correct,NA
Funneliformis_mosseae_P2-bc1030-SPU4-9-2231-1079F-s132_STFI_ASV2014_CCAMF,Outdated,Outdated,Outdated,Correct,NA
Funneliformis_mosseae_P2-bc1030-SPU4-9-2231-1079F-s135_STFI_ASV2022_CCAMF,Outdated,Outdated,Outdated,Correct,NA
Funneliformis_mosseae_P2-bc1030-SPU4-9-2231-1079F-s177_STFI_ASV2062_CCAMF,Outdated,Outdated,Outdated,Correct,Correct
Funneliformis_mosseae_P2-bc1030-SPU4-9-2231-1079F-s178_STFI_ASV2109_CCAMF,Outdated,Outdated,Outdated,Correct,Correct
Funneliformis_mosseae_P2-bc1030-SPU4-9-2231-1079F-s214_STFI_ASV2149_CCAMF,Outdated,Outdated,Outdated,Correct,NA
Funneliformis_mosseae_P2-bc1030-SPU4-9-2231-1079F-s239_STFI_ASV2148_CCAMF,Outdated,Outdated,Outdated,Correct,NA
Funneliformis_mosseae_P2-bc1030-SPU4-9-2231-1079F-s446_STFI_ASV2007_CCAMF,Outdated,Outdated,Outdated,Correct,Correct
Funneliformis_mosseae_P2-bc1030-SPU4-9-2231-1079F-s522_STFI_ASV2106_CCAMF,Outdated,Outdated,Outdated,Correct,NA
Funneliformis_mosseae_P2-bc1030-SPU4-9-2231-1079F-s629_STFI_ASV2079_CCAMF,Outdated,Outdated,Outdated,Correct,NA
Funneliformis_mosseae_P2-bc1031-SPU4-12-2231-1079F-s1051_STFI_ASV2106_CCAMF,Outdated,Outdated,Outdated,Correct,NA
Funneliformis_mosseae_P2-bc1031-SPU4-12-2231-1079F-s1207_STFI_ASV2079_CCAMF,Outdated,Outdated,Outdated,Correct,NA
Funneliformis_mosseae_P2-bc1031-SPU4-12-2231-1079F-s189_STFI_ASV2014_CCAMF,Outdated,Outdated,Outdated,Correct,NA
Funneliformis_mosseae_P2-bc1031-SPU4-12-2231-1079F-s202_STFI_ASV2070_CCAMF,Outdated,Outdated,Outdated,Correct,NA
Funneliformis_mosseae_P2-bc1031-SPU4-12-2231-1079F-s242_STFI_ASV2150_CCAMF,Outdated,Outdated,Outdated,Correct,NA
Funneliformis_mosseae_P2-bc1031-SPU4-12-2231-1079F-s248-1_STFI_ASV2109_CCAMF,Outdated,Outdated,Outdated,Correct,Correct
Funneliformis_mosseae_P2-bc1031-SPU4-12-2231-1079F-s248-2_STFI_ASV2022_CCAMF,Outdated,Outdated,Outdated,Correct,NA
Funneliformis_mosseae_P2-bc1031-SPU4-12-2231-1079F-s273_STFI_ASV2062_CCAMF,Outdated,Outdated,Outdated,Correct,Correct
Funneliformis_mosseae_P2-bc1031-SPU4-12-2231-1079F-s607_STFI_ASV2007_CCAMF,Outdated,Outdated,Outdated,Correct,Correct
Gigaspora_rosea_P2-bc1032-SPU4-25-4292-708F-s125_STFI_ASV2069_CCAMF,Correct,Correct,Correct,Correct,Wrong
Gigaspora_rosea_P2-bc1032-SPU4-25-4292-708F-s143_STFI_ASV2065_CCAMF,Correct,Correct,Correct,Correct,NA
Gigaspora_rosea_P2-bc1032-SPU4-25-4292-708F-s2131_STFI_ASV2010_CCAMF,Correct,Correct,Correct,Correct,Wrong
Gigaspora_rosea_P2-bc1032-SPU4-25-4292-708F-s243_STFI_ASV2058_CCAMF,Correct,Correct,Correct,Correct,NA
Gigaspora_rosea_P2-bc1032-SPU4-25-4292-708F-s347_STFI_ASV2036_CCAMF,Correct,Correct,Correct,Correct,Wrong
Gigaspora_rosea_P2-bc1033-SPU4-28-4292-708F-s112_STFI_ASV2069_CCAMF,Correct,Correct,Correct,Correct,Wrong
Gigaspora_rosea_P2-bc1033-SPU4-28-4292-708F-s119_STFI_ASV2127_CCAMF,Correct,Correct,Correct,Correct,Wrong
Gigaspora_rosea_P2-bc1033-SPU4-28-4292-708F-s122_STFI_ASV2128_CCAMF,Correct,Correct,Correct,Correct,NA
Gigaspora_rosea_P2-bc1033-SPU4-28-4292-708F-s149_STFI_ASV2036_CCAMF,Correct,Correct,Correct,Correct,Wrong
Gigaspora_rosea_P2-bc1033-SPU4-28-4292-708F-s255_STFI_ASV2058_CCAMF,Correct,Correct,Correct,Correct,NA
Gigaspora_rosea_P2-bc1033-SPU4-28-4292-708F-s267_STFI_ASV2065_CCAMF,Correct,Correct,Correct,Correct,NA
Gigaspora_rosea_P2-bc1033-SPU4-28-4292-708F-s3609_STFI_ASV2010_CCAMF,Correct,Correct,Correct,Correct,Wrong
Ambispora_callosa_P2-bc1036-1582-s11_STFP_ASV2657_CCAMF,Correct,Correct,Correct,Correct,NA
Ambispora_callosa_P2-bc1036-1582-s27_STFP_ASV2649_CCAMF,Correct,Correct,Correct,Correct,NA
Ambispora_callosa_P2-bc1036-1582-s28_STFP_ASV2658_CCAMF,Correct,Correct,Correct,Correct,NA
Ambispora_callosa_P2-bc1036-1582-s33_STFP_ASV2656_CCAMF,Correct,Correct,Correct,Correct,NA
Ambispora_callosa_P2-bc1037-1584-2_STFP_ASV2653_CCAMF,Correct,Correct,Correct,Correct,NA
Ambispora_callosa_P2-bc1037-1584-s13_STFP_ASV2650_CCAMF,Correct,Correct,Correct,Correct,NA
Ambispora_callosa_P2-bc1037-1584-s14_STFP_ASV2652_CCAMF,Correct,Correct,Correct,Correct,NA
Ambispora_callosa_P2-bc1037-1584-s17_STFP_ASV2647_CCAMF,Correct,Correct,Correct,Correct,NA
Ambispora_callosa_P2-bc1037-1584-s21_STFP_ASV2048_CCAMF,Correct,Correct,Correct,Correct,NA
Ambispora_callosa_P2-bc1037-1584-s312_STFP_ASV2021_CCAMF,Correct,Correct,Correct,Correct,NA
Ambispora_callosa_P2-bc1037-1584-s34_STFP_ASV2648_CCAMF,Correct,Correct,Correct,Correct,NA
Ambispora_callosa_P2-bc1037-1584-s37_STFP_ASV2035_CCAMF,Correct,Correct,Correct,Correct,NA
Ambispora_callosa_P2-bc1037-1584-s57_STFP_ASV2654_CCAMF,Correct,Correct,Correct,Correct,NA
Ambispora_leptoticha_P2-bc1038-1583-s199_STFP_ASV2661_CCAMF,Correct,Correct,Correct,Correct,NA
Gigaspora_rosea_P2-bc1040-1625-s116_STFP_ASV2628_CCAMF,Correct,Correct,Correct,Correct,Correct
Gigaspora_rosea_P2-bc1040-1625-s146_STFP_ASV2642_CCAMF,Correct,Correct,Correct,Correct,Correct
Gigaspora_rosea_P2-bc1040-1625-s193_STFP_ASV2625_CCAMF,Correct,Correct,Correct,Correct,Correct
Gigaspora_rosea_P2-bc1040-1625-s45_STFP_ASV2643_CCAMF,Correct,Correct,Correct,Correct,Correct
Gigaspora_rosea_P2-bc1040-1625-s455_STFP_ASV2631_CCAMF,Correct,Correct,Correct,Correct,NA
Cetraspora_gilmorei_P2-bc1042-1613-s278_STFP_ASV2108_CCAMF,Correct,Outdated,Wrong,Correct,NA
Cetraspora_gilmorei_P2-bc1042-1613-s33_STFP_ASV2621_CCAMF,Correct,Outdated,Wrong,Correct,NA
Cetraspora_gilmorei_P2-bc1042-1613-s36_STFP_ASV2005_CCAMF,Correct,Outdated,Wrong,Correct,NA
Cetraspora_gilmorei_P2-bc1042-1613-s65_STFP_ASV2084_CCAMF,Correct,Outdated,Wrong,Correct,NA
Diversispora_varaderana_P2-bc1043-1630-s15_STFP_ASV2576_CCAMF,Correct,Correct,Correct,Correct,NA
Diversispora_varaderana_P2-bc1043-1630-s16_STFP_ASV2086_CCAMF,Correct,Correct,Correct,Correct,NA
Diversispora_varaderana_P2-bc1043-1630-s30_STFP_ASV2575_CCAMF,Correct,Correct,Correct,Correct,NA
Diversispora_varaderana_P2-bc1043-1630-s390_STFP_ASV2574_CCAMF,Correct,Correct,Correct,Correct,NA
Ambispora_leptoticha_P2-bc1044-1635-s51_STFP_ASV2049_CCAMF,Correct,Correct,Correct,Correct,NA
Septoglomus_viscosum_P2-bc1053-1618-s45_STFP_ASV2001_CCAMF,Outdated,Outdated,Outdated,Correct,NA
Septoglomus_viscosum_P2-bc1053-1618-s50_STFP_ASV2054_CCAMF,Outdated,Outdated,Outdated,Correct,NA
Septoglomus_viscosum_P2-bc1055-1605-s247_STFP_ASV2286_CCAMF,Outdated,Outdated,Outdated,Correct,NA
Septoglomus_viscosum_P2-bc1055-1605-s707_STFP_ASV2288_CCAMF,Outdated,Outdated,Outdated,Correct,NA
Septoglomus_viscosum_P2-bc1055-1605-s91_STFP_ASV2292_CCAMF,Outdated,Outdated,Outdated,Correct,NA
Septoglomus_viscosum_P2-bc1055-1605-s99_STFP_ASV2287_CCAMF,Outdated,Outdated,Outdated,Correct,NA
Septoglomus_viscosum_P2-bc1056-1614-s161_STFP_ASV2291_CCAMF,Outdated,Outdated,Outdated,Correct,NA
Septoglomus_viscosum_P2-bc1056-1614-s2194_STFP_ASV2289_CCAMF,Outdated,Outdated,Outdated,Correct,NA
Septoglomus_viscosum_P2-bc1056-1614-s324_STFP_ASV2290_CCAMF,Outdated,Outdated,Outdated,Correct,NA
Glomus_tetrastratosum_P2-bc1057-1631-s17_STFP_ASV2327_CCAMF,Correct,Correct,Correct,Correct,NA
Glomus_tetrastratosum_P2-bc1057-1631-s329_STFP_ASV2322_CCAMF,Correct,Correct,Correct,Correct,NA
Glomus_tetrastratosum_P2-bc1057-1631-s37_STFP_ASV2323_CCAMF,Correct,Correct,Correct,Correct,NA
Cetraspora_gilmorei_P2-bc1063-1193-s105_STFP_ASV2025_CCAMF,Correct,Outdated,Wrong,Correct,NA
Cetraspora_gilmorei_P2-bc1063-1193-s361_STFP_ASV2066_CCAMF,Correct,Outdated,Wrong,Correct,NA
Cetraspora_gilmorei_P2-bc1063-1193-s377_STFP_ASV2055_CCAMF,Correct,Outdated,Wrong,Correct,NA
Cetraspora_gilmorei_P2-bc1063-1193-s476_STFP_ASV2043_CCAMF,Correct,Outdated,Wrong,Correct,NA
Cetraspora_gilmorei_P2-bc1063-1193-s492_STFP_ASV2089_CCAMF,Correct,Outdated,Wrong,Correct,NA
Cetraspora_gilmorei_P2-bc1063-1193-s533_STFP_ASV2033_CCAMF,Correct,Outdated,Wrong,Correct,NA
Cetraspora_gilmorei_P2-bc1063-1193-s955_STFP_ASV2075_CCAMF,Correct,Outdated,Wrong,Correct,NA
Diversispora_jakucsiae_P2-bc1067-1020-s142_STFP_ASV2544_CCAMF,Correct,Correct,Correct,Correct,NA
Diversispora_jakucsiae_P2-bc1067-1020-s1514_STFP_ASV2545_CCAMF,Correct,Correct,Correct,Correct,NA
Diversispora_jakucsiae_P2-bc1067-1020-s237_STFP_ASV2546_CCAMF,Correct,Correct,Correct,Correct,NA
Diversispora_jakucsiae_P2-bc1067-1020-s2399_STFP_ASV2543_CCAMF,Correct,Correct,Correct,Correct,NA
Diversispora_arenaria_P2-bc1068-1135-s498_STFP_ASV2549_CCAMF,Correct,Correct,Correct,Correct,NA
Diversispora_arenaria_P2-bc1068-1135-s52_STFP_ASV2550_CCAMF,Correct,Correct,Correct,Correct,NA
Diversispora_arenaria_P2-bc1068-1135-s559_STFP_ASV2547_CCAMF,Correct,Correct,Correct,Correct,NA
Diversispora_arenaria_P2-bc1068-1135-s92_STFP_ASV2548_CCAMF,Correct,Correct,Correct,Correct,NA
Diversispora_epigaea_P2-bc1073-1145-2_STFP_ASV2562_CCAMF,Correct,Correct,Correct,Correct,Correct
Diversispora_epigaea_P2-bc1073-1145-s22_STFP_ASV2555_CCAMF,Correct,Correct,Correct,Correct,Correct
Diversispora_epigaea_P2-bc1073-1145-s41_STFP_ASV2554_CCAMF,Correct,Correct,Correct,Correct,Correct
Diversispora_epigaea_P2-bc1073-1145-s44_STFP_ASV2552_CCAMF,Correct,Correct,Correct,Correct,Correct
Diversispora_epigaea_P2-bc1073-1145-s48_STFP_ASV2551_CCAMF,Correct,Correct,Correct,Correct,Correct
Dominikia_duoreactiva_P2-bc1080-348-s175_STFP_ASV2403_CCAMF,Outdated,Wrong,Outdated,Wrong,NA
Dominikia_duoreactiva_P2-bc1080-348-s188_STFP_ASV2401_CCAMF,Outdated,Wrong,Outdated,Correct,NA
Dominikia_duoreactiva_P2-bc1080-348-s268_STFP_ASV2399_CCAMF,Outdated,Wrong,Outdated,Correct,NA
Dominikia_duoreactiva_P2-bc1080-348-s4127_STFP_ASV2397_CCAMF,Outdated,Wrong,Outdated,Correct,NA
Dominikia_duoreactiva_P2-bc1080-348-s531_STFP_ASV2080_CCAMF,Outdated,Wrong,Outdated,Wrong,NA
Septoglomus_sp._P2-bc1084-652-s204_STFP_ASV2306_CCAMF,Outdated,Outdated,Outdated,NA,LSU_NA
Septoglomus_sp._P2-bc1084-652-s420_STFP_ASV2302_CCAMF,Outdated,Outdated,Outdated,Correct,LSU_NA
Septoglomus_sp._P2-bc1084-652-s70_STFP_ASV2307_CCAMF,Outdated,Outdated,Outdated,NA,LSU_NA
Septoglomus_sp._P2-bc1086-960-s229_STFP_ASV2293_CCAMF,Outdated,Outdated,Outdated,Outdated,LSU_NA
Septoglomus_sp._P2-bc1086-960-s35_STFP_ASV2298_CCAMF,Outdated,Outdated,Outdated,Outdated,LSU_NA
Septoglomus_sp._P2-bc1086-960-s88_STFP_ASV2016_CCAMF,Outdated,Outdated,Outdated,Outdated,LSU_NA
Glomus_chinense_P2-bc1087-1177-s112_STFP_ASV2097_CCAMF,Correct,Correct,Correct,Correct,NA
Glomus_chinense_P2-bc1087-1177-s136_STFP_ASV2337_CCAMF,Correct,Correct,Correct,Correct,NA
Glomus_chinense_P2-bc1087-1177-s1451_STFP_ASV2053_CCAMF,Correct,Correct,Correct,Correct,NA
Glomus_chinense_P2-bc1087-1177-s165_STFP_ASV2338_CCAMF,Correct,Correct,Correct,Correct,NA
Glomus_chinense_P2-bc1087-1177-s407_STFP_ASV2336_CCAMF,Correct,Correct,Correct,Correct,NA
Glomus_chinense_P2-bc1087-1177-s93_STFP_ASV2088_CCAMF,Correct,Correct,Correct,Correct,NA
Glomus_chinense_P2-bc1087-1177-s96_STFP_ASV2081_CCAMF,Correct,Correct,Correct,Correct,NA
Glomus_chinense_P2-bc1088-1329-s105_STFP_ASV2341_CCAMF,Correct,Correct,Correct,Correct,NA
Glomus_chinense_P2-bc1088-1329-s38_STFP_ASV2355_CCAMF,Correct,Correct,Correct,Correct,NA
Glomus_chinense_P2-bc1088-1329-s417_STFP_ASV2343_CCAMF,Correct,Correct,Correct,Correct,NA
Glomus_chinense_P2-bc1088-1329-s49_STFP_ASV2342_CCAMF,Correct,Correct,Correct,Correct,NA
Glomus_chinense_P2-bc1088-1329-s706_STFP_ASV2340_CCAMF,Correct,Correct,Correct,Correct,NA
Microdominikia_litorea_P2-bc1092-1550-s107_STFP_ASV2413_CCAMF,Outdated,LSU_NA,Outdated,LSU_NA,NA
Microdominikia_litorea_P2-bc1092-1550-s228_STFP_ASV2414_CCAMF,Outdated,LSU_NA,Outdated,LSU_NA,NA
Microdominikia_litorea_P2-bc1092-1550-s28_STFP_ASV2416_CCAMF,Outdated,LSU_NA,Outdated,LSU_NA,NA
Microdominikia_litorea_P2-bc1092-1550-s302_STFP_ASV2412_CCAMF,Outdated,LSU_NA,Outdated,LSU_NA,NA
Microdominikia_litorea_P2-bc1092-1550-s31_STFP_ASV2411_CCAMF,Outdated,LSU_NA,Outdated,LSU_NA,NA
Microdominikia_litorea_P2-bc1092-1550-s333_STFP_ASV2410_CCAMF,Outdated,LSU_NA,Outdated,LSU_NA,NA
Microdominikia_litorea_P2-bc1092-1550-s67_STFP_ASV2415_CCAMF,Outdated,LSU_NA,Outdated,LSU_NA,NA
Microdominikia_litorea_P2-bc1093-1557-2_STFP_ASV2421_CCAMF,Outdated,LSU_NA,Outdated,LSU_NA,NA
Microdominikia_litorea_P2-bc1093-1557-s13_STFP_ASV2419_CCAMF,Outdated,LSU_NA,Outdated,LSU_NA,NA
Microdominikia_litorea_P2-bc1093-1557-s34_STFP_ASV2420_CCAMF,Outdated,LSU_NA,Outdated,LSU_NA,NA
Microdominikia_litorea_P2-bc1093-1557-s35_STFP_ASV2418_CCAMF,Outdated,LSU_NA,Outdated,LSU_NA,NA
Microdominikia_litorea_P2-bc1093-1557-s37_STFP_ASV2417_CCAMF,Outdated,LSU_NA,Outdated,LSU_NA,NA
Dominikia_bonfanteae_P2-bc1095-754-s1072_STFP_ASV2404_CCAMF,Outdated,Wrong,Outdated,NA,NA
Dominikia_bonfanteae_P2-bc1095-754-s155_STFP_ASV2406_CCAMF,Outdated,Wrong,Outdated,NA,NA
Dominikia_bonfanteae_P2-bc1095-754-s274_STFP_ASV2405_CCAMF,Outdated,Wrong,Outdated,NA,NA
Dominikia_duoreactiva_P3-bc1062-1141-s21_STFP_ASV2407_CCAMF,Outdated,Wrong,Outdated,Correct,NA
Dominikia_bonfanteae_P2-bc1096-1522-s46_STFP_ASV2408_CCAMF,Outdated,Wrong,Outdated,Correct,NA
Dominikia_bonfanteae_P2-bc1096-1522-s69_STFP_ASV2409_CCAMF,Outdated,Wrong,Outdated,Correct,NA
Rhizophagus_intraradices_P3-bc1004-23-s60_STFP_ASV2488_CCAMF,Outdated,Outdated,Outdated,Outdated,Correct
Rhizophagus_sp._P3-bc1005-74-s151_STFP_ASV2042_CCAMF,Outdated,Outdated,Outdated,NA,LSU_NA
Rhizophagus_sp._P3-bc1005-74-s30_STFP_ASV2095_CCAMF,Outdated,Outdated,Outdated,NA,LSU_NA
Rhizophagus_sp._P3-bc1005-74-s33_STFP_ASV2110_CCAMF,Outdated,Outdated,Outdated,NA,LSU_NA
Gigaspora_rosea_P3-bc1021-694-s22_STFP_ASV2009_CCAMF,Correct,Correct,Correct,Correct,NA
Glomus_macrocarpum_P3-bc1031-1214-s13_STFP_ASV2012_CCAMF,Correct,Correct,Correct,Correct,NA
Glomus_macrocarpum_P3-bc1031-1214-s38_STFP_ASV2356_CCAMF,Correct,Correct,Correct,Correct,Correct
Glomus_rugosae_P3-bc1033-65-s103_STFP_ASV2072_CCAMF,Correct,Correct,Correct,Correct,Wrong
Glomus_rugosae_P3-bc1033-65-s155_STFP_ASV2087_CCAMF,Correct,Correct,Correct,Correct,NA
Glomus_rugosae_P3-bc1033-65-s40_STFP_ASV2068_CCAMF,Correct,Correct,Correct,Correct,NA
Glomus_chinense_P3-bc1037-733-s1196_STFP_ASV2053_CCAMF,Correct,Correct,Correct,Correct,NA
Glomus_chinense_P3-bc1037-733-s37_STFP_ASV2335_CCAMF,Correct,Correct,Correct,Correct,NA
Glomus_chinense_P3-bc1037-733-s65_STFP_ASV2334_CCAMF,Correct,Correct,Correct,Correct,NA
Paraglomus_brasilianum_P3-bc1043-1464-s190_STFP_ASV2672_CCAMF,Correct,Correct,Correct,Correct,NA
Paraglomus_brasilianum_P3-bc1043-1464-s53_STFP_ASV2674_CCAMF,Correct,Correct,NA,NA,NA
Paraglomus_brasilianum_P3-bc1043-1464-s54_STFP_ASV2673_CCAMF,Correct,Correct,Correct,Correct,NA
Diversispora_varaderana_P3-bc1055-692-s533_STFP_ASV2039_CCAMF,Correct,Correct,Correct,Correct,NA
Septoglomus_sp._P3-bc1056-1387-s156_STFP_ASV2304_CCAMF,Outdated,Outdated,Outdated,Correct,LSU_NA
Septoglomus_sp._P3-bc1056-1387-s1715_STFP_ASV2303_CCAMF,Outdated,Outdated,Outdated,Correct,LSU_NA
Septoglomus_sp._P3-bc1056-1387-s184_STFP_ASV2308_CCAMF,Outdated,Outdated,Outdated,NA,LSU_NA
Septoglomus_sp._P3-bc1056-1387-s37_STFP_ASV2305_CCAMF,Outdated,Outdated,Outdated,Correct,LSU_NA
Septoglomus_sp._P3-bc1056-1387-s56_STFP_ASV2309_CCAMF,Outdated,Outdated,Outdated,NA,LSU_NA
Diversispora_epigaea_P3-bc1057-1525-2_STFP_ASV2561_CCAMF,Correct,Correct,Correct,Correct,Correct
Diversispora_epigaea_P3-bc1057-1525-s109_STFP_ASV2558_CCAMF,Correct,Correct,Correct,Correct,Correct
Diversispora_epigaea_P3-bc1057-1525-s186_STFP_ASV2557_CCAMF,Correct,Correct,Correct,Correct,Correct
Diversispora_epigaea_P3-bc1057-1525-s27_STFP_ASV2560_CCAMF,Correct,Correct,Correct,Correct,Correct
Diversispora_epigaea_P3-bc1057-1525-s28_STFP_ASV2559_CCAMF,Correct,Correct,Correct,Correct,Correct
Diversispora_epigaea_P3-bc1057-1525-s83_STFP_ASV2556_CCAMF,Correct,Correct,Correct,Correct,Correct
Diversispora_epigaea_P3-bc1057-1525-s94_STFP_ASV2553_CCAMF,Correct,Correct,Correct,Correct,Correct
Diversispora_epigaea_P3-bc1057-1525-s98_STFP_ASV2563_CCAMF,Correct,Correct,Correct,Correct,Correct
Diversispora_spurca_P3-bc1059-1392-s40_STFP_ASV2600_CCAMF,Correct,Correct,Correct,Correct,NA
Diversispora_spurca_P3-bc1059-1392-s56_STFP_ASV2599_CCAMF,Correct,Correct,Correct,Correct,NA
Diversispora_spurca_P3-bc1059-1392-s84_STFP_ASV2598_CCAMF,Correct,Correct,Correct,Correct,NA
Diversispora_varaderana_P3-bc1060-513-s1610_STFP_ASV2039_CCAMF,Correct,Correct,Correct,Correct,NA
Diversispora_varaderana_P3-bc1060-513-s20_STFP_ASV2570_CCAMF,Correct,Correct,Correct,Correct,NA
Diversispora_varaderana_P3-bc1060-513-s21_STFP_ASV2568_CCAMF,Correct,Correct,Correct,Correct,NA
Diversispora_varaderana_P3-bc1060-513-s26_STFP_ASV2034_CCAMF,Correct,Correct,Correct,Correct,NA
Diversispora_varaderana_P3-bc1060-513-s30_STFP_ASV2569_CCAMF,Correct,Correct,Correct,Correct,NA
Diversispora_varaderana_P3-bc1060-513-s56_STFP_ASV2564_CCAMF,Correct,Correct,Correct,Correct,NA
Dominikia_duoreactiva_P3-bc1062-1141-s21_STFP_ASV2080_CCAMF,Outdated,Wrong,Outdated,Wrong,NA
Dominikia_duoreactiva_P3-bc1062-1141-s469_STFP_ASV2398_CCAMF,Outdated,Wrong,Outdated,Correct,NA
Dominikia_duoreactiva_P3-bc1062-1141-s8_STFP_ASV2400_CCAMF,Outdated,Wrong,Outdated,Correct,NA
Dominikia_duoreactiva_P3-bc1062-1141-s9_STFP_ASV2402_CCAMF,Outdated,Wrong,Outdated,Correct,NA
Glomus_rugosae_P3-bc1063-1132-s266_STFP_ASV2004_CCAMF,Correct,Correct,Correct,Correct,NA
Glomus_rugosae_P3-bc1063-1132-s2787_STFP_ASV2044_CCAMF,Correct,Correct,Correct,Correct,NA
Glomus_rugosae_P3-bc1063-1132-s377_STFP_ASV2041_CCAMF,Correct,Correct,Correct,Correct,NA
Glomus_rugosae_P3-bc1063-1132-s380_STFP_ASV2372_CCAMF,Correct,Correct,Correct,Correct,NA
Glomus_rugosae_P3-bc1063-1132-s444_STFP_ASV2083_CCAMF,Correct,Correct,Correct,Correct,NA
Glomus_rugosae_P3-bc1063-1132-s63_STFP_ASV2377_CCAMF,Correct,Correct,Correct,Correct,NA
Glomus_rugosae_P3-bc1063-1132-s67_STFP_ASV2374_CCAMF,Correct,Correct,Correct,Correct,NA
Glomus_rugosae_P3-bc1063-1132-s68_STFP_ASV2380_CCAMF,Correct,Correct,Correct,Correct,Wrong
Glomus_rugosae_P3-bc1063-1132-s71_STFP_ASV2379_CCAMF,Correct,Correct,Correct,Correct,NA
Glomus_rugosae_P3-bc1064-146-s119_STFP_ASV2041_CCAMF,Correct,Correct,Correct,Correct,NA
Glomus_rugosae_P3-bc1064-146-s133_STFP_ASV2382_CCAMF,Correct,Correct,Correct,Correct,NA
Glomus_rugosae_P3-bc1064-146-s192_STFP_ASV2083_CCAMF,Correct,Correct,Correct,Correct,NA
Glomus_rugosae_P3-bc1064-146-s253_STFP_ASV2044_CCAMF,Correct,Correct,Correct,Correct,NA
Glomus_rugosae_P3-bc1064-146-s35_STFP_ASV2383_CCAMF,Correct,Correct,Correct,Correct,Wrong
Glomus_rugosae_P3-bc1064-146-s38_STFP_ASV2376_CCAMF,Correct,Correct,Correct,Correct,NA
Glomus_rugosae_P3-bc1064-146-s39_STFP_ASV2378_CCAMF,Correct,Correct,Correct,Correct,NA
Glomus_rugosae_P3-bc1064-146-s41_STFP_ASV2389_CCAMF,Correct,Correct,Correct,Correct,NA
Glomus_rugosae_P3-bc1064-146-s57_STFP_ASV2388_CCAMF,Correct,Correct,Correct,Correct,NA
Glomus_rugosae_P3-bc1065-1419-s1474_STFP_ASV2067_CCAMF,Correct,Correct,Correct,Correct,NA
Glomus_rugosae_P3-bc1065-1419-s194_STFP_ASV2046_CCAMF,Correct,Correct,Correct,Correct,NA
Glomus_rugosae_P3-bc1065-1419-s3331_STFP_ASV2395_CCAMF,Correct,Correct,Correct,Correct,NA
Glomus_rugosae_P3-bc1065-1419-s3513_STFP_ASV2038_CCAMF,Correct,Correct,Correct,Correct,NA
Glomus_rugosae_P3-bc1066-1128-s191_STFP_ASV2017_CCAMF,Correct,Correct,Correct,Correct,Wrong
Glomus_rugosae_P3-bc1066-1128-s47_STFP_ASV2071_CCAMF,Correct,Correct,Correct,Correct,NA
Glomus_rugosae_P3-bc1066-1128-s77_STFP_ASV2099_CCAMF,Correct,Correct,Correct,Correct,NA
Paraglomus_sp._P3-bc1067-1569-s202_STFP_ASV2671_CCAMF,Correct,Correct,Correct,Correct,LSU_NA
Paraglomus_sp._P3-bc1067-1569-s221_STFP_ASV2668_CCAMF,Correct,Correct,Correct,Correct,LSU_NA
Paraglomus_sp._P3-bc1067-1569-s276_STFP_ASV2666_CCAMF,Correct,Correct,Correct,Correct,LSU_NA
Paraglomus_sp._P3-bc1067-1569-s286_STFP_ASV2670_CCAMF,Correct,Correct,Correct,Correct,LSU_NA
Paraglomus_sp._P3-bc1067-1569-s290_STFP_ASV2667_CCAMF,Correct,Correct,Correct,Correct,LSU_NA
Paraglomus_sp._P3-bc1067-1569-s490_STFP_ASV2037_CCAMF,Correct,Correct,Correct,Correct,LSU_NA
Paraglomus_sp._P3-bc1067-1569-s554_STFP_ASV2664_CCAMF,Correct,Correct,Correct,Correct,LSU_NA
Paraglomus_sp._P3-bc1067-1569-s7043_STFP_ASV2023_CCAMF,Correct,Correct,Correct,Correct,LSU_NA
Paraglomus_sp._P3-bc1067-1569-s870_STFP_ASV2669_CCAMF,Correct,Correct,Correct,Correct,LSU_NA
Glomus_rugosae_P3-bc1068-1438-s232_STFP_ASV2046_CCAMF,Correct,Correct,Correct,Correct,NA
Glomus_rugosae_P3-bc1068-1438-s2648_STFP_ASV2067_CCAMF,Correct,Correct,Correct,Correct,NA
Glomus_rugosae_P3-bc1068-1438-s3346_STFP_ASV2394_CCAMF,Correct,Correct,Correct,Correct,NA
Glomus_rugosae_P3-bc1068-1438-s4404_STFP_ASV2038_CCAMF,Correct,Correct,Correct,Correct,NA
Diversispora_celata_P3-bc1073-1107-2_STFP_ASV2542_CCAMF,Correct,Correct,Correct,Correct,NA
Diversispora_celata_P3-bc1073-1107-s16_STFP_ASV2540_CCAMF,Correct,Correct,Correct,Correct,NA
Diversispora_celata_P3-bc1073-1107-s18_STFP_ASV2539_CCAMF,Correct,Correct,Correct,Correct,NA
Diversispora_celata_P3-bc1073-1107-s66_STFP_ASV2538_CCAMF,Correct,Correct,Correct,Correct,NA
Diversispora_celata_P3-bc1073-1107-s74_STFP_ASV2541_CCAMF,Correct,Correct,Correct,Correct,NA
Glomus_rugosae_P3-bc1078-1128-s12_STFP_ASV2393_CCAMF,Correct,Correct,Correct,Correct,NA
Glomus_rugosae_P3-bc1078-1128-s13_STFP_ASV2362_CCAMF,Correct,Correct,Correct,Correct,Wrong
Glomus_rugosae_P3-bc1078-1128-s14_STFP_ASV2385_CCAMF,Correct,Correct,Correct,Correct,NA
Glomus_rugosae_P3-bc1078-1128-s247_STFP_ASV2099_CCAMF,Correct,Correct,Correct,Correct,NA
Glomus_rugosae_P3-bc1078-1128-s317_STFP_ASV2071_CCAMF,Correct,Correct,Correct,Correct,NA
Glomus_rugosae_P3-bc1078-1128-s34_STFP_ASV2387_CCAMF,Correct,Correct,Correct,Correct,NA
Glomus_rugosae_P3-bc1078-1128-s42_STFP_ASV2361_CCAMF,Correct,Correct,Correct,Correct,Wrong
Glomus_rugosae_P3-bc1078-1128-s47_STFP_ASV2085_CCAMF,Correct,Correct,Correct,Correct,Wrong
Glomus_rugosae_P3-bc1078-1128-s54_STFP_ASV2017_CCAMF,Correct,Correct,Correct,Correct,Wrong
Glomus_chinense_P3-bc1083-733-s164_STFP_ASV2081_CCAMF,Correct,Correct,Correct,Correct,NA
Glomus_chinense_P3-bc1083-733-s1940_STFP_ASV2053_CCAMF,Correct,Correct,Correct,Correct,NA
Glomus_chinense_P3-bc1083-733-s203_STFP_ASV2088_CCAMF,Correct,Correct,Correct,Correct,NA
Glomus_chinense_P3-bc1083-733-s51_STFP_ASV2339_CCAMF,Correct,Correct,Correct,Correct,NA
Glomus_chinense_P3-bc1083-733-s72_STFP_ASV2333_CCAMF,Correct,Correct,Correct,Correct,NA
Gigaspora_rosea_P3-bc1087-461-s17_STFP_ASV2629_CCAMF,Correct,Correct,Correct,Correct,Correct
Gigaspora_rosea_P3-bc1087-461-s20_STFP_ASV2630_CCAMF,Correct,Correct,Correct,Correct,Correct
Gigaspora_rosea_P3-bc1087-461-s26_STFP_ASV2626_CCAMF,Correct,Correct,Correct,Correct,Correct
Glomus_macrocarpum_P3-bc1094-1214-s140_STFP_ASV2359_CCAMF,Correct,Correct,Correct,Correct,Correct
Glomus_macrocarpum_P3-bc1094-1214-s51_STFP_ASV2358_CCAMF,Correct,Correct,Correct,Correct,Correct
Glomus_macrocarpum_P3-bc1094-1214-s53_STFP_ASV2012_CCAMF,Correct,Correct,Correct,Correct,NA
Glomus_macrocarpum_P3-bc1094-1214-s54_STFP_ASV2357_CCAMF,Correct,Correct,Correct,Correct,Correct
Glomus_macrocarpum_P3-bc1094-1214-s68_STFP_ASV2360_CCAMF,Correct,Correct,Correct,Correct,Correct
Glomus_rugosae_P3-bc1095-65-s123_STFP_ASV2087_CCAMF,Correct,Correct,Correct,Correct,NA
Glomus_rugosae_P3-bc1095-65-s35_STFP_ASV2056_CCAMF,Correct,Correct,Correct,Correct,NA
Glomus_chinense_P4-bc1001-1026-s1045_STFP_ASV2349_CCAMF,Correct,Correct,Correct,Correct,NA
Glomus_chinense_P4-bc1001-1026-s194_STFP_ASV2353_CCAMF,Correct,Correct,Correct,Correct,NA
Glomus_chinense_P4-bc1001-1026-s198_STFP_ASV2348_CCAMF,Correct,Correct,Correct,Correct,NA
Glomus_chinense_P4-bc1001-1026-s238_STFP_ASV2347_CCAMF,Correct,Correct,Correct,Correct,NA
Glomus_chinense_P4-bc1001-1026-s251_STFP_ASV2344_CCAMF,Correct,Correct,Correct,Correct,NA
Glomus_chinense_P4-bc1001-1026-s266_STFP_ASV2346_CCAMF,Correct,Correct,Correct,Correct,NA
Glomus_chinense_P4-bc1001-1026-s289_STFP_ASV2350_CCAMF,Correct,Correct,Correct,Correct,NA
Glomus_chinense_P4-bc1001-1026-s7031_STFP_ASV2345_CCAMF,Correct,Correct,Correct,Correct,NA
Glomus_chinense_P4-bc1001-1026-s858_STFP_ASV2352_CCAMF,Correct,Correct,Correct,Correct,NA
Glomus_chinense_P4-bc1002-733-s197_STFP_ASV2053_CCAMF,Correct,Correct,Correct,Correct,NA
Glomus_chinense_P4-bc1002-733-s263_STFP_ASV2097_CCAMF,Correct,Correct,Correct,Correct,NA
Glomus_chinense_P4-bc1002-733-s269_STFP_ASV2081_CCAMF,Correct,Correct,Correct,Correct,NA
Glomus_chinense_P4-bc1002-733-s86_STFP_ASV2088_CCAMF,Correct,Correct,Correct,Correct,NA
Glomus_chinense_P4-bc1002-733-s88_STFP_ASV2354_CCAMF,Correct,Correct,Correct,Correct,NA
Diversispora_spurca_P4-bc1005-444-s210_STFP_ASV2008_CCAMF,Correct,Correct,Correct,Correct,NA
Diversispora_spurca_P4-bc1005-444-s34_STFP_ASV2105_CCAMF,Correct,Correct,Correct,Correct,NA
Diversispora_spurca_P4-bc1005-444-s81_STFP_ASV2100_CCAMF,Correct,Correct,Correct,Correct,NA
Glomus_rugosae_P4-bc1011-1220-s18384_STFP_ASV2044_CCAMF,Correct,Correct,Correct,Correct,NA
Glomus_rugosae_P4-bc1011-1220-s2443_STFP_ASV2384_CCAMF,Correct,Correct,Correct,Correct,Wrong
Glomus_rugosae_P4-bc1011-1220-s2707_STFP_ASV2370_CCAMF,Correct,Correct,Correct,Correct,NA
Glomus_rugosae_P4-bc1011-1220-s3037_STFP_ASV2369_CCAMF,Correct,Correct,Correct,Correct,NA
Glomus_rugosae_P4-bc1011-1220-s3192_STFP_ASV2032_CCAMF,Correct,Correct,Correct,Correct,NA
Glomus_rugosae_P4-bc1011-1220-s3311_STFP_ASV2368_CCAMF,Correct,Correct,Correct,Correct,NA
Glomus_rugosae_P4-bc1011-1220-s448_STFP_ASV2396_CCAMF,Correct,Correct,Correct,Correct,NA
Glomus_rugosae_P4-bc1011-1220-s475_STFP_ASV2375_CCAMF,Correct,Correct,Correct,Correct,NA
Glomus_rugosae_P4-bc1011-1220-s580_STFP_ASV2371_CCAMF,Correct,Correct,Correct,Correct,NA
Glomus_rugosae_P4-bc1011-1220-s636_STFP_ASV2381_CCAMF,Correct,Correct,Correct,Correct,Wrong
Glomus_rugosae_P4-bc1011-1220-s8167_STFP_ASV2083_CCAMF,Correct,Correct,Correct,Correct,NA
Glomus_rugosae_P4-bc1011-1220-s870_STFP_ASV2004_CCAMF,Correct,Correct,Correct,Correct,NA
Glomus_rugosae_P4-bc1012-65-s330_STFP_ASV2364_CCAMF,Correct,Correct,Correct,Correct,Wrong
Glomus_rugosae_P4-bc1012-65-s385_STFP_ASV2072_CCAMF,Correct,Correct,Correct,Correct,Wrong
Glomus_rugosae_P4-bc1012-65-s41_STFP_ASV2391_CCAMF,Correct,Correct,Correct,Correct,NA
Glomus_rugosae_P4-bc1012-65-s424_STFP_ASV2392_CCAMF,Correct,Correct,Correct,Correct,NA
Glomus_rugosae_P4-bc1012-65-s44_STFP_ASV2056_CCAMF,Correct,Correct,Correct,Correct,NA
Glomus_rugosae_P4-bc1012-65-s456_STFP_ASV2367_CCAMF,Correct,Correct,Correct,Correct,NA
Glomus_rugosae_P4-bc1012-65-s50_STFP_ASV2366_CCAMF,Correct,Correct,Correct,Correct,Wrong
Glomus_rugosae_P4-bc1012-65-s56_STFP_ASV2365_CCAMF,Correct,Correct,Correct,Correct,Wrong
Glomus_rugosae_P4-bc1012-65-s561_STFP_ASV2068_CCAMF,Correct,Correct,Correct,Correct,NA
Glomus_rugosae_P4-bc1012-65-s61_STFP_ASV2363_CCAMF,Correct,Correct,Correct,Correct,NA
Glomus_rugosae_P4-bc1012-65-s715_STFP_ASV2390_CCAMF,Correct,Correct,Correct,Correct,NA
Septoglomus_viscosum_P4-bc1013-SPU-7-1-2-Att1910-1-s1399_STFI_ASV2060_CCAMF,Outdated,Outdated,Outdated,Correct,NA
Septoglomus_viscosum_P4-bc1013-SPU-7-1-2-Att1910-1-s346_STFI_ASV2001_CCAMF,Outdated,Outdated,Outdated,Correct,NA
Septoglomus_viscosum_P4-bc1013-SPU-7-1-2-Att1910-1-s4078_STFI_ASV2054_CCAMF,Outdated,Outdated,Outdated,Correct,NA
Septoglomus_viscosum_P4-bc1013-SPU-7-1-2-Att1910-1-s483_STFI_ASV2101_CCAMF,Outdated,Outdated,Outdated,Correct,NA
Septoglomus_viscosum_P4-bc1013-SPU-7-1-2-Att1910-1-s918_STFI_ASV2057_CCAMF,Outdated,Outdated,Outdated,Correct,NA
Septoglomus_viscosum_P4-bc1014-SPU-7-1-3-Att1910-1-s1019_STFI_ASV2001_CCAMF,Outdated,Outdated,Outdated,Correct,NA
Septoglomus_viscosum_P4-bc1014-SPU-7-1-3-Att1910-1-s1209_STFI_ASV2057_CCAMF,Outdated,Outdated,Outdated,Correct,NA
Septoglomus_viscosum_P4-bc1014-SPU-7-1-3-Att1910-1-s281_STFI_ASV2060_CCAMF,Outdated,Outdated,Outdated,Correct,NA
Septoglomus_viscosum_P4-bc1014-SPU-7-1-3-Att1910-1-s57_STFI_ASV2159_CCAMF,Outdated,Outdated,Outdated,Correct,NA
Septoglomus_viscosum_P4-bc1014-SPU-7-1-3-Att1910-1-s71_STFI_ASV2101_CCAMF,Outdated,Outdated,Outdated,Correct,NA
Septoglomus_viscosum_P4-bc1014-SPU-7-1-3-Att1910-1-s78_STFI_ASV2160_CCAMF,Outdated,Outdated,Outdated,Correct,NA
Septoglomus_viscosum_P4-bc1014-SPU-7-1-3-Att1910-1-s807_STFI_ASV2054_CCAMF,Outdated,Outdated,Outdated,Correct,NA
Rhizophagus_intraradices_P4-bc1015-SPU-7-2-3-UT126A-s10328_STFI_ASV2136_CCAMF,Outdated,Outdated,Outdated,Outdated,Correct
Rhizophagus_intraradices_P4-bc1015-SPU-7-2-3-UT126A-s1212_STFI_ASV2019_CCAMF,Outdated,Outdated,Outdated,Outdated,Correct
Rhizophagus_intraradices_P4-bc1015-SPU-7-2-3-UT126A-s2189_STFI_ASV2102_CCAMF,Outdated,Outdated,Outdated,NA,NA
Rhizophagus_intraradices_P4-bc1015-SPU-7-2-3-UT126A-s283_STFI_ASV2137_CCAMF,Outdated,Outdated,Outdated,Outdated,Correct
Rhizophagus_intraradices_P4-bc1015-SPU-7-2-3-UT126A-s365_STFI_ASV2138_CCAMF,Outdated,Outdated,Outdated,Outdated,Correct
Rhizophagus_intraradices_P4-bc1016-SPU-7-2-4-UT126A-s1939_STFI_ASV2135_CCAMF,Outdated,Outdated,Outdated,NA,NA
Rhizophagus_intraradices_P4-bc1016-SPU-7-2-4-UT126A-s3651_STFI_ASV2102_CCAMF,Outdated,Outdated,Outdated,NA,NA
Rhizophagus_intraradices_P4-bc1016-SPU-7-2-4-UT126A-s789_STFI_ASV2019_CCAMF,Outdated,Outdated,Outdated,Outdated,Correct
Glomus_rugosae_P4-bc1017-1120-s269_STFP_ASV2085_CCAMF,Correct,Correct,Correct,Correct,Wrong
Glomus_rugosae_P4-bc1017-1120-s455_STFP_ASV2386_CCAMF,Correct,Correct,Correct,Correct,NA
Glomus_rugosae_P4-bc1017-1120-s530_STFP_ASV2017_CCAMF,Correct,Correct,Correct,Correct,Wrong
Glomus_rugosae_P4-bc1017-1120-s644_STFP_ASV2099_CCAMF,Correct,Correct,Correct,Correct,NA
Glomus_rugosae_P4-bc1017-1120-s990_STFP_ASV2071_CCAMF,Correct,Correct,Correct,Correct,NA
Glomus_rugosae_P4-bc1018-1005-s1425_STFP_ASV2032_CCAMF,Correct,Correct,Correct,Correct,NA
Glomus_rugosae_P4-bc1018-1005-s2112_STFP_ASV2083_CCAMF,Correct,Correct,Correct,Correct,NA
Glomus_rugosae_P4-bc1018-1005-s8010_STFP_ASV2044_CCAMF,Correct,Correct,Correct,Correct,NA
Glomus_rugosae_P4-bc1018-1005-s995_STFP_ASV2373_CCAMF,Correct,Correct,Correct,Correct,NA
Rhizophagus_silesianus_P4-bc1021-340-s1131_STFP_ASV2481_CCAMF,Outdated,Outdated,Outdated,NA,NA
Rhizophagus_silesianus_P4-bc1021-340-s12336_STFP_ASV2480_CCAMF,Outdated,Outdated,Outdated,NA,NA
Rhizophagus_silesianus_P4-bc1021-340-s5410_STFP_ASV2487_CCAMF,Outdated,Outdated,Outdated,NA,NA
Oehlia_diaphana_P4-bc1023-594-s148_STFP_ASV2515_CCAMF,Outdated,Outdated,Outdated,NA,NA
Oehlia_diaphana_P4-bc1023-594-s155_STFP_ASV2497_CCAMF,Outdated,Outdated,Outdated,NA,NA
Oehlia_diaphana_P4-bc1023-594-s194_STFP_ASV2498_CCAMF,Outdated,Outdated,Outdated,NA,NA
Oehlia_diaphana_P4-bc1023-594-s204_STFP_ASV2013_CCAMF,Outdated,LSU_NA,Outdated,LSU_NA,NA
Oehlia_diaphana_P4-bc1023-594-s250_STFP_ASV2496_CCAMF,Outdated,LSU_NA,Outdated,LSU_NA,NA
Oehlia_diaphana_P4-bc1023-594-s263_STFP_ASV2503_CCAMF,Outdated,Outdated,Outdated,NA,NA
Oehlia_diaphana_P4-bc1023-594-s278_STFP_ASV2511_CCAMF,Outdated,Outdated,Outdated,NA,NA
Oehlia_diaphana_P4-bc1024-977-s128_STFP_ASV2512_CCAMF,Outdated,Outdated,Outdated,NA,NA
Oehlia_diaphana_P4-bc1024-977-s144_STFP_ASV2501_CCAMF,Outdated,Outdated,Outdated,NA,NA
Oehlia_diaphana_P4-bc1024-977-s148_STFP_ASV2045_CCAMF,Outdated,Outdated,Outdated,NA,NA
Oehlia_diaphana_P4-bc1024-977-s170_STFP_ASV2499_CCAMF,Outdated,Outdated,Outdated,NA,NA
Oehlia_diaphana_P4-bc1024-977-s185_STFP_ASV2517_CCAMF,Outdated,Outdated,Outdated,NA,NA
Oehlia_diaphana_P4-bc1024-977-s203_STFP_ASV2513_CCAMF,Outdated,Outdated,Outdated,NA,NA
Oehlia_diaphana_P4-bc1024-977-s210_STFP_ASV2500_CCAMF,Outdated,Outdated,Outdated,NA,NA
Oehlia_diaphana_P4-bc1024-977-s233_STFP_ASV2516_CCAMF,Outdated,Outdated,Outdated,NA,NA
Oehlia_diaphana_P4-bc1024-977-s309_STFP_ASV2507_CCAMF,Outdated,Outdated,Outdated,NA,NA
Funneliformis_mosseae_P4-bc1026-CH-s1345_STFP_ASV2272_CCAMF,Outdated,Outdated,Outdated,Correct,Correct
Funneliformis_mosseae_P4-bc1026-CH-s3274_STFP_ASV2273_CCAMF,Outdated,Outdated,Outdated,Correct,Correct
Funneliformis_mosseae_P4-bc1026-CH-s7597_STFP_ASV2271_CCAMF,Outdated,Outdated,Outdated,Correct,Correct
Funneliformis_mosseae_P4-bc1027-CH-s101_STFP_ASV2281_CCAMF,Outdated,Outdated,Outdated,Correct,Correct
Funneliformis_mosseae_P4-bc1027-CH-s112_STFP_ASV2279_CCAMF,Outdated,Outdated,Outdated,Correct,Correct
Funneliformis_mosseae_P4-bc1027-CH-s115_STFP_ASV2270_CCAMF,Outdated,Outdated,Outdated,Correct,Correct
Funneliformis_mosseae_P4-bc1027-CH-s133_STFP_ASV2269_CCAMF,Outdated,Outdated,Outdated,Correct,Correct
Funneliformis_mosseae_P4-bc1027-CH-s164_STFP_ASV2257_CCAMF,Outdated,Outdated,Outdated,Correct,Correct
Funneliformis_mosseae_P4-bc1027-CH-s167_STFP_ASV2282_CCAMF,Outdated,Outdated,Outdated,Correct,Correct
Funneliformis_mosseae_P4-bc1027-CH-s208_STFP_ASV2268_CCAMF,Outdated,Outdated,Outdated,Correct,Correct
Funneliformis_mosseae_P4-bc1027-CH-s237_STFP_ASV2263_CCAMF,Outdated,Outdated,Outdated,Correct,NA
Funneliformis_mosseae_P4-bc1027-CH-s259_STFP_ASV2267_CCAMF,Outdated,Outdated,Outdated,Correct,Correct
Funneliformis_mosseae_P4-bc1027-CH-s415_STFP_ASV2265_CCAMF,Outdated,Outdated,Outdated,Correct,NA
Funneliformis_mosseae_P4-bc1027-CH-s426_STFP_ASV2259_CCAMF,Outdated,Outdated,Outdated,Correct,Correct
Funneliformis_mosseae_P4-bc1027-CH-s499_STFP_ASV2261_CCAMF,Outdated,Outdated,Outdated,Correct,NA
Funneliformis_mosseae_P4-bc1027-CH-s541_STFP_ASV2256_CCAMF,Outdated,Outdated,Outdated,Correct,Correct
Funneliformis_mosseae_P4-bc1027-CH-s91_STFP_ASV2258_CCAMF,Outdated,Outdated,Outdated,Correct,Correct
Funneliformis_mosseae_P4-bc1027-CH-s93_STFP_ASV2260_CCAMF,Outdated,Outdated,Outdated,Correct,Correct
Funneliformis_mosseae_P4-bc1027-CH-s96_STFP_ASV2262_CCAMF,Outdated,Outdated,Outdated,Correct,NA
Funneliformis_mosseae_P4-bc1027-CH-s99_STFP_ASV2264_CCAMF,Outdated,Outdated,Outdated,Correct,NA
Funneliformis_mosseae_P4-bc1030-448-s1506_STFP_ASV2216_CCAMF,Outdated,Outdated,Outdated,Correct,NA
Funneliformis_mosseae_P4-bc1030-448-s18163_STFP_ASV2235_CCAMF,Outdated,Outdated,Outdated,Correct,NA
Funneliformis_mosseae_P4-bc1030-448-s258_STFP_ASV2280_CCAMF,Outdated,Outdated,Outdated,Correct,NA
Funneliformis_mosseae_P4-bc1030-448-s315_STFP_ASV2219_CCAMF,Outdated,Outdated,Outdated,Correct,NA
Funneliformis_mosseae_P4-bc1030-448-s342_STFP_ASV2218_CCAMF,Outdated,Outdated,Outdated,Correct,NA
Funneliformis_mosseae_P4-bc1030-448-s393_STFP_ASV2234_CCAMF,Outdated,Outdated,Outdated,Correct,Correct
Funneliformis_mosseae_P4-bc1030-448-s418_STFP_ASV2217_CCAMF,Outdated,Outdated,Outdated,Correct,NA
Funneliformis_mosseae_P4-bc1030-448-s779_STFP_ASV2233_CCAMF,Outdated,Outdated,Outdated,Correct,Correct
Funneliformis_mosseae_P4-bc1030-448-s800_STFP_ASV2213_CCAMF,Outdated,Outdated,Outdated,Correct,NA
Funneliformis_mosseae_P4-bc1031-242-s1979_STFP_ASV2225_CCAMF,Outdated,Outdated,Outdated,Correct,NA
Funneliformis_mosseae_P4-bc1031-242-s21094_STFP_ASV2226_CCAMF,Outdated,Outdated,Outdated,Correct,NA
Funneliformis_mosseae_P4-bc1031-242-s3231_STFP_ASV2031_CCAMF,Outdated,Outdated,Outdated,Correct,NA
Funneliformis_mosseae_P4-bc1031-242-s636_STFP_ASV2073_CCAMF,Outdated,Outdated,Outdated,Correct,NA
Funneliformis_mosseae_P4-bc1031-242-s655_STFP_ASV2224_CCAMF,Outdated,Outdated,Outdated,Correct,NA
Funneliformis_mosseae_P4-bc1031-242-s844_STFP_ASV2227_CCAMF,Outdated,Outdated,Outdated,Correct,NA
Funneliformis_mosseae_P4-bc1031-242-s944_STFP_ASV2230_CCAMF,Outdated,Outdated,Outdated,Correct,NA
Funneliformis_mosseae_P4-bc1032-CH-s117_STFP_ASV2266_CCAMF,Outdated,Outdated,Outdated,Correct,NA
Funneliformis_mosseae_P4-bc1032-CH-s122_STFP_ASV2251_CCAMF,Outdated,Outdated,Outdated,Correct,Correct
Funneliformis_mosseae_P4-bc1032-CH-s170_STFP_ASV2249_CCAMF,Outdated,Outdated,Outdated,Correct,Correct
Funneliformis_mosseae_P4-bc1032-CH-s205_STFP_ASV2241_CCAMF,Outdated,Outdated,Outdated,Correct,NA
Funneliformis_mosseae_P4-bc1032-CH-s418_STFP_ASV2243_CCAMF,Outdated,Outdated,Outdated,Correct,NA
Funneliformis_mosseae_P4-bc1032-CH-s477_STFP_ASV2242_CCAMF,Outdated,Outdated,Outdated,Correct,NA
Funneliformis_mosseae_P4-bc1032-CH-s89_STFP_ASV2252_CCAMF,Outdated,Outdated,Outdated,Correct,Correct
Funneliformis_mosseae_P4-bc1032-CH-s96_STFP_ASV2250_CCAMF,Outdated,Outdated,Outdated,Correct,Correct
Septoglomus_viscosum_P4-bc1036-514-s1456_STFP_ASV2284_CCAMF,Outdated,Outdated,Outdated,Correct,NA
Septoglomus_viscosum_P4-bc1036-514-s2579_STFP_ASV2283_CCAMF,Outdated,Outdated,Outdated,Correct,NA
Septoglomus_viscosum_P4-bc1036-514-s837_STFP_ASV2285_CCAMF,Outdated,Outdated,Outdated,Correct,NA
Rhizophagus_irregularis_P4-bc1038-25-s1063_STFP_ASV2006_CCAMF,Outdated,Outdated,Outdated,NA,NA
Rhizophagus_irregularis_P4-bc1038-25-s115_STFP_ASV2431_CCAMF,Outdated,Outdated,Outdated,Correct,Correct
Rhizophagus_irregularis_P4-bc1038-25-s172_STFP_ASV2093_CCAMF,Outdated,Outdated,Outdated,Correct,NA
Rhizophagus_irregularis_P4-bc1038-25-s186_STFP_ASV2000_CCAMF,Outdated,Outdated,Outdated,Correct,Correct
Rhizophagus_irregularis_P4-bc1038-25-s294_STFP_ASV2047_CCAMF,Outdated,Outdated,Outdated,NA,NA
Rhizophagus_irregularis_P4-bc1038-25-s96_STFP_ASV2432_CCAMF,Outdated,Outdated,Outdated,Correct,Correct
Cetraspora_gilmorei_P4-bc1040-1065-s1069_STFP_ASV2623_CCAMF,Correct,Outdated,Wrong,Correct,NA
Cetraspora_gilmorei_P4-bc1040-1065-s1255_STFP_ASV2089_CCAMF,Correct,Outdated,Wrong,Correct,NA
Cetraspora_gilmorei_P4-bc1040-1065-s1914_STFP_ASV2043_CCAMF,Correct,Outdated,Wrong,Correct,NA
Cetraspora_gilmorei_P4-bc1040-1065-s244_STFP_ASV2622_CCAMF,Correct,Outdated,Wrong,Correct,NA
Cetraspora_gilmorei_P4-bc1040-1065-s3043_STFP_ASV2066_CCAMF,Correct,Outdated,Wrong,Correct,NA
Cetraspora_gilmorei_P4-bc1040-1065-s353_STFP_ASV2002_CCAMF,Correct,Outdated,Wrong,Correct,NA
Cetraspora_gilmorei_P4-bc1040-1065-s3836_STFP_ASV2075_CCAMF,Correct,Outdated,Wrong,Correct,NA
Cetraspora_gilmorei_P4-bc1040-1065-s3941_STFP_ASV2033_CCAMF,Correct,Outdated,Wrong,Correct,NA
Cetraspora_gilmorei_P4-bc1040-1065-s936_STFP_ASV2055_CCAMF,Correct,Outdated,Wrong,Correct,NA
Diversispora_aestuarii_P4-bc1041-1202-s13_STFP_ASV2585_CCAMF,Correct,Correct,Correct,Correct,NA
Diversispora_aestuarii_P4-bc1041-1202-s21_STFP_ASV2587_CCAMF,Correct,Correct,Correct,Correct,NA
Diversispora_aestuarii_P4-bc1041-1202-s2831_STFP_ASV2064_CCAMF,Correct,Correct,Correct,Correct,NA
Septoglomus_sp._P4-bc1042-1197-s100_STFP_ASV2314_CCAMF,Outdated,Outdated,Outdated,Correct,LSU_NA
Septoglomus_sp._P4-bc1042-1197-s11593_STFP_ASV2310_CCAMF,Outdated,Outdated,Outdated,Correct,LSU_NA
Septoglomus_sp._P4-bc1042-1197-s158_STFP_ASV2313_CCAMF,Outdated,Outdated,Outdated,Correct,LSU_NA
Septoglomus_sp._P4-bc1042-1197-s77_STFP_ASV2311_CCAMF,Outdated,Outdated,Outdated,Correct,LSU_NA
Septoglomus_sp._P4-bc1042-1197-s83_STFP_ASV2316_CCAMF,Outdated,Outdated,Outdated,NA,LSU_NA
Septoglomus_sp._P4-bc1042-1197-s88_STFP_ASV2312_CCAMF,Outdated,Outdated,Outdated,Correct,LSU_NA
Septoglomus_sp._P4-bc1043-1218-s1044_STFP_ASV2320_CCAMF,Outdated,Outdated,Outdated,NA,LSU_NA
Septoglomus_sp._P4-bc1043-1218-s1327_STFP_ASV2318_CCAMF,Outdated,Outdated,Outdated,NA,LSU_NA
Septoglomus_sp._P4-bc1043-1218-s1506_STFP_ASV2315_CCAMF,Outdated,Outdated,Outdated,Correct,LSU_NA
Septoglomus_sp._P4-bc1043-1218-s3438_STFP_ASV2317_CCAMF,Outdated,Outdated,Outdated,NA,LSU_NA
Septoglomus_sp._P4-bc1043-1218-s541_STFP_ASV2321_CCAMF,Outdated,Outdated,Outdated,NA,LSU_NA
Septoglomus_sp._P4-bc1043-1218-s688_STFP_ASV2319_CCAMF,Outdated,Outdated,Outdated,NA,LSU_NA
Septoglomus_sp._P4-bc1047-484-s2079_STFP_ASV2016_CCAMF,Outdated,Outdated,Outdated,Outdated,LSU_NA
Septoglomus_sp._P4-bc1047-484-s28_STFP_ASV2300_CCAMF,Outdated,Outdated,Outdated,Outdated,LSU_NA
Septoglomus_sp._P4-bc1047-484-s30_STFP_ASV2295_CCAMF,Outdated,Outdated,Outdated,Outdated,LSU_NA
Septoglomus_sp._P4-bc1047-484-s3584_STFP_ASV2299_CCAMF,Outdated,Outdated,Outdated,Outdated,LSU_NA
Septoglomus_sp._P4-bc1047-484-s54_STFP_ASV2296_CCAMF,Outdated,Outdated,Outdated,Outdated,LSU_NA
Septoglomus_sp._P4-bc1047-484-s63_STFP_ASV2294_CCAMF,Outdated,Outdated,Outdated,Outdated,LSU_NA
Septoglomus_sp._P4-bc1047-484-s72_STFP_ASV2301_CCAMF,Outdated,Outdated,Outdated,Outdated,LSU_NA
Septoglomus_sp._P4-bc1047-484-s73_STFP_ASV2297_CCAMF,Outdated,Outdated,Outdated,Outdated,LSU_NA
Glomus_tetrastratosum_P4-bc1050-1004-s191_STFP_ASV2324_CCAMF,Correct,Correct,Correct,Correct,NA
Glomus_tetrastratosum_P4-bc1050-1004-s4374_STFP_ASV2092_CCAMF,Correct,Correct,Correct,NA,NA
Glomus_tetrastratosum_P4-bc1050-1004-s66_STFP_ASV2331_CCAMF,Correct,Correct,Correct,NA,NA
Glomus_tetrastratosum_P4-bc1050-1004-s71_STFP_ASV2332_CCAMF,Correct,Correct,Correct,NA,NA
Glomus_tetrastratosum_P4-bc1051-1240-s102_STFP_ASV2325_CCAMF,Correct,Correct,Correct,Correct,NA
Glomus_tetrastratosum_P4-bc1052-1413-s29_STFP_ASV2329_CCAMF,Correct,Correct,Correct,Correct,NA
Glomus_tetrastratosum_P4-bc1052-1413-s30_STFP_ASV2328_CCAMF,Correct,Correct,Correct,Correct,NA
Glomus_tetrastratosum_P4-bc1052-1413-s367_STFP_ASV2326_CCAMF,Correct,Correct,Correct,Correct,NA
Glomus_tetrastratosum_P4-bc1052-1413-s39_STFP_ASV2330_CCAMF,Correct,Correct,Correct,Correct,NA
Glomus_tetrastratosum_P4-bc1052-1413-s573_STFP_ASV2003_CCAMF,Correct,Correct,Correct,Correct,NA
Glomus_tetrastratosum_P4-bc1052-1413-s90_STFP_ASV2011_CCAMF,Correct,Correct,Correct,Correct,NA
Funneliformis_mosseae_P4-bc1053-394-s1540_STFP_ASV2246_CCAMF,Outdated,Outdated,Outdated,Correct,NA
Funneliformis_mosseae_P4-bc1053-394-s15679_STFP_ASV2244_CCAMF,Outdated,Outdated,Outdated,Correct,Correct
Funneliformis_mosseae_P4-bc1053-394-s1888_STFP_ASV2245_CCAMF,Outdated,Outdated,Outdated,Correct,Correct
Funneliformis_mosseae_P4-bc1053-394-s2081_STFP_ASV2248_CCAMF,Outdated,Outdated,Outdated,Correct,Correct
Funneliformis_mosseae_P4-bc1053-394-s3506_STFP_ASV2211_CCAMF,Outdated,Outdated,Outdated,Correct,NA
Funneliformis_mosseae_P4-bc1053-394-s3772_STFP_ASV2247_CCAMF,Outdated,Outdated,Outdated,Correct,Correct
Diversispora_varaderana_P4-bc1055-1217-s29_STFP_ASV2565_CCAMF,Correct,Correct,Correct,Correct,NA
Diversispora_varaderana_P4-bc1055-1217-s49_STFP_ASV2571_CCAMF,Correct,Correct,Correct,Correct,NA
Diversispora_varaderana_P4-bc1055-1217-s623_STFP_ASV2579_CCAMF,Correct,Correct,Correct,Correct,NA
Diversispora_varaderana_P4-bc1055-1217-s652_STFP_ASV2039_CCAMF,Correct,Correct,Correct,Correct,NA
Sclerocystis_sinuosa_P4-bc1058-SPU-6-9-6-MT106A-s1766_STFI_ASV2051_CCAMF,Outdated,Outdated,Outdated,NA,NA
Sclerocystis_sinuosa_P4-bc1058-SPU-6-9-6-MT106A-s539_STFI_ASV2132_CCAMF,Outdated,Outdated,Outdated,NA,NA
Sclerocystis_sinuosa_P4-bc1058-SPU-6-9-6-MT106A-s634_STFI_ASV2133_CCAMF,Outdated,Outdated,Outdated,NA,NA
Sclerocystis_sinuosa_P4-bc1058-SPU-6-9-6-MT106A-s671_STFI_ASV2082_CCAMF,Outdated,Outdated,Outdated,NA,NA
Diversispora_varaderana_P4-bc1059-1015-s158_STFP_ASV2090_CCAMF,Correct,Correct,Correct,Correct,NA
Diversispora_varaderana_P4-bc1059-1015-s241_STFP_ASV2034_CCAMF,Correct,Correct,Correct,Correct,NA
Diversispora_varaderana_P4-bc1059-1015-s442_STFP_ASV2573_CCAMF,Correct,Correct,Correct,Correct,NA
Diversispora_varaderana_P4-bc1059-1015-s5890_STFP_ASV2039_CCAMF,Correct,Correct,Correct,Correct,NA
Diversispora_aestuarii_P4-bc1061-1202-s102_STFP_ASV2589_CCAMF,Correct,Correct,Correct,Correct,NA
Diversispora_aestuarii_P4-bc1061-1202-s124_STFP_ASV2580_CCAMF,Correct,Correct,Correct,Correct,NA
Diversispora_aestuarii_P4-bc1061-1202-s134_STFP_ASV2581_CCAMF,Correct,Correct,Correct,Correct,NA
Diversispora_aestuarii_P4-bc1061-1202-s138_STFP_ASV2588_CCAMF,Correct,Correct,Correct,Correct,NA
Diversispora_aestuarii_P4-bc1061-1202-s27384_STFP_ASV2064_CCAMF,Correct,Correct,Correct,Correct,NA
Diversispora_aestuarii_P4-bc1061-1202-s55_STFP_ASV2594_CCAMF,Correct,Correct,Correct,Correct,NA
Diversispora_aestuarii_P4-bc1061-1202-s76_STFP_ASV2593_CCAMF,Correct,Correct,Correct,Correct,NA
Diversispora_aestuarii_P4-bc1062-1485-s1454_STFP_ASV2582_CCAMF,Correct,Correct,Correct,Correct,NA
Diversispora_aestuarii_P4-bc1062-1485-s198_STFP_ASV2592_CCAMF,Correct,Correct,Correct,Correct,NA
Diversispora_aestuarii_P4-bc1062-1485-s209_STFP_ASV2597_CCAMF,Correct,Correct,Correct,Correct,NA
Diversispora_aestuarii_P4-bc1062-1485-s230_STFP_ASV2596_CCAMF,Correct,Correct,Correct,Correct,NA
Diversispora_aestuarii_P4-bc1062-1485-s390_STFP_ASV2583_CCAMF,Correct,Correct,Correct,Correct,NA
Diversispora_aestuarii_P4-bc1062-1485-s478_STFP_ASV2595_CCAMF,Correct,Correct,Correct,Correct,NA
Diversispora_aestuarii_P4-bc1062-1485-s534_STFP_ASV2586_CCAMF,Correct,Correct,Correct,Correct,NA
Diversispora_aestuarii_P4-bc1062-1485-s656_STFP_ASV2584_CCAMF,Correct,Correct,Correct,Correct,NA
Diversispora_aestuarii_P4-bc1062-1485-s954_STFP_ASV2591_CCAMF,Correct,Correct,Correct,Correct,NA
Diversispora_aestuarii_P4-bc1062-1485-s957_STFP_ASV2590_CCAMF,Correct,Correct,Correct,Correct,NA
Diversispora_varaderana_P4-bc1063-1521-s1076_STFP_ASV2577_CCAMF,Correct,Correct,Correct,Correct,NA
Diversispora_varaderana_P4-bc1063-1521-s1098_STFP_ASV2028_CCAMF,Correct,Correct,Correct,Correct,NA
Diversispora_varaderana_P4-bc1063-1521-s11021_STFP_ASV2039_CCAMF,Correct,Correct,Correct,Correct,NA
Diversispora_varaderana_P4-bc1063-1521-s1318_STFP_ASV2090_CCAMF,Correct,Correct,Correct,Correct,NA
Diversispora_varaderana_P4-bc1063-1521-s382_STFP_ASV2034_CCAMF,Correct,Correct,Correct,Correct,NA
Diversispora_varaderana_P4-bc1063-1521-s889_STFP_ASV2567_CCAMF,Correct,Correct,Correct,Correct,NA
Diversispora_varaderana_P4-bc1063-1521-s900_STFP_ASV2566_CCAMF,Correct,Correct,Correct,Correct,NA
Diversispora_varaderana_P4-bc1063-1521-s938_STFP_ASV2572_CCAMF,Correct,Correct,Correct,Correct,NA
Sclerocystis_sinuosa_P4-bc1068-SPU-9-1-1-MT106-2767A-s1384_STFI_ASV2082_CCAMF,Outdated,Outdated,Outdated,NA,NA
Sclerocystis_sinuosa_P4-bc1068-SPU-9-1-1-MT106-2767A-s5062_STFI_ASV2051_CCAMF,Outdated,Outdated,Outdated,NA,NA
Sclerocystis_sinuosa_P4-bc1069-SPU-9-1-3-MT106-2767A-s1165_STFI_ASV2051_CCAMF,Outdated,Outdated,Outdated,NA,NA
Sclerocystis_sinuosa_P4-bc1069-SPU-9-1-3-MT106-2767A-s421_STFI_ASV2082_CCAMF,Outdated,Outdated,Outdated,NA,NA
Sclerocystis_sinuosa_P4-bc1069-SPU-9-1-3-MT106-2767A-s618_STFI_ASV2131_CCAMF,Outdated,Outdated,Outdated,NA,NA
Rhizophagus_irregularis_P4-bc1070-SPU-8-1-23-197198-s1322_STFI_ASV2015_CCAMF,Outdated,Outdated,Outdated,NA,NA
Rhizophagus_irregularis_P4-bc1070-SPU-8-1-23-197198-s292_STFI_ASV2000_CCAMF,Outdated,Outdated,Outdated,Correct,Correct
Rhizophagus_irregularis_P4-bc1070-SPU-8-1-23-197198-s405_STFI_ASV2052_CCAMF,Outdated,Outdated,Outdated,NA,NA
Rhizophagus_irregularis_P4-bc1070-SPU-8-1-23-197198-s461_STFI_ASV2030_CCAMF,Outdated,Outdated,Outdated,NA,NA
Rhizophagus_irregularis_P4-bc1071-SPU-8-2-16-197198-s219_STFI_ASV2063_CCAMF,Outdated,Outdated,Outdated,NA,NA
Rhizophagus_irregularis_P4-bc1071-SPU-8-2-16-197198-s485_STFI_ASV2030_CCAMF,Outdated,Outdated,Outdated,NA,NA
Rhizophagus_irregularis_P4-bc1071-SPU-8-2-16-197198-s644_STFI_ASV2015_CCAMF,Outdated,Outdated,Outdated,NA,NA
Rhizophagus_irregularis_P4-bc1071-SPU-8-2-16-197198-s85_STFI_ASV2052_CCAMF,Outdated,Outdated,Outdated,NA,NA
Rhizophagus_prolifer_P4-bc1076-SPU-5-18-2-SD-5-IVT32-s142_STFI_ASV2140_CCAMF,Outdated,Outdated,Outdated,NA,NA
Rhizophagus_prolifer_P4-bc1076-SPU-5-18-2-SD-5-IVT32-s1447_STFI_ASV2026_CCAMF,Outdated,Outdated,Outdated,NA,NA
Rhizophagus_prolifer_P4-bc1076-SPU-5-18-2-SD-5-IVT32-s1737_STFI_ASV2074_CCAMF,Outdated,Outdated,Outdated,NA,NA
Rhizophagus_prolifer_P4-bc1076-SPU-5-18-2-SD-5-IVT32-s611_STFI_ASV2061_CCAMF,Outdated,Outdated,Outdated,NA,NA
Rhizophagus_prolifer_P4-bc1077-SPU-5-18-3-SD-5-IVT32-s1320_STFI_ASV2026_CCAMF,Outdated,Outdated,Outdated,NA,NA
Rhizophagus_prolifer_P4-bc1077-SPU-5-18-3-SD-5-IVT32-s1399_STFI_ASV2074_CCAMF,Outdated,Outdated,Outdated,NA,NA
Rhizophagus_prolifer_P4-bc1077-SPU-5-18-3-SD-5-IVT32-s236_STFI_ASV2143_CCAMF,Outdated,Outdated,Outdated,NA,NA
Rhizophagus_prolifer_P4-bc1077-SPU-5-18-3-SD-5-IVT32-s280_STFI_ASV2141_CCAMF,Outdated,Outdated,Outdated,Outdated,Wrong
Rhizophagus_prolifer_P4-bc1077-SPU-5-18-3-SD-5-IVT32-s694_STFI_ASV2061_CCAMF,Outdated,Outdated,Outdated,NA,NA
Rhizophagus_prolifer_P4-bc1077-SPU-5-18-3-SD-5-IVT32-s965_STFI_ASV2142_CCAMF,Outdated,Outdated,Outdated,NA,NA
Rhizophagus_intraradices_P4-bc1080-SPU-5-16-1-KS906-IVT156-s1556_STFI_ASV2040_CCAMF,Outdated,Outdated,Outdated,NA,NA
Rhizophagus_intraradices_P4-bc1080-SPU-5-16-1-KS906-IVT156-s2025_STFI_ASV2139_CCAMF,Outdated,Outdated,Outdated,Outdated,Correct
Rhizophagus_intraradices_P4-bc1080-SPU-5-16-1-KS906-IVT156-s4057_STFI_ASV2111_CCAMF,Outdated,Outdated,Outdated,Outdated,Correct
Rhizophagus_intraradices_P4-bc1080-SPU-5-16-1-KS906-IVT156-s7829_STFI_ASV2018_CCAMF,Outdated,Outdated,Outdated,Outdated,Correct
Paraglomus_laccatum_P4-bc1083-SPU-5-13-1-CW0010-4009B-s1001_STFI_ASV2116_CCAMF,Correct,Correct,Correct,Correct,Correct
Paraglomus_laccatum_P4-bc1083-SPU-5-13-1-CW0010-4009B-s15657_STFI_ASV2115_CCAMF,Correct,Correct,Correct,Correct,Correct
Paraglomus_laccatum_P4-bc1083-SPU-5-13-1-CW0010-4009B-s1630_STFI_ASV2113_CCAMF,Correct,Correct,Correct,Correct,Correct
Paraglomus_laccatum_P4-bc1083-SPU-5-13-1-CW0010-4009B-s2483_STFI_ASV2112_CCAMF,Correct,Correct,Correct,Correct,Correct
Paraglomus_laccatum_P4-bc1083-SPU-5-13-1-CW0010-4009B-s802_STFI_ASV2114_CCAMF,Correct,Correct,Correct,Correct,Correct
Glomus_tetrastratosum_P4-bc1084-SPU-5-12-3-5094-2349C-s100_STFI_ASV2144_CCAMF,Correct,Correct,Correct,Correct,NA
Glomus_tetrastratosum_P4-bc1084-SPU-5-12-3-5094-2349C-s138-1_STFI_ASV2092_CCAMF,Correct,Correct,Correct,NA,NA
Glomus_tetrastratosum_P4-bc1084-SPU-5-12-3-5094-2349C-s138-2_STFI_ASV2146_CCAMF,Correct,Correct,Correct,Correct,NA
Glomus_tetrastratosum_P4-bc1084-SPU-5-12-3-5094-2349C-s148_STFI_ASV2147_CCAMF,Correct,Correct,Correct,Correct,NA
Glomus_tetrastratosum_P4-bc1084-SPU-5-12-3-5094-2349C-s351_STFI_ASV2011_CCAMF,Correct,Correct,Correct,Correct,NA
Glomus_tetrastratosum_P4-bc1084-SPU-5-12-3-5094-2349C-s654_STFI_ASV2003_CCAMF,Correct,Correct,Correct,Correct,NA
Glomus_tetrastratosum_P4-bc1084-SPU-5-12-3-5094-2349C-s94_STFI_ASV2145_CCAMF,Correct,Correct,Correct,Correct,NA
Diversispora_spurca_P4-bc1086-SPU-5-6-2-CW0006-4005B-s146_STFI_ASV2119_CCAMF,Correct,Correct,Correct,Correct,NA
Diversispora_spurca_P4-bc1086-SPU-5-6-2-CW0006-4005B-s332_STFI_ASV2105_CCAMF,Correct,Correct,Correct,Correct,NA
Diversispora_spurca_P4-bc1086-SPU-5-6-2-CW0006-4005B-s37_STFI_ASV2008_CCAMF,Correct,Correct,Correct,Correct,NA
Diversispora_spurca_P4-bc1087-SPU-5-6-3-CW0006-4005B-s181_STFI_ASV2118_CCAMF,Correct,Correct,Correct,Correct,NA
Diversispora_spurca_P4-bc1087-SPU-5-6-3-CW0006-4005B-s184_STFI_ASV2117_CCAMF,Correct,Correct,Correct,Correct,NA
Diversispora_spurca_P4-bc1087-SPU-5-6-3-CW0006-4005B-s194_STFI_ASV2120_CCAMF,Correct,Correct,Correct,Correct,NA
Diversispora_spurca_P4-bc1087-SPU-5-6-3-CW0006-4005B-s284_STFI_ASV2105_CCAMF,Correct,Correct,Correct,Correct,NA
Diversispora_spurca_P4-bc1087-SPU-5-6-3-CW0006-4005B-s3099_STFI_ASV2008_CCAMF,Correct,Correct,Correct,Correct,NA
Diversispora_spurca_P4-bc1087-SPU-5-6-3-CW0006-4005B-s5050_STFI_ASV2105_CCAMF,Correct,Correct,Correct,Correct,NA
Diversispora_spurca_P4-bc1087-SPU-5-6-3-CW0006-4005B-s943_STFI_ASV2100_CCAMF,Correct,Correct,Correct,Correct,NA
Septoglomus_turnauae_P4-bc1088-SPU-5-5-1-Blasz-12-2272D-s1052_STFI_ASV2156_CCAMF,Outdated,Outdated,Outdated,Correct,NA
Septoglomus_turnauae_P4-bc1088-SPU-5-5-1-Blasz-12-2272D-s172_STFI_ASV2158_CCAMF,Outdated,Outdated,Outdated,Correct,NA
Septoglomus_turnauae_P4-bc1088-SPU-5-5-1-Blasz-12-2272D-s196_STFI_ASV2157_CCAMF,Outdated,Outdated,Outdated,Correct,NA
Septoglomus_turnauae_P4-bc1088-SPU-5-5-1-Blasz-12-2272D-s4314_STFI_ASV2155_CCAMF,Outdated,Outdated,Outdated,Correct,NA
Septoglomus_turnauae_P4-bc1088-SPU-5-5-1-Blasz-12-2272D-s820_STFI_ASV2154_CCAMF,Outdated,Outdated,Outdated,Correct,NA
Gigaspora_rosea_P4-bc1089-SPU-5-4-1-CU131-1018E-s43_STFI_ASV2130_CCAMF,Correct,Correct,Correct,Correct,Correct
Gigaspora_rosea_P4-bc1089-SPU-5-4-1-CU131-1018E-s54_STFI_ASV2129_CCAMF,Correct,Correct,Correct,Correct,Correct
Gigaspora_rosea_P4-bc1089-SPU-5-4-1-CU131-1018E-s70_STFI_ASV2098_CCAMF,Correct,Correct,Correct,Correct,Correct
Gigaspora_rosea_P4-bc1089-SPU-5-4-1-CU131-1018E-s99_STFI_ASV2050_CCAMF,Correct,Correct,Correct,Correct,NA
Cetraspora_gilmorei_P4-bc1091-SPU-5-3-1-CW0008-2669B-s121_STFI_ASV2125_CCAMF,Correct,Outdated,Wrong,Correct,NA
Cetraspora_gilmorei_P4-bc1091-SPU-5-3-1-CW0008-2669B-s124_STFI_ASV2123_CCAMF,Correct,Outdated,Wrong,Correct,NA
Cetraspora_gilmorei_P4-bc1091-SPU-5-3-1-CW0008-2669B-s153_STFI_ASV2122_CCAMF,Correct,Outdated,Wrong,Correct,NA
Cetraspora_gilmorei_P4-bc1091-SPU-5-3-1-CW0008-2669B-s5021_STFI_ASV2108_CCAMF,Correct,Outdated,Wrong,Correct,NA
Cetraspora_gilmorei_P4-bc1091-SPU-5-3-1-CW0008-2669B-s679_STFI_ASV2121_CCAMF,Correct,Outdated,Wrong,Correct,NA
Cetraspora_gilmorei_P4-bc1091-SPU-5-3-1-CW0008-2669B-s92_STFI_ASV2124_CCAMF,Correct,Outdated,Wrong,Correct,NA
Cetraspora_gilmorei_P4-bc1091-SPU-5-3-1-CW0008-2669B-s93_STFI_ASV2126_CCAMF,Correct,Outdated,Wrong,Correct,NA
Cetraspora_gilmorei_P4-bc1092-SPU-5-3-2-CW0008-2669B-s10351_STFI_ASV2108_CCAMF,Correct,Outdated,Wrong,Correct,NA
Cetraspora_gilmorei_P4-bc1092-SPU-5-3-2-CW0008-2669B-s1137_STFI_ASV2084_CCAMF,Correct,Outdated,Wrong,Correct,NA
Cetraspora_gilmorei_P4-bc1092-SPU-5-3-2-CW0008-2669B-s2533_STFI_ASV2005_CCAMF,Correct,Outdated,Wrong,Correct,NA
Ambispora_sp._P4-bc1093-SPU-6-11-9-ON205-s167_STFI_ASV2049_CCAMF,Correct,Correct,Correct,Correct,LSU_NA
Rhizophagus_irregularis_P4-bc1095-SPU-8-1-24-197198-s156_STFI_ASV2052_CCAMF,Outdated,Outdated,Outdated,NA,NA
Rhizophagus_irregularis_P4-bc1095-SPU-8-1-24-197198-s190_STFI_ASV2063_CCAMF,Outdated,Outdated,Outdated,NA,NA
Rhizophagus_irregularis_P4-bc1095-SPU-8-1-24-197198-s216_STFI_ASV2000_CCAMF,Outdated,Outdated,Outdated,Correct,Correct
Rhizophagus_irregularis_P4-bc1095-SPU-8-1-24-197198-s472_STFI_ASV2015_CCAMF,Outdated,Outdated,Outdated,NA,NA
Rhizophagus_irregularis_P4-bc1095-SPU-8-1-24-197198-s629_STFI_ASV2030_CCAMF,Outdated,Outdated,Outdated,NA,NA
Rhizophagus_irregularis_P4-bc1096-SPU-8-1-22-197198-s218_STFI_ASV2063_CCAMF,Outdated,Outdated,Outdated,NA,NA
Rhizophagus_irregularis_P4-bc1096-SPU-8-1-22-197198-s286_STFI_ASV2015_CCAMF,Outdated,Outdated,Outdated,NA,NA
Rhizophagus_irregularis_P4-bc1096-SPU-8-1-22-197198-s359_STFI_ASV2052_CCAMF,Outdated,Outdated,Outdated,NA,NA
Rhizophagus_irregularis_P4-bc1096-SPU-8-1-22-197198-s816_STFI_ASV2030_CCAMF,Outdated,Outdated,Outdated,NA,NA
Rhizophagus_irregularis_P4-bc1096-SPU-8-1-22-197198-s85_STFI_ASV2134_CCAMF,Outdated,Outdated,Outdated,NA,NA
Dentiscutata_erythropa_RI275_31_KU_ASV1149_INVAM,Correct,LSU_NA,NA,LSU_NA,NA
Dentiscutata_erythropa_RI275_31_KU_ASV1150_INVAM,Correct,Outdated,NA,NA,NA
Dentiscutata_erythropa_RI275_31_KU_ASV1151_INVAM,Correct,Outdated,NA,NA,NA
Dentiscutata_erythropa_RI275_31_KU_ASV1152_INVAM,Correct,Outdated,Wrong,NA,NA
Dentiscutata_erythropa_RI275_31_KU_ASV1153_INVAM,Correct,Outdated,NA,NA,NA
Dentiscutata_erythropa_RI275_31_KU_ASV1154_INVAM,Correct,Outdated,NA,NA,NA
Dentiscutata_erythropa_RI275_31_KU_ASV1155_INVAM,Correct,Outdated,Wrong,NA,NA
Dentiscutata_erythropa_RI275_31_KU_ASV1156_INVAM,Correct,Outdated,NA,NA,NA
Dentiscutata_erythropa_RI275_31_KU_ASV1157_INVAM,Correct,Outdated,Wrong,NA,NA
Acaulospora_koskei_SC705_ZU_ASV1057_INVAM,Correct,Correct,Correct,Correct,Correct
Archaeospora_trappei_SF124_22_KU_ASV1140_INVAM,NA,NA,NA,NA,NA
Archaeospora_trappei_SF124_22_KU_ASV1141_INVAM,NA,NA,NA,NA,NA
Archaeospora_trappei_SF124_22_KU_ASV1142_INVAM,NA,NA,NA,NA,NA
Archaeospora_trappei_SF124_22_KU_ASV1143_INVAM,NA,NA,NA,NA,NA
Diversispora_sp._W6227_ZUII_ASV1188_INVAM,Correct,Correct,Correct,Correct,LSU_NA
Diversispora_sp._W6227_ZUII_ASV1189_INVAM,Correct,Correct,Correct,Correct,LSU_NA
Acaulospora_sp._WV685_ZU_ASV1058_INVAM,Correct,Correct,Correct,NA,LSU_NA
Acaulospora_sp._WV685_ZU_ASV1060_INVAM,Correct,Correct,Correct,NA,LSU_NA
Acaulospora_sp._WV685_ZU_ASV1061_INVAM,Correct,Correct,Correct,NA,LSU_NA
Acaulospora_sp._WV685_ZU_ASV1065_INVAM,Correct,Correct,Correct,NA,LSU_NA
Acaulospora_sp._WV685_ZU_ASV1066_INVAM,Correct,Correct,Correct,NA,LSU_NA
Acaulospora_sp._WV685_ZU_ASV1069_INVAM,Correct,Correct,Correct,NA,LSU_NA
Acaulospora_sp._WV685_ZU_ASV1070_INVAM,Correct,Correct,Correct,NA,LSU_NA
Funneliformis_mosseae_WY107_KU_ASV1006_INVAM,Outdated,Outdated,Outdated,Correct,NA
Funneliformis_mosseae_WY107_KU_ASV1018_INVAM,Outdated,Outdated,Outdated,Correct,NA
Funneliformis_mosseae_WY107_KU_ASV1048_INVAM,Outdated,Outdated,Outdated,Correct,NA
Funneliformis_mosseae_WY107_KU_ASV1228_INVAM,Outdated,Outdated,Outdated,Correct,NA
Funneliformis_mosseae_WY107_KU_ASV1229_INVAM,Outdated,Outdated,Outdated,Correct,NA
Funneliformis_mosseae_WY107_KU_ASV1230_INVAM,Outdated,Outdated,Outdated,Correct,NA
Funneliformis_mosseae_WY107_KU_ASV1231_INVAM,Outdated,Outdated,Outdated,Correct,NA
Funneliformis_mosseae_WY107_KU_ASV1232_INVAM,Outdated,Outdated,Outdated,Correct,NA
Funneliformis_mosseae_WY107_KU_ASV1233_INVAM,Outdated,Outdated,Outdated,Correct,NA
Funneliformis_mosseae_WY107_KU_ASV1234_INVAM,Outdated,Outdated,Outdated,Correct,NA
Funneliformis_mosseae_WY107_KU_ASV1235_INVAM,Outdated,Outdated,Outdated,Correct,NA
Funneliformis_mosseae_WY107_KU_ASV1236_INVAM,Outdated,Outdated,Outdated,Correct,NA
Funneliformis_mosseae_WY107_KU_ASV1237_INVAM,Outdated,Outdated,Outdated,Correct,NA
Funneliformis_mosseae_WY107_KU_ASV1238_INVAM,Outdated,Outdated,Outdated,Correct,NA
Funneliformis_mosseae_WY107_KU_ASV1239_INVAM,Outdated,Outdated,Outdated,Correct,NA