ASV_original,ASV_updated,ASV_genus,ASV_species,ASV_culture,ASV_seqrun,Culture_collection,ASV_ID,SSU_kingdom,SSU_phylum,SSU_class,SSU_order,SSU_family,SSU_genus,SSU_species,SSU_Consensus,ITS_kingdom,ITS_phylum,ITS_class,ITS_order,ITS_family,ITS_genus,ITS_species,ITS_Consensus,fg_confidence,ft_primary_lifestyle,ft_secondary_lifestyle,LSU_phylum,LSU_family,LSU_genus,SSU_primer_success,ITS_primer_success,LSU_primer_align_success,method_LSU
Gigaspora_margarita_120_7A_KU_ASV1308,Gigaspora_margarita_120_7A_KU_ASV1308_BeverSchultz,Gigaspora,margarita,120_7A,KU,BeverSchultz,ASV1308,Fungi,Mucoromycota,Glomeromycetes,Diversisporales,Gigasporaceae,Gigaspora,VTX00039,1,Fungi,Glomeromycota,Glomeromycetes,Gigasporales,Gigasporaceae,Gigaspora,margarita,0.9,Highly_Probable,arbuscular_mycorrhizal,root-associated,Glomeromycota,Gigasporaceae,Gigaspora,yes,yes,yes,primer
Gigaspora_margarita_120_7A_KU_ASV1309,Gigaspora_margarita_120_7A_KU_ASV1309_BeverSchultz,Gigaspora,margarita,120_7A,KU,BeverSchultz,ASV1309,Fungi,Mucoromycota,Glomeromycetes,Diversisporales,Gigasporaceae,Gigaspora,VTX00039,1,Fungi,Glomeromycota,Glomeromycetes,Gigasporales,Gigasporaceae,Gigaspora,margarita,0.7,Highly_Probable,arbuscular_mycorrhizal,root-associated,Glomeromycota,Gigasporaceae,Gigaspora,yes,yes,yes,primer
Gigaspora_margarita_120_7A_KU_ASV1311,Gigaspora_margarita_120_7A_KU_ASV1311_BeverSchultz,Gigaspora,margarita,120_7A,KU,BeverSchultz,ASV1311,Fungi,Mucoromycota,Glomeromycetes,Diversisporales,Gigasporaceae,Gigaspora,VTX00039,1,Fungi,Glomeromycota,Glomeromycetes,Gigasporales,Gigasporaceae,Gigaspora,margarita,0.8,Highly_Probable,arbuscular_mycorrhizal,root-associated,Glomeromycota,Gigasporaceae,Gigaspora,yes,yes,yes,primer
Racocetra_sp_179_Blask4_ZU_ASV1373,Racocetra_sp_179_Blask4_ZU_ASV1373_Blaszkowski,Racocetra,sp,179_Blask4,ZU,Blaszkowski,ASV1373,Fungi,Mucoromycota,Glomeromycetes,Diversisporales,Gigasporaceae,Scutellospora,VTX00041,0.9,Fungi,Glomeromycota,Glomeromycetes,Gigasporales,NA,NA,NA,1,Highly_Probable,NA,NA,Glomeromycota,Gigasporaceae,Racocetra,yes,yes,yes,primer
Racocetra_sp._179_Blask4_ZU_ASV1374,Racocetra_sp._179_Blask4_ZU_ASV1374_Blaszkowski,Racocetra,sp.,179_Blask4,ZU,Blaszkowski,ASV1374,Fungi,Mucoromycota,Glomeromycetes,Diversisporales,Gigasporaceae,Scutellospora,VTX00041,0.9,Fungi,Glomeromycota,Glomeromycetes,Gigasporales,NA,NA,NA,1,Highly_Probable,NA,NA,Glomeromycota,Gigasporaceae,Racocetra,yes,yes,yes,primer
Racocetra_sp._179_Blask4_ZU_ASV1375,Racocetra_sp._179_Blask4_ZU_ASV1375_Blaszkowski,Racocetra,sp.,179_Blask4,ZU,Blaszkowski,ASV1375,Fungi,Mucoromycota,Glomeromycetes,Diversisporales,Gigasporaceae,Scutellospora,VTX00041,0.9,Fungi,Glomeromycota,Glomeromycetes,Gigasporales,NA,NA,NA,1,Highly_Probable,NA,NA,Glomeromycota,Gigasporaceae,Racocetra,yes,yes,yes,primer
Funneliformis_mosseae_510_4A_KU_ASV1256,Funneliformis_mosseae_510_4A_KU_ASV1256_BeverSchultz,Funneliformis,mosseae,510_4A,KU,BeverSchultz,ASV1256,Fungi,Mucoromycota,Glomeromycetes,Glomerales,Glomeraceae,Glomus,VTX00067,1,Fungi,Glomeromycota,Glomeromycetes,Glomerales,Glomeraceae,Funneliformis,NA,0.9,Highly_Probable,arbuscular_mycorrhizal,root-associated,Glomeromycota,Septoglomeraceae,Funneliformis,yes,yes,yes,primer
Funneliformis_mosseae_510_4A_KU_ASV1257,Funneliformis_mosseae_510_4A_KU_ASV1257_BeverSchultz,Funneliformis,mosseae,510_4A,KU,BeverSchultz,ASV1257,Fungi,Mucoromycota,Glomeromycetes,Glomerales,Glomeraceae,Glomus,VTX00067,1,Fungi,Glomeromycota,Glomeromycetes,Glomerales,Glomeraceae,Funneliformis,NA,1,Highly_Probable,arbuscular_mycorrhizal,root-associated,Glomeromycota,Septoglomeraceae,Funneliformis,yes,yes,yes,primer
Funneliformis_mosseae_510_4A_KU_ASV1270,Funneliformis_mosseae_510_4A_KU_ASV1270_BeverSchultz,Funneliformis,mosseae,510_4A,KU,BeverSchultz,ASV1270,Fungi,Mucoromycota,Glomeromycetes,Glomerales,Glomeraceae,Glomus,VTX00067,1,Fungi,Glomeromycota,Glomeromycetes,Glomerales,Glomeraceae,Funneliformis,NA,0.6,Highly_Probable,arbuscular_mycorrhizal,root-associated,Glomeromycota,Septoglomeraceae,Funneliformis,yes,yes,yes,primer
Funneliformis_mosseae_510_4A_KU_ASV1272,Funneliformis_mosseae_510_4A_KU_ASV1272_BeverSchultz,Funneliformis,mosseae,510_4A,KU,BeverSchultz,ASV1272,Fungi,Mucoromycota,Glomeromycetes,Glomerales,Glomeraceae,Glomus,VTX00067,1,Fungi,Glomeromycota,Glomeromycetes,Glomerales,Glomeraceae,Funneliformis,mosseae,0.7,Highly_Probable,arbuscular_mycorrhizal,root-associated,Glomeromycota,Septoglomeraceae,Funneliformis,yes,yes,yes,primer
Funneliformis_mosseae_510_4A_KU_ASV1273,Funneliformis_mosseae_510_4A_KU_ASV1273_BeverSchultz,Funneliformis,mosseae,510_4A,KU,BeverSchultz,ASV1273,Fungi,Mucoromycota,Glomeromycetes,Glomerales,Glomeraceae,Glomus,VTX00067,1,Fungi,Glomeromycota,Glomeromycetes,Glomerales,Glomeraceae,Funneliformis,NA,0.6,Highly_Probable,arbuscular_mycorrhizal,root-associated,Glomeromycota,Septoglomeraceae,Funneliformis,yes,yes,yes,primer
Funneliformis_mosseae_510_4A_KU_ASV1276,Funneliformis_mosseae_510_4A_KU_ASV1276_BeverSchultz,Funneliformis,mosseae,510_4A,KU,BeverSchultz,ASV1276,Fungi,Mucoromycota,Glomeromycetes,Glomerales,Glomeraceae,Glomus,VTX00067,1,Fungi,Glomeromycota,Glomeromycetes,Glomerales,Glomeraceae,Funneliformis,mosseae,0.7,Highly_Probable,arbuscular_mycorrhizal,root-associated,Glomeromycota,Septoglomeraceae,Funneliformis,yes,yes,yes,primer
Funneliformis_mosseae_510_4A_KU_ASV1277,Funneliformis_mosseae_510_4A_KU_ASV1277_BeverSchultz,Funneliformis,mosseae,510_4A,KU,BeverSchultz,ASV1277,Fungi,Mucoromycota,Glomeromycetes,Glomerales,Glomeraceae,Glomus,VTX00067,1,Fungi,Glomeromycota,Glomeromycetes,Glomerales,Glomeraceae,Funneliformis,NA,1,Highly_Probable,arbuscular_mycorrhizal,root-associated,Glomeromycota,Septoglomeraceae,Funneliformis,yes,yes,yes,primer
Funneliformis_mosseae_87_11_KU_ASV1260,Funneliformis_mosseae_87_11_KU_ASV1260_BeverSchultz,Funneliformis,mosseae,87_11,KU,BeverSchultz,ASV1260,Fungi,Mucoromycota,Glomeromycetes,Glomerales,Glomeraceae,Glomus,VTX00067,1,Fungi,Glomeromycota,Glomeromycetes,Glomerales,Glomeraceae,Funneliformis,NA,1,Highly_Probable,arbuscular_mycorrhizal,root-associated,Glomeromycota,Septoglomeraceae,Funneliformis,yes,yes,yes,primer
Funneliformis_mosseae_87_11_KU_ASV1262,Funneliformis_mosseae_87_11_KU_ASV1262_BeverSchultz,Funneliformis,mosseae,87_11,KU,BeverSchultz,ASV1262,Fungi,Mucoromycota,Glomeromycetes,Glomerales,Glomeraceae,Glomus,VTX00067,1,Fungi,Glomeromycota,Glomeromycetes,Glomerales,Glomeraceae,Funneliformis,mosseae,0.7,Highly_Probable,arbuscular_mycorrhizal,root-associated,Glomeromycota,Septoglomeraceae,Funneliformis,yes,yes,yes,primer
Funneliformis_mosseae_87_11_KU_ASV1263,Funneliformis_mosseae_87_11_KU_ASV1263_BeverSchultz,Funneliformis,mosseae,87_11,KU,BeverSchultz,ASV1263,Fungi,Mucoromycota,Glomeromycetes,Glomerales,Glomeraceae,Glomus,VTX00067,1,Fungi,Glomeromycota,Glomeromycetes,Glomerales,Glomeraceae,Funneliformis,NA,1,Highly_Probable,arbuscular_mycorrhizal,root-associated,Glomeromycota,Septoglomeraceae,Funneliformis,yes,yes,yes,primer
Funneliformis_mosseae_87_11_KU_ASV1264,Funneliformis_mosseae_87_11_KU_ASV1264_BeverSchultz,Funneliformis,mosseae,87_11,KU,BeverSchultz,ASV1264,Fungi,Mucoromycota,Glomeromycetes,Glomerales,Glomeraceae,Glomus,VTX00067,1,Fungi,Glomeromycota,Glomeromycetes,Glomerales,Glomeraceae,Funneliformis,mosseae,0.7,Highly_Probable,arbuscular_mycorrhizal,root-associated,Glomeromycota,Septoglomeraceae,Funneliformis,yes,yes,yes,primer
Funneliformis_mosseae_87_11_KU_ASV1265,Funneliformis_mosseae_87_11_KU_ASV1265_BeverSchultz,Funneliformis,mosseae,87_11,KU,BeverSchultz,ASV1265,Fungi,Mucoromycota,Glomeromycetes,Glomerales,Glomeraceae,Glomus,VTX00067,1,Fungi,Glomeromycota,Glomeromycetes,Glomerales,Glomeraceae,Funneliformis,mosseae,0.7,Highly_Probable,arbuscular_mycorrhizal,root-associated,Glomeromycota,Septoglomeraceae,Funneliformis,yes,yes,yes,primer
Funneliformis_mosseae_87_11_KU_ASV1267,Funneliformis_mosseae_87_11_KU_ASV1267_BeverSchultz,Funneliformis,mosseae,87_11,KU,BeverSchultz,ASV1267,Fungi,Mucoromycota,Glomeromycetes,Glomerales,Glomeraceae,Glomus,VTX00067,1,Fungi,Glomeromycota,Glomeromycetes,Glomerales,Glomeraceae,Funneliformis,mosseae,0.7,Highly_Probable,arbuscular_mycorrhizal,root-associated,Glomeromycota,Septoglomeraceae,Funneliformis,yes,yes,yes,primer
Funneliformis_mosseae_87_11_KU_ASV1268,Funneliformis_mosseae_87_11_KU_ASV1268_BeverSchultz,Funneliformis,mosseae,87_11,KU,BeverSchultz,ASV1268,Fungi,Mucoromycota,Glomeromycetes,Glomerales,Glomeraceae,Glomus,VTX00067,1,Fungi,Glomeromycota,Glomeromycetes,Glomerales,Glomeraceae,Funneliformis,NA,1,Highly_Probable,arbuscular_mycorrhizal,root-associated,Glomeromycota,Septoglomeraceae,Funneliformis,yes,yes,yes,primer
Funneliformis_mosseae_87_11_KU_ASV1274,Funneliformis_mosseae_87_11_KU_ASV1274_BeverSchultz,Funneliformis,mosseae,87_11,KU,BeverSchultz,ASV1274,Fungi,Mucoromycota,Glomeromycetes,Glomerales,Glomeraceae,Glomus,VTX00067,1,Fungi,Glomeromycota,Glomeromycetes,Glomerales,Glomeraceae,Funneliformis,mosseae,0.7,Highly_Probable,arbuscular_mycorrhizal,root-associated,Glomeromycota,Septoglomeraceae,Funneliformis,yes,yes,yes,primer
Funneliformis_mosseae_87_11_KU_ASV1281,Funneliformis_mosseae_87_11_KU_ASV1281_BeverSchultz,Funneliformis,mosseae,87_11,KU,BeverSchultz,ASV1281,Fungi,Mucoromycota,Glomeromycetes,Glomerales,Glomeraceae,Glomus,VTX00067,1,Fungi,Glomeromycota,Glomeromycetes,Glomerales,Glomeraceae,Funneliformis,mosseae,0.7,Highly_Probable,arbuscular_mycorrhizal,root-associated,Glomeromycota,Septoglomeraceae,Funneliformis,yes,yes,yes,primer
Funneliformis_mosseae_87_11_KU_ASV1283,Funneliformis_mosseae_87_11_KU_ASV1283_BeverSchultz,Funneliformis,mosseae,87_11,KU,BeverSchultz,ASV1283,Fungi,Mucoromycota,Glomeromycetes,Glomerales,Glomeraceae,Glomus,VTX00067,1,Fungi,Glomeromycota,Glomeromycetes,Glomerales,Glomeraceae,Funneliformis,mosseae,0.7,Highly_Probable,arbuscular_mycorrhizal,root-associated,Glomeromycota,Septoglomeraceae,Funneliformis,yes,yes,yes,primer
Funneliformis_mosseae_87_11_KU_ASV1285,Funneliformis_mosseae_87_11_KU_ASV1285_BeverSchultz,Funneliformis,mosseae,87_11,KU,BeverSchultz,ASV1285,Fungi,Mucoromycota,Glomeromycetes,Glomerales,Glomeraceae,Glomus,VTX00067,1,Fungi,Glomeromycota,Glomeromycetes,Glomerales,Glomeraceae,Funneliformis,mosseae,0.7,Highly_Probable,arbuscular_mycorrhizal,root-associated,Glomeromycota,Septoglomeraceae,Funneliformis,yes,yes,yes,primer
Funneliformis_mosseae_87_11_KU_ASV1286,Funneliformis_mosseae_87_11_KU_ASV1286_BeverSchultz,Funneliformis,mosseae,87_11,KU,BeverSchultz,ASV1286,Fungi,Mucoromycota,Glomeromycetes,Glomerales,Glomeraceae,Glomus,VTX00067,1,Fungi,Glomeromycota,Glomeromycetes,Glomerales,Glomeraceae,Funneliformis,NA,1,Highly_Probable,arbuscular_mycorrhizal,root-associated,Glomeromycota,Septoglomeraceae,Funneliformis,yes,yes,yes,primer
Funneliformis_mosseae_87_11_KU_ASV1287,Funneliformis_mosseae_87_11_KU_ASV1287_BeverSchultz,Funneliformis,mosseae,87_11,KU,BeverSchultz,ASV1287,Fungi,Mucoromycota,Glomeromycetes,Glomerales,Glomeraceae,Glomus,VTX00067,1,Fungi,Glomeromycota,Glomeromycetes,Glomerales,Glomeraceae,Funneliformis,NA,0.9,Highly_Probable,arbuscular_mycorrhizal,root-associated,Glomeromycota,Septoglomeraceae,Funneliformis,yes,yes,yes,primer
Ambispora_fennica_Af2_ZU_ASV1109,Ambispora_fennica_Af2_ZU_ASV1109_KrugerWalker,Ambispora,fennica,Af2,ZU,KrugerWalker,ASV1109,Fungi,Mucoromycota,Archaeosporomycetes,Archaeosporales,Ambisporaceae,Ambispora,VTX00283,1,Fungi,Glomeromycota,Archaeosporomycetes,Archaeosporales,Ambisporaceae,Ambispora,NA,0.7,Highly_Probable,arbuscular_mycorrhizal,root-associated,Glomeromycota,Ambisporaceae,Ambispora,yes,yes,yes,primer
Ambispora_fennica_Af2_ZU_ASV1110,Ambispora_fennica_Af2_ZU_ASV1110_KrugerWalker,Ambispora,fennica,Af2,ZU,KrugerWalker,ASV1110,Fungi,Mucoromycota,Archaeosporomycetes,Archaeosporales,Ambisporaceae,Ambispora,VTX00283,1,Fungi,Glomeromycota,Archaeosporomycetes,Archaeosporales,Ambisporaceae,Ambispora,NA,0.7,Highly_Probable,arbuscular_mycorrhizal,root-associated,Glomeromycota,Ambisporaceae,Ambispora,yes,yes,yes,primer
Ambispora_fennica_Af2_ZU_ASV1111,Ambispora_fennica_Af2_ZU_ASV1111_KrugerWalker,Ambispora,fennica,Af2,ZU,KrugerWalker,ASV1111,Fungi,Mucoromycota,Archaeosporomycetes,Archaeosporales,Ambisporaceae,Ambispora,VTX00283,1,Fungi,Glomeromycota,Archaeosporomycetes,Archaeosporales,Ambisporaceae,Ambispora,NA,0.7,Highly_Probable,arbuscular_mycorrhizal,root-associated,Glomeromycota,Ambisporaceae,Ambispora,yes,yes,yes,primer
Ambispora_fennica_Af2_ZU_ASV1112,Ambispora_fennica_Af2_ZU_ASV1112_KrugerWalker,Ambispora,fennica,Af2,ZU,KrugerWalker,ASV1112,Fungi,Mucoromycota,Archaeosporomycetes,Archaeosporales,Ambisporaceae,Ambispora,VTX00283,1,Fungi,Glomeromycota,Archaeosporomycetes,Archaeosporales,Ambisporaceae,Ambispora,NA,0.7,Highly_Probable,arbuscular_mycorrhizal,root-associated,Glomeromycota,Ambisporaceae,Ambispora,yes,yes,yes,primer
Ambispora_fennica_Af2_ZU_ASV1113,Ambispora_fennica_Af2_ZU_ASV1113_KrugerWalker,Ambispora,fennica,Af2,ZU,KrugerWalker,ASV1113,Fungi,Mucoromycota,Archaeosporomycetes,Archaeosporales,Ambisporaceae,Ambispora,VTX00283,1,Fungi,Glomeromycota,Archaeosporomycetes,Archaeosporales,Ambisporaceae,Ambispora,NA,0.7,Highly_Probable,arbuscular_mycorrhizal,root-associated,Glomeromycota,Ambisporaceae,Ambispora,yes,yes,yes,primer
Gigaspora_decipiens_AU102_9_KU_ASV1301,Gigaspora_decipiens_AU102_9_KU_ASV1301_INVAM,Gigaspora,decipiens,AU102_9,KU,INVAM,ASV1301,Fungi,Mucoromycota,Glomeromycetes,Diversisporales,Gigasporaceae,Gigaspora,VTX00039,1,Fungi,Glomeromycota,Glomeromycetes,Gigasporales,Gigasporaceae,Gigaspora,margarita,0.8,Highly_Probable,arbuscular_mycorrhizal,root-associated,Glomeromycota,Gigasporaceae,Gigaspora,yes,yes,yes,primer
Gigaspora_decipiens_AU102_9_KU_ASV1302,Gigaspora_decipiens_AU102_9_KU_ASV1302_INVAM,Gigaspora,decipiens,AU102_9,KU,INVAM,ASV1302,Fungi,Mucoromycota,Glomeromycetes,Diversisporales,Gigasporaceae,Gigaspora,VTX00039,1,Fungi,Glomeromycota,Glomeromycetes,Gigasporales,Gigasporaceae,Gigaspora,margarita,0.8,Highly_Probable,arbuscular_mycorrhizal,root-associated,Glomeromycota,Gigasporaceae,Gigaspora,yes,yes,yes,primer
Gigaspora_decipiens_AU102_9_KU_ASV1303,Gigaspora_decipiens_AU102_9_KU_ASV1303_INVAM,Gigaspora,decipiens,AU102_9,KU,INVAM,ASV1303,Fungi,Mucoromycota,Glomeromycetes,Diversisporales,Gigasporaceae,Gigaspora,VTX00039,1,Fungi,Glomeromycota,Glomeromycetes,Gigasporales,Gigasporaceae,Gigaspora,margarita,0.6,Highly_Probable,arbuscular_mycorrhizal,root-associated,Glomeromycota,Gigasporaceae,Gigaspora,yes,yes,yes,primer
Scutellospora_calospora_AU212B_ZUII_ASV1413,Scutellospora_calospora_AU212B_ZUII_ASV1413_INVAM,Scutellospora,calospora,AU212B,ZUII,INVAM,ASV1413,Fungi,Mucoromycota,Glomeromycetes,Diversisporales,Gigasporaceae,Scutellospora,VTX00049,1,Fungi,Glomeromycota,Glomeromycetes,Gigasporales,Scutellosporaceae,Scutellospora,NA,0.6,Highly_Probable,arbuscular_mycorrhizal,root-associated,Glomeromycota,Gigasporaceae,Scutellospora,yes,yes,yes,primer
Scutellospora_calospora_AU212B_ZUII_ASV1414,Scutellospora_calospora_AU212B_ZUII_ASV1414_INVAM,Scutellospora,calospora,AU212B,ZUII,INVAM,ASV1414,Fungi,Mucoromycota,Glomeromycetes,Diversisporales,Gigasporaceae,Scutellospora,VTX00049,1,Fungi,Glomeromycota,Glomeromycetes,Gigasporales,Scutellosporaceae,Scutellospora,NA,0.6,Highly_Probable,arbuscular_mycorrhizal,root-associated,Glomeromycota,Gigasporaceae,Scutellospora,yes,yes,yes,primer
Funneliformis_mosseae_BEG12_ZU_ASV1007,Funneliformis_mosseae_BEG12_ZU_ASV1007_BEG,Funneliformis,mosseae,BEG12,ZU,BEG,ASV1007,Fungi,Mucoromycota,Glomeromycetes,Glomerales,Glomeraceae,Glomus,VTX00067,1,Fungi,Glomeromycota,Glomeromycetes,Glomerales,Glomeraceae,Funneliformis,mosseae,0.7,Highly_Probable,arbuscular_mycorrhizal,root-associated,Glomeromycota,Septoglomeraceae,Funneliformis,yes,yes,yes,primer
Funneliformis_mosseae_BEG12_ZUII_ASV1007,Funneliformis_mosseae_BEG12_ZUII_ASV1007_BEG,Funneliformis,mosseae,BEG12,ZUII,BEG,ASV1007,Fungi,Mucoromycota,Glomeromycetes,Glomerales,Glomeraceae,Glomus,VTX00067,1,Fungi,Glomeromycota,Glomeromycetes,Glomerales,Glomeraceae,Funneliformis,mosseae,0.7,Highly_Probable,arbuscular_mycorrhizal,root-associated,Glomeromycota,Septoglomeraceae,Funneliformis,yes,yes,yes,primer
Funneliformis_mosseae_BEG12_ZU_ASV1020,Funneliformis_mosseae_BEG12_ZU_ASV1020_BEG,Funneliformis,mosseae,BEG12,ZU,BEG,ASV1020,Fungi,Mucoromycota,Glomeromycetes,Glomerales,Glomeraceae,Glomus,VTX00067,1,Fungi,Glomeromycota,Glomeromycetes,Glomerales,Glomeraceae,Funneliformis,mosseae,1,Highly_Probable,arbuscular_mycorrhizal,root-associated,Glomeromycota,Septoglomeraceae,Funneliformis,yes,yes,yes,primer
Funneliformis_mosseae_BEG12_ZUII_ASV1020,Funneliformis_mosseae_BEG12_ZUII_ASV1020_BEG,Funneliformis,mosseae,BEG12,ZUII,BEG,ASV1020,Fungi,Mucoromycota,Glomeromycetes,Glomerales,Glomeraceae,Glomus,VTX00067,1,Fungi,Glomeromycota,Glomeromycetes,Glomerales,Glomeraceae,Funneliformis,mosseae,1,Highly_Probable,arbuscular_mycorrhizal,root-associated,Glomeromycota,Septoglomeraceae,Funneliformis,yes,yes,yes,primer
Funneliformis_mosseae_BEG12_ZU_ASV1036,Funneliformis_mosseae_BEG12_ZU_ASV1036_BEG,Funneliformis,mosseae,BEG12,ZU,BEG,ASV1036,Fungi,Mucoromycota,Glomeromycetes,Glomerales,Glomeraceae,Glomus,VTX00067,1,Fungi,Glomeromycota,Glomeromycetes,Glomerales,Glomeraceae,Funneliformis,mosseae,0.7,Highly_Probable,arbuscular_mycorrhizal,root-associated,Glomeromycota,Septoglomeraceae,Funneliformis,yes,yes,yes,primer
Funneliformis_mosseae_BEG12_ZUII_ASV1036,Funneliformis_mosseae_BEG12_ZUII_ASV1036_BEG,Funneliformis,mosseae,BEG12,ZUII,BEG,ASV1036,Fungi,Mucoromycota,Glomeromycetes,Glomerales,Glomeraceae,Glomus,VTX00067,1,Fungi,Glomeromycota,Glomeromycetes,Glomerales,Glomeraceae,Funneliformis,mosseae,0.7,Highly_Probable,arbuscular_mycorrhizal,root-associated,Glomeromycota,Septoglomeraceae,Funneliformis,yes,yes,yes,primer
Funneliformis_mosseae_BEG12_ZU_ASV1041,Funneliformis_mosseae_BEG12_ZU_ASV1041_BEG,Funneliformis,mosseae,BEG12,ZU,BEG,ASV1041,Fungi,Mucoromycota,Glomeromycetes,Glomerales,Glomeraceae,Glomus,VTX00067,1,Fungi,Glomeromycota,Glomeromycetes,Glomerales,Glomeraceae,Funneliformis,mosseae,0.9,Highly_Probable,arbuscular_mycorrhizal,root-associated,Glomeromycota,Septoglomeraceae,Funneliformis,yes,yes,yes,primer
Funneliformis_mosseae_BEG12_ZUII_ASV1041,Funneliformis_mosseae_BEG12_ZUII_ASV1041_BEG,Funneliformis,mosseae,BEG12,ZUII,BEG,ASV1041,Fungi,Mucoromycota,Glomeromycetes,Glomerales,Glomeraceae,Glomus,VTX00067,1,Fungi,Glomeromycota,Glomeromycetes,Glomerales,Glomeraceae,Funneliformis,mosseae,0.9,Highly_Probable,arbuscular_mycorrhizal,root-associated,Glomeromycota,Septoglomeraceae,Funneliformis,yes,yes,yes,primer
Funneliformis_mosseae_BEG12_ZU_ASV1050,Funneliformis_mosseae_BEG12_ZU_ASV1050_BEG,Funneliformis,mosseae,BEG12,ZU,BEG,ASV1050,Fungi,Mucoromycota,Glomeromycetes,Glomerales,Glomeraceae,Glomus,VTX00067,1,Fungi,Glomeromycota,Glomeromycetes,Glomerales,Glomeraceae,Funneliformis,mosseae,1,Highly_Probable,arbuscular_mycorrhizal,root-associated,Glomeromycota,Septoglomeraceae,Funneliformis,yes,yes,yes,primer
Funneliformis_mosseae_BEG12_ZUII_ASV1050,Funneliformis_mosseae_BEG12_ZUII_ASV1050_BEG,Funneliformis,mosseae,BEG12,ZUII,BEG,ASV1050,Fungi,Mucoromycota,Glomeromycetes,Glomerales,Glomeraceae,Glomus,VTX00067,1,Fungi,Glomeromycota,Glomeromycetes,Glomerales,Glomeraceae,Funneliformis,mosseae,1,Highly_Probable,arbuscular_mycorrhizal,root-associated,Glomeromycota,Septoglomeraceae,Funneliformis,yes,yes,yes,primer
Funneliformis_mosseae_BEG12_ZU_ASV1242,Funneliformis_mosseae_BEG12_ZU_ASV1242_BEG,Funneliformis,mosseae,BEG12,ZU,BEG,ASV1242,Fungi,Mucoromycota,Glomeromycetes,Glomerales,Glomeraceae,Glomus,VTX00067,1,Fungi,Glomeromycota,Glomeromycetes,Glomerales,Glomeraceae,Funneliformis,mosseae,0.8,Highly_Probable,arbuscular_mycorrhizal,root-associated,Glomeromycota,Septoglomeraceae,Funneliformis,yes,yes,yes,primer
Funneliformis_mosseae_BEG12_ZU_ASV1243,Funneliformis_mosseae_BEG12_ZU_ASV1243_BEG,Funneliformis,mosseae,BEG12,ZU,BEG,ASV1243,Fungi,Mucoromycota,Glomeromycetes,Glomerales,Glomeraceae,Glomus,VTX00067,1,Fungi,Glomeromycota,Glomeromycetes,Glomerales,Glomeraceae,Funneliformis,mosseae,0.8,Highly_Probable,arbuscular_mycorrhizal,root-associated,Glomeromycota,Septoglomeraceae,Funneliformis,yes,yes,yes,primer
Funneliformis_mosseae_BEG12_ZU_ASV1244,Funneliformis_mosseae_BEG12_ZU_ASV1244_BEG,Funneliformis,mosseae,BEG12,ZU,BEG,ASV1244,Fungi,Mucoromycota,Glomeromycetes,Glomerales,Glomeraceae,Glomus,VTX00067,1,Fungi,Glomeromycota,Glomeromycetes,Glomerales,Glomeraceae,Funneliformis,mosseae,0.9,Highly_Probable,arbuscular_mycorrhizal,root-associated,Glomeromycota,Septoglomeraceae,Funneliformis,yes,yes,yes,primer
Funneliformis_mosseae_BEG12_ZU_ASV1246,Funneliformis_mosseae_BEG12_ZU_ASV1246_BEG,Funneliformis,mosseae,BEG12,ZU,BEG,ASV1246,Fungi,Mucoromycota,Glomeromycetes,Glomerales,Glomeraceae,Glomus,VTX00067,1,Fungi,Glomeromycota,Glomeromycetes,Glomerales,Glomeraceae,Funneliformis,mosseae,0.9,Highly_Probable,arbuscular_mycorrhizal,root-associated,Glomeromycota,Septoglomeraceae,Funneliformis,yes,yes,yes,primer
Funneliformis_mosseae_BEG12_ZU_ASV1248,Funneliformis_mosseae_BEG12_ZU_ASV1248_BEG,Funneliformis,mosseae,BEG12,ZU,BEG,ASV1248,Fungi,Mucoromycota,Glomeromycetes,Glomerales,Glomeraceae,Glomus,VTX00067,1,Fungi,Glomeromycota,Glomeromycetes,Glomerales,Glomeraceae,Funneliformis,mosseae,1,Highly_Probable,arbuscular_mycorrhizal,root-associated,Glomeromycota,Septoglomeraceae,Funneliformis,yes,yes,yes,primer
Funneliformis_mosseae_BEG12_ZU_ASV1250,Funneliformis_mosseae_BEG12_ZU_ASV1250_BEG,Funneliformis,mosseae,BEG12,ZU,BEG,ASV1250,Fungi,Mucoromycota,Glomeromycetes,Glomerales,Glomeraceae,Glomus,VTX00067,1,NA,NA,NA,NA,NA,NA,NA,NA,NA,NA,NA,Glomeromycota,Septoglomeraceae,Funneliformis,yes,no,yes,primer
Acaulospora_laevis_BEG13_ZUII_ASV1083,Acaulospora_laevis_BEG13_ZUII_ASV1083_BEG,Acaulospora,laevis,BEG13,ZUII,BEG,ASV1083,Fungi,Mucoromycota,Glomeromycetes,Diversisporales,Acaulosporaceae,Acaulospora,VTX00023,1,Fungi,Glomeromycota,Glomeromycetes,Diversisporales,Acaulosporaceae,Acaulospora,laevis,0.9,Highly_Probable,arbuscular_mycorrhizal,root-associated,Glomeromycota,Acaulosporaceae,Acaulospora,yes,yes,yes,primer
Acaulospora_laevis_BEG13_ZUII_ASV1086,Acaulospora_laevis_BEG13_ZUII_ASV1086_BEG,Acaulospora,laevis,BEG13,ZUII,BEG,ASV1086,Fungi,Mucoromycota,Glomeromycetes,Diversisporales,Acaulosporaceae,Acaulospora,VTX00023,1,Fungi,Glomeromycota,Glomeromycetes,Diversisporales,Acaulosporaceae,Acaulospora,laevis,0.9,Highly_Probable,arbuscular_mycorrhizal,root-associated,Glomeromycota,Acaulosporaceae,Acaulospora,yes,yes,yes,primer
Acaulospora_laevis_BEG13_ZUII_ASV1087,Acaulospora_laevis_BEG13_ZUII_ASV1087_BEG,Acaulospora,laevis,BEG13,ZUII,BEG,ASV1087,Fungi,Mucoromycota,Glomeromycetes,Diversisporales,Acaulosporaceae,Acaulospora,VTX00023,1,Fungi,Glomeromycota,Glomeromycetes,Diversisporales,Acaulosporaceae,Acaulospora,laevis,0.9,Highly_Probable,arbuscular_mycorrhizal,root-associated,Glomeromycota,Acaulosporaceae,Acaulospora,yes,yes,yes,primer
Funneliformis_mosseae_BEG161_ZU_ASV1240,Funneliformis_mosseae_BEG161_ZU_ASV1240_BEG,Funneliformis,mosseae,BEG161,ZU,BEG,ASV1240,Fungi,Mucoromycota,Glomeromycetes,Glomerales,Glomeraceae,Glomus,VTX00067,1,Fungi,Glomeromycota,Glomeromycetes,Glomerales,Glomeraceae,Funneliformis,mosseae,0.6,Highly_Probable,arbuscular_mycorrhizal,root-associated,Glomeromycota,Septoglomeraceae,Funneliformis,yes,yes,yes,primer
Funneliformis_mosseae_BEG161_ZU_ASV1241,Funneliformis_mosseae_BEG161_ZU_ASV1241_BEG,Funneliformis,mosseae,BEG161,ZU,BEG,ASV1241,Fungi,Mucoromycota,Glomeromycetes,Glomerales,Glomeraceae,Glomus,VTX00067,1,Fungi,Glomeromycota,Glomeromycetes,Glomerales,Glomeraceae,Funneliformis,NA,0.9,Highly_Probable,arbuscular_mycorrhizal,root-associated,Glomeromycota,Septoglomeraceae,Funneliformis,yes,yes,yes,primer
Funneliformis_mosseae_BEG161_ZU_ASV1245,Funneliformis_mosseae_BEG161_ZU_ASV1245_BEG,Funneliformis,mosseae,BEG161,ZU,BEG,ASV1245,Fungi,Mucoromycota,Glomeromycetes,Glomerales,Glomeraceae,Glomus,VTX00067,1,Fungi,Glomeromycota,Glomeromycetes,Glomerales,Glomeraceae,Funneliformis,NA,0.9,Highly_Probable,arbuscular_mycorrhizal,root-associated,Glomeromycota,Septoglomeraceae,Funneliformis,yes,yes,yes,primer
Funneliformis_mosseae_BEG161_ZU_ASV1247,Funneliformis_mosseae_BEG161_ZU_ASV1247_BEG,Funneliformis,mosseae,BEG161,ZU,BEG,ASV1247,Fungi,Mucoromycota,Glomeromycetes,Glomerales,Glomeraceae,Glomus,VTX00067,1,Fungi,Glomeromycota,Glomeromycetes,Glomerales,Glomeraceae,Funneliformis,NA,0.9,Highly_Probable,arbuscular_mycorrhizal,root-associated,Glomeromycota,Septoglomeraceae,Funneliformis,yes,yes,yes,primer
Funneliformis_mosseae_BEG161_ZU_ASV1249,Funneliformis_mosseae_BEG161_ZU_ASV1249_BEG,Funneliformis,mosseae,BEG161,ZU,BEG,ASV1249,Fungi,Mucoromycota,Glomeromycetes,Glomerales,Glomeraceae,Glomus,VTX00067,1,Fungi,Glomeromycota,Glomeromycetes,Glomerales,Glomeraceae,Funneliformis,NA,0.9,Highly_Probable,arbuscular_mycorrhizal,root-associated,Glomeromycota,Septoglomeraceae,Funneliformis,yes,yes,yes,primer
Funneliformis_mosseae_BEG161_ZU_ASV1252,Funneliformis_mosseae_BEG161_ZU_ASV1252_BEG,Funneliformis,mosseae,BEG161,ZU,BEG,ASV1252,Fungi,Mucoromycota,Glomeromycetes,Glomerales,Glomeraceae,Glomus,VTX00067,1,Fungi,Glomeromycota,Glomeromycetes,Glomerales,Glomeraceae,Funneliformis,NA,0.9,Highly_Probable,arbuscular_mycorrhizal,root-associated,Glomeromycota,Septoglomeraceae,Funneliformis,yes,yes,yes,primer
Funneliformis_mosseae_BEG161_ZU_ASV1253,Funneliformis_mosseae_BEG161_ZU_ASV1253_BEG,Funneliformis,mosseae,BEG161,ZU,BEG,ASV1253,Fungi,Mucoromycota,Glomeromycetes,Glomerales,Glomeraceae,Glomus,VTX00067,1,Fungi,Glomeromycota,Glomeromycetes,Glomerales,Glomeraceae,Funneliformis,NA,0.9,Highly_Probable,arbuscular_mycorrhizal,root-associated,Glomeromycota,Septoglomeraceae,Funneliformis,yes,yes,yes,primer
Funneliformis_mosseae_BEG161_ZU_ASV1254,Funneliformis_mosseae_BEG161_ZU_ASV1254_BEG,Funneliformis,mosseae,BEG161,ZU,BEG,ASV1254,Fungi,Mucoromycota,Glomeromycetes,Glomerales,Glomeraceae,Glomus,VTX00067,1,Fungi,Glomeromycota,Glomeromycetes,Glomerales,Glomeraceae,Funneliformis,NA,0.9,Highly_Probable,arbuscular_mycorrhizal,root-associated,Glomeromycota,Septoglomeraceae,Funneliformis,yes,yes,yes,primer
Acaulospora_laevis_BEG242_ZUII_ASV1081,Acaulospora_laevis_BEG242_ZUII_ASV1081_BEG,Acaulospora,laevis,BEG242,ZUII,BEG,ASV1081,Fungi,Mucoromycota,Glomeromycetes,Diversisporales,Acaulosporaceae,Acaulospora,VTX00030,1,Fungi,Glomeromycota,Glomeromycetes,Diversisporales,Acaulosporaceae,NA,NA,1,Highly_Probable,NA,NA,Glomeromycota,Acaulosporaceae,Acaulospora,yes,yes,yes,primer
Acaulospora_Laevis_BEG242_ZUII_ASV1085,Acaulospora_laevis_BEG242_ZUII_ASV1085_BEG,Acaulospora,laevis,BEG242,ZUII,BEG,ASV1085,Fungi,Mucoromycota,Glomeromycetes,Diversisporales,Acaulosporaceae,Acaulospora,VTX00030,1,Fungi,Glomeromycota,Glomeromycetes,Diversisporales,Acaulosporaceae,NA,NA,0.6,Highly_Probable,NA,NA,Glomeromycota,Acaulosporaceae,Acaulospora,yes,yes,yes,primer
Racocetra_gregaria_BEG243_ZU_ASV1002,Racocetra_gregaria_BEG243_ZU_ASV1002_BEG,Racocetra,gregaria,BEG243,ZU,BEG,ASV1002,Fungi,Mucoromycota,Glomeromycetes,Diversisporales,Gigasporaceae,Scutellospora,VTX00041,0.9,Fungi,Glomeromycota,Glomeromycetes,Gigasporales,NA,NA,NA,1,Highly_Probable,NA,NA,Glomeromycota,Gigasporaceae,Racocetra,yes,yes,yes,primer
Racocetra_gregaria_BEG243_ZUII_ASV1002,Racocetra_gregaria_BEG243_ZUII_ASV1002_BEG,Racocetra,gregaria,BEG243,ZUII,BEG,ASV1002,Fungi,Mucoromycota,Glomeromycetes,Diversisporales,Gigasporaceae,Scutellospora,VTX00041,0.9,Fungi,Glomeromycota,Glomeromycetes,Gigasporales,NA,NA,NA,1,Highly_Probable,NA,NA,Glomeromycota,Gigasporaceae,Racocetra,yes,yes,yes,primer
Racocetra_gregaria_BEG243_ZU_ASV1026,Racocetra_gregaria_BEG243_ZU_ASV1026_BEG,Racocetra,gregaria,BEG243,ZU,BEG,ASV1026,Fungi,Mucoromycota,Glomeromycetes,Diversisporales,Gigasporaceae,Scutellospora,VTX00041,0.9,Fungi,Glomeromycota,Glomeromycetes,Gigasporales,NA,NA,NA,1,Highly_Probable,NA,NA,Glomeromycota,Gigasporaceae,Racocetra,yes,yes,yes,primer
Racocetra_gregaria_BEG243_ZUII_ASV1026,Racocetra_gregaria_BEG243_ZUII_ASV1026_BEG,Racocetra,gregaria,BEG243,ZUII,BEG,ASV1026,Fungi,Mucoromycota,Glomeromycetes,Diversisporales,Gigasporaceae,Scutellospora,VTX00041,0.9,Fungi,Glomeromycota,Glomeromycetes,Gigasporales,NA,NA,NA,1,Highly_Probable,NA,NA,Glomeromycota,Gigasporaceae,Racocetra,yes,yes,yes,primer
Racocetra_gregaria_BEG243_ZU_ASV1029,Racocetra_gregaria_BEG243_ZU_ASV1029_BEG,Racocetra,gregaria,BEG243,ZU,BEG,ASV1029,Fungi,Mucoromycota,Glomeromycetes,Diversisporales,Gigasporaceae,Scutellospora,VTX00041,0.9,Fungi,Glomeromycota,Glomeromycetes,Gigasporales,NA,NA,NA,1,Highly_Probable,NA,NA,Glomeromycota,Gigasporaceae,Racocetra,yes,yes,yes,primer
Racocetra_gregaria_BEG243_ZUII_ASV1029,Racocetra_gregaria_BEG243_ZUII_ASV1029_BEG,Racocetra,gregaria,BEG243,ZUII,BEG,ASV1029,Fungi,Mucoromycota,Glomeromycetes,Diversisporales,Gigasporaceae,Scutellospora,VTX00041,0.9,Fungi,Glomeromycota,Glomeromycetes,Gigasporales,NA,NA,NA,1,Highly_Probable,NA,NA,Glomeromycota,Gigasporaceae,Racocetra,yes,yes,yes,primer
Racocetra_gregaria_BEG243_ZU_ASV1035,Racocetra_gregaria_BEG243_ZU_ASV1035_BEG,Racocetra,gregaria,BEG243,ZU,BEG,ASV1035,Fungi,Mucoromycota,Glomeromycetes,Diversisporales,Gigasporaceae,Scutellospora,VTX00041,0.9,Fungi,Glomeromycota,Glomeromycetes,Gigasporales,NA,NA,NA,1,Highly_Probable,NA,NA,Glomeromycota,Gigasporaceae,Racocetra,yes,yes,yes,primer
Racocetra_gregaria_BEG243_ZUII_ASV1035,Racocetra_gregaria_BEG243_ZUII_ASV1035_BEG,Racocetra,gregaria,BEG243,ZUII,BEG,ASV1035,Fungi,Mucoromycota,Glomeromycetes,Diversisporales,Gigasporaceae,Scutellospora,VTX00041,0.9,Fungi,Glomeromycota,Glomeromycetes,Gigasporales,NA,NA,NA,1,Highly_Probable,NA,NA,Glomeromycota,Gigasporaceae,Racocetra,yes,yes,yes,primer
Racocetra_gregaria_BEG243_ZU_ASV1051,Racocetra_gregaria_BEG243_ZU_ASV1051_BEG,Racocetra,gregaria,BEG243,ZU,BEG,ASV1051,Fungi,Mucoromycota,Glomeromycetes,Diversisporales,Gigasporaceae,Scutellospora,VTX00041,0.9,Fungi,Glomeromycota,Glomeromycetes,Gigasporales,NA,NA,NA,1,Highly_Probable,NA,NA,Glomeromycota,Gigasporaceae,Racocetra,yes,yes,yes,primer
Racocetra_gregaria_BEG243_ZUII_ASV1051,Racocetra_gregaria_BEG243_ZUII_ASV1051_BEG,Racocetra,gregaria,BEG243,ZUII,BEG,ASV1051,Fungi,Mucoromycota,Glomeromycetes,Diversisporales,Gigasporaceae,Scutellospora,VTX00041,0.9,Fungi,Glomeromycota,Glomeromycetes,Gigasporales,NA,NA,NA,1,Highly_Probable,NA,NA,Glomeromycota,Gigasporaceae,Racocetra,yes,yes,yes,primer
Racocetra_gregaria_BEG243_ZUII_ASV1364,Racocetra_gregaria_BEG243_ZUII_ASV1364_BEG,Racocetra,gregaria,BEG243,ZUII,BEG,ASV1364,Fungi,Mucoromycota,Glomeromycetes,Diversisporales,Gigasporaceae,Scutellospora,VTX00041,0.9,Fungi,Glomeromycota,Glomeromycetes,Gigasporales,NA,NA,NA,1,Highly_Probable,NA,NA,Glomeromycota,Gigasporaceae,Racocetra,yes,yes,yes,primer
Racocetra_gregaria_BEG243_ZUII_ASV1365,Racocetra_gregaria_BEG243_ZUII_ASV1365_BEG,Racocetra,gregaria,BEG243,ZUII,BEG,ASV1365,Fungi,Mucoromycota,Glomeromycetes,Diversisporales,Gigasporaceae,Scutellospora,VTX00041,0.9,Fungi,Glomeromycota,Glomeromycetes,Gigasporales,NA,NA,NA,1,Highly_Probable,NA,NA,Glomeromycota,Gigasporaceae,Racocetra,yes,yes,yes,primer
Racocetra_gregaria_BEG243_ZU_ASV1366,Racocetra_gregaria_BEG243_ZU_ASV1366_BEG,Racocetra,gregaria,BEG243,ZU,BEG,ASV1366,Fungi,Mucoromycota,Glomeromycetes,Diversisporales,Gigasporaceae,Scutellospora,VTX00041,0.9,Fungi,Glomeromycota,Glomeromycetes,Gigasporales,NA,NA,NA,1,Highly_Probable,NA,NA,Glomeromycota,Gigasporaceae,Racocetra,yes,yes,yes,primer
Racocetra_gregaria_BEG243_ZU_ASV1367,Racocetra_gregaria_BEG243_ZU_ASV1367_BEG,Racocetra,gregaria,BEG243,ZU,BEG,ASV1367,Fungi,Mucoromycota,Glomeromycetes,Diversisporales,Gigasporaceae,Scutellospora,VTX00041,0.9,Fungi,Glomeromycota,Glomeromycetes,Gigasporales,NA,NA,NA,1,Highly_Probable,NA,NA,Glomeromycota,Gigasporaceae,Racocetra,yes,yes,yes,primer
Racocetra_gregaria_BEG243_ZU_ASV1368,Racocetra_gregaria_BEG243_ZU_ASV1368_BEG,Racocetra,gregaria,BEG243,ZU,BEG,ASV1368,Fungi,Mucoromycota,Glomeromycetes,Diversisporales,Gigasporaceae,Scutellospora,VTX00041,0.9,Fungi,Glomeromycota,Glomeromycetes,Gigasporales,NA,NA,NA,1,Highly_Probable,NA,NA,Glomeromycota,Gigasporaceae,Racocetra,yes,yes,yes,primer
Racocetra_gregaria_BEG243_ZU_ASV1369,Racocetra_gregaria_BEG243_ZU_ASV1369_BEG,Racocetra,gregaria,BEG243,ZU,BEG,ASV1369,Fungi,Mucoromycota,Glomeromycetes,Diversisporales,Gigasporaceae,Scutellospora,VTX00041,0.9,Fungi,Glomeromycota,Glomeromycetes,Gigasporales,NA,NA,NA,1,Highly_Probable,NA,NA,Glomeromycota,Gigasporaceae,Racocetra,yes,yes,yes,primer
Scutellospora_calospora_BEG245_ZUII_ASV1409,Scutellospora_calospora_BEG245_ZUII_ASV1409_BEG,Scutellospora,calospora,BEG245,ZUII,BEG,ASV1409,Fungi,Mucoromycota,Glomeromycetes,Diversisporales,Gigasporaceae,Scutellospora,VTX00052,1,Fungi,Glomeromycota,Glomeromycetes,Gigasporales,Scutellosporaceae,Scutellospora,NA,0.7,Highly_Probable,arbuscular_mycorrhizal,root-associated,Glomeromycota,Gigasporaceae,Scutellospora,yes,yes,yes,primer
Scutellospora_calospora_BEG245_ZUII_ASV1410,Scutellospora_calospora_BEG245_ZUII_ASV1410_BEG,Scutellospora,calospora,BEG245,ZUII,BEG,ASV1410,Fungi,Mucoromycota,Glomeromycetes,Diversisporales,Gigasporaceae,Scutellospora,VTX00052,1,Fungi,Glomeromycota,Glomeromycetes,Gigasporales,Scutellosporaceae,Scutellospora,NA,0.7,Highly_Probable,arbuscular_mycorrhizal,root-associated,Glomeromycota,Gigasporaceae,Scutellospora,yes,yes,yes,primer
Scutellospora_calospora_BEG245_ZUII_ASV1411,Scutellospora_calospora_BEG245_ZUII_ASV1411_BEG,Scutellospora,calospora,BEG245,ZUII,BEG,ASV1411,Fungi,Mucoromycota,Glomeromycetes,Diversisporales,Gigasporaceae,Scutellospora,VTX00052,1,Fungi,Glomeromycota,Glomeromycetes,Gigasporales,Scutellosporaceae,Scutellospora,NA,0.75,Highly_Probable,arbuscular_mycorrhizal,root-associated,Glomeromycota,Gigasporaceae,Scutellospora,yes,yes,yes,primer
Scutellospora_calospora_BEG245_ZUII_ASV1412,Scutellospora_calospora_BEG245_ZUII_ASV1412_BEG,Scutellospora,calospora,BEG245,ZUII,BEG,ASV1412,Fungi,Mucoromycota,Glomeromycetes,Diversisporales,Gigasporaceae,Scutellospora,VTX00052,1,Fungi,Glomeromycota,Glomeromycetes,Gigasporales,Scutellosporaceae,Scutellospora,NA,0.667,Highly_Probable,arbuscular_mycorrhizal,root-associated,Glomeromycota,Gigasporaceae,Scutellospora,yes,yes,yes,primer
Acaulospora_Laevis_BEG26_ZUII_ASV1084,Acaulospora_laevis_BEG26_ZUII_ASV1084_BEG,Acaulospora,laevis,BEG26,ZUII,BEG,ASV1084,Fungi,Mucoromycota,Glomeromycetes,Diversisporales,Acaulosporaceae,Acaulospora,VTX00023,1,Fungi,Glomeromycota,Glomeromycetes,Diversisporales,Acaulosporaceae,Acaulospora,laevis,0.9,Highly_Probable,arbuscular_mycorrhizal,root-associated,Glomeromycota,Acaulosporaceae,Acaulospora,yes,yes,yes,primer
Dentiscutata_heterogama_BEG35_ZU_ASV1016,Dentiscutata_heterogama_BEG35_ZU_ASV1016_BEG,Dentiscutata,heterogama,BEG35,ZU,BEG,ASV1016,Fungi,Mucoromycota,Glomeromycetes,Diversisporales,Gigasporaceae,Scutellospora,VTX00255,0.6,Fungi,Glomeromycota,Glomeromycetes,Gigasporales,Dentiscutataceae,NA,NA,0.6,Highly_Probable,NA,NA,Glomeromycota,Gigasporaceae,Dentiscutata,yes,yes,yes,primer
Dentiscutata_heterogama_BEG35_ZUII_ASV1016,Dentiscutata_heterogama_BEG35_ZUII_ASV1016_BEG,Dentiscutata,heterogama,BEG35,ZUII,BEG,ASV1016,Fungi,Mucoromycota,Glomeromycetes,Diversisporales,Gigasporaceae,Scutellospora,VTX00255,0.6,Fungi,Glomeromycota,Glomeromycetes,Gigasporales,Dentiscutataceae,NA,NA,0.6,Highly_Probable,NA,NA,Glomeromycota,Gigasporaceae,Dentiscutata,yes,yes,yes,primer
Dentiscutata_heterogama_BEG35_ZU_ASV1042,Dentiscutata_heterogama_BEG35_ZU_ASV1042_BEG,Dentiscutata,heterogama,BEG35,ZU,BEG,ASV1042,Fungi,Mucoromycota,Glomeromycetes,Diversisporales,Gigasporaceae,Scutellospora,VTX00255,0.6,Fungi,Glomeromycota,Glomeromycetes,Gigasporales,Dentiscutataceae,Dentiscutata,NA,0.7,Highly_Probable,arbuscular_mycorrhizal,root-associated,Glomeromycota,Gigasporaceae,Dentiscutata,yes,yes,yes,primer
Dentiscutata_heterogama_BEG35_ZUII_ASV1042,Dentiscutata_heterogama_BEG35_ZUII_ASV1042_BEG,Dentiscutata,heterogama,BEG35,ZUII,BEG,ASV1042,Fungi,Mucoromycota,Glomeromycetes,Diversisporales,Gigasporaceae,Scutellospora,VTX00255,0.6,Fungi,Glomeromycota,Glomeromycetes,Gigasporales,Dentiscutataceae,Dentiscutata,NA,0.7,Highly_Probable,arbuscular_mycorrhizal,root-associated,Glomeromycota,Gigasporaceae,Dentiscutata,yes,yes,yes,primer
Dentiscutata_heterogama_BEG35_ZU_ASV1159,Dentiscutata_heterogama_BEG35_ZU_ASV1159_BEG,Dentiscutata,heterogama,BEG35,ZU,BEG,ASV1159,Fungi,Mucoromycota,Glomeromycetes,Diversisporales,Gigasporaceae,Scutellospora,VTX00255,0.6,Fungi,Glomeromycota,Glomeromycetes,Gigasporales,Dentiscutataceae,NA,NA,0.6,Highly_Probable,NA,NA,Glomeromycota,Gigasporaceae,Dentiscutata,yes,yes,yes,primer
Dentiscutata_heterogama_BEG35_ZU_ASV1160,Dentiscutata_heterogama_BEG35_ZU_ASV1160_BEG,Dentiscutata,heterogama,BEG35,ZU,BEG,ASV1160,Fungi,Mucoromycota,Glomeromycetes,Diversisporales,Gigasporaceae,Scutellospora,VTX00255,0.7,Fungi,Glomeromycota,Glomeromycetes,Gigasporales,Dentiscutataceae,NA,NA,0.6,Highly_Probable,NA,NA,Glomeromycota,Gigasporaceae,Dentiscutata,yes,yes,yes,primer
Dentiscutata_heterogama_BEG35_ZU_ASV1161,Dentiscutata_heterogama_BEG35_ZU_ASV1161_BEG,Dentiscutata,heterogama,BEG35,ZU,BEG,ASV1161,Fungi,Mucoromycota,Glomeromycetes,Diversisporales,Gigasporaceae,Scutellospora,VTX00255,0.8,Fungi,Glomeromycota,Glomeromycetes,Gigasporales,Dentiscutataceae,NA,NA,0.6,Highly_Probable,NA,NA,Glomeromycota,Gigasporaceae,Dentiscutata,yes,yes,yes,primer
Dentiscutata_heterogama_BEG35_ZU_ASV1164,Dentiscutata_heterogama_BEG35_ZU_ASV1164_BEG,Dentiscutata,heterogama,BEG35,ZU,BEG,ASV1164,Fungi,Mucoromycota,Glomeromycetes,Diversisporales,Gigasporaceae,Scutellospora,VTX00255,0.8,Fungi,Glomeromycota,Glomeromycetes,Gigasporales,Dentiscutataceae,NA,NA,0.6,Highly_Probable,NA,NA,Glomeromycota,Gigasporaceae,Dentiscutata,yes,yes,yes,primer
Dentiscutata_heterogama_BEG35_ZU_ASV1165,Dentiscutata_heterogama_BEG35_ZU_ASV1165_BEG,Dentiscutata,heterogama,BEG35,ZU,BEG,ASV1165,Fungi,Mucoromycota,Glomeromycetes,Diversisporales,Gigasporaceae,Scutellospora,VTX00255,0.8,Fungi,Glomeromycota,Glomeromycetes,Gigasporales,NA,NA,NA,1,Highly_Probable,NA,NA,Glomeromycota,Gigasporaceae,Dentiscutata,yes,yes,yes,primer
Dentiscutata_heterogama_BEG35_ZU_ASV1167,Dentiscutata_heterogama_BEG35_ZU_ASV1167_BEG,Dentiscutata,heterogama,BEG35,ZU,BEG,ASV1167,Fungi,Mucoromycota,Glomeromycetes,Diversisporales,Gigasporaceae,Scutellospora,VTX00255,0.6,Fungi,Glomeromycota,Glomeromycetes,Gigasporales,Dentiscutataceae,Dentiscutata,NA,0.6,Highly_Probable,arbuscular_mycorrhizal,root-associated,Glomeromycota,Gigasporaceae,Dentiscutata,yes,yes,yes,primer
Gigaspora_rosea_BEG9_ZU_ASV1003,Gigaspora_margarita_BEG9_ZU_ASV1003_BEG,Gigaspora,margarita,BEG9,ZU,BEG,ASV1003,Fungi,Mucoromycota,Glomeromycetes,Diversisporales,Gigasporaceae,Gigaspora,VTX00039,1,Fungi,Glomeromycota,Glomeromycetes,Gigasporales,Gigasporaceae,Gigaspora,margarita,0.8,Highly_Probable,arbuscular_mycorrhizal,root-associated,Glomeromycota,Gigasporaceae,Gigaspora,yes,yes,yes,primer
Gigaspora_rosea_BEG9_ZU_ASV1040,Gigaspora_margarita_BEG9_ZU_ASV1040_BEG,Gigaspora,margarita,BEG9,ZU,BEG,ASV1040,Fungi,Mucoromycota,Glomeromycetes,Diversisporales,Gigasporaceae,Gigaspora,VTX00039,1,Fungi,Glomeromycota,Glomeromycetes,Gigasporales,Gigasporaceae,Gigaspora,margarita,0.6,Highly_Probable,arbuscular_mycorrhizal,root-associated,Glomeromycota,Gigasporaceae,Gigaspora,yes,yes,yes,primer
Gigaspora_rosea_BEG9_ZUII_ASV1040,Gigaspora_margarita_BEG9_ZUII_ASV1040_BEG,Gigaspora,margarita,BEG9,ZUII,BEG,ASV1040,Fungi,Mucoromycota,Glomeromycetes,Diversisporales,Gigasporaceae,Gigaspora,VTX00039,1,Fungi,Glomeromycota,Glomeromycetes,Gigasporales,Gigasporaceae,Gigaspora,margarita,0.6,Highly_Probable,arbuscular_mycorrhizal,root-associated,Glomeromycota,Gigasporaceae,Gigaspora,yes,yes,yes,primer
Gigaspora_rosea_BEG9_ZU_ASV1045,Gigaspora_margarita_BEG9_ZU_ASV1045_BEG,Gigaspora,margarita,BEG9,ZU,BEG,ASV1045,Fungi,Mucoromycota,Glomeromycetes,Diversisporales,Gigasporaceae,Gigaspora,VTX00039,1,Fungi,Glomeromycota,Glomeromycetes,Gigasporales,Gigasporaceae,Gigaspora,margarita,0.8,Highly_Probable,arbuscular_mycorrhizal,root-associated,Glomeromycota,Gigasporaceae,Gigaspora,yes,yes,yes,primer
Gigaspora_rosea_BEG9_ZU_ASV1053,Gigaspora_margarita_BEG9_ZU_ASV1053_BEG,Gigaspora,margarita,BEG9,ZU,BEG,ASV1053,Fungi,Mucoromycota,Glomeromycetes,Diversisporales,Gigasporaceae,Gigaspora,VTX00039,1,Fungi,Glomeromycota,Glomeromycetes,Gigasporales,Gigasporaceae,Gigaspora,margarita,0.8,Highly_Probable,arbuscular_mycorrhizal,root-associated,Glomeromycota,Gigasporaceae,Gigaspora,yes,yes,yes,primer
Gigaspora_rosea_BEG9_ZU_ASV1312,Gigaspora_margarita_BEG9_ZU_ASV1312_BEG,Gigaspora,margarita,BEG9,ZU,BEG,ASV1312,Fungi,Mucoromycota,Glomeromycetes,Diversisporales,Gigasporaceae,Gigaspora,VTX00039,1,Fungi,Glomeromycota,Glomeromycetes,Gigasporales,Gigasporaceae,Gigaspora,margarita,0.8,Highly_Probable,arbuscular_mycorrhizal,root-associated,Glomeromycota,Gigasporaceae,Gigaspora,yes,yes,yes,primer
Gigaspora_rosea_BEG9_ZU_ASV1313,Gigaspora_margarita_BEG9_ZU_ASV1313_BEG,Gigaspora,margarita,BEG9,ZU,BEG,ASV1313,Fungi,Mucoromycota,Glomeromycetes,Diversisporales,Gigasporaceae,Gigaspora,VTX00039,1,Fungi,Glomeromycota,Glomeromycetes,Gigasporales,Gigasporaceae,Gigaspora,margarita,0.8,Highly_Probable,arbuscular_mycorrhizal,root-associated,Glomeromycota,Gigasporaceae,Gigaspora,yes,yes,yes,primer
Gigaspora_rosea_BEG9_ZU_ASV1314,Gigaspora_margarita_BEG9_ZU_ASV1314_BEG,Gigaspora,margarita,BEG9,ZU,BEG,ASV1314,Fungi,Mucoromycota,Glomeromycetes,Diversisporales,Gigasporaceae,Gigaspora,VTX00039,1,Fungi,Glomeromycota,Glomeromycetes,Gigasporales,Gigasporaceae,Gigaspora,NA,1,Highly_Probable,arbuscular_mycorrhizal,root-associated,Glomeromycota,Gigasporaceae,Gigaspora,yes,yes,yes,primer
Funneliformis_mosseae_BEG95_ZU_ASV1006,Funneliformis_mosseae_BEG95_ZU_ASV1006_BEG,Funneliformis,mosseae,BEG95,ZU,BEG,ASV1006,Fungi,Mucoromycota,Glomeromycetes,Glomerales,Glomeraceae,Glomus,VTX00067,1,Fungi,Glomeromycota,Glomeromycetes,Glomerales,Glomeraceae,Funneliformis,NA,0.9,Highly_Probable,arbuscular_mycorrhizal,root-associated,Glomeromycota,Septoglomeraceae,Funneliformis,yes,yes,yes,primer
Funneliformis_mosseae_BEG95_ZU_ASV1018,Funneliformis_mosseae_BEG95_ZU_ASV1018_BEG,Funneliformis,mosseae,BEG95,ZU,BEG,ASV1018,Fungi,Mucoromycota,Glomeromycetes,Glomerales,Glomeraceae,Glomus,VTX00067,1,Fungi,Glomeromycota,Glomeromycetes,Glomerales,Glomeraceae,Funneliformis,NA,0.9,Highly_Probable,arbuscular_mycorrhizal,root-associated,Glomeromycota,Septoglomeraceae,Funneliformis,yes,yes,yes,primer
Funneliformis_mosseae_BEG95_ZU_ASV1048,Funneliformis_mosseae_BEG95_ZU_ASV1048_BEG,Funneliformis,mosseae,BEG95,ZU,BEG,ASV1048,Fungi,Mucoromycota,Glomeromycetes,Glomerales,Glomeraceae,Glomus,VTX00067,1,Fungi,Glomeromycota,Glomeromycetes,Glomerales,Glomeraceae,Funneliformis,NA,0.9,Highly_Probable,arbuscular_mycorrhizal,root-associated,Glomeromycota,Septoglomeraceae,Funneliformis,yes,yes,yes,primer
Funneliformis_mosseae_BEG95_ZU_ASV1251,Funneliformis_mosseae_BEG95_ZU_ASV1251_BEG,Funneliformis,mosseae,BEG95,ZU,BEG,ASV1251,Fungi,Mucoromycota,Glomeromycetes,Glomerales,Glomeraceae,Glomus,VTX00067,1,Fungi,Glomeromycota,Glomeromycetes,Glomerales,Glomeraceae,Funneliformis,NA,0.9,Highly_Probable,arbuscular_mycorrhizal,root-associated,Glomeromycota,Septoglomeraceae,Funneliformis,yes,yes,yes,primer
Corymbiglomus_corymbiforme_Blaszk5_ZU_ASV1145,Corymbiglomus_corymbiforme_Blaszk5_ZU_ASV1145_Blaszkowski,Corymbiglomus,corymbiforme,Blaszk5,ZU,Blaszkowski,ASV1145,Fungi,Mucoromycota,Glomeromycetes,Diversisporales,Diversisporaceae,Diversispora,VTX00356,0.6,Fungi,Glomeromycota,Glomeromycetes,Diversisporales,Diversisporaceae,NA,NA,1,Highly_Probable,NA,NA,Glomeromycota,Diversisporaceae,Corymbiglomus,yes,yes,yes,primer
Corymbiglomus_corymbiforme_Blaszk5_ZU_ASV1146,Corymbiglomus_corymbiforme_Blaszk5_ZU_ASV1146_Blaszkowski,Corymbiglomus,corymbiforme,Blaszk5,ZU,Blaszkowski,ASV1146,Fungi,Mucoromycota,Glomeromycetes,Diversisporales,Diversisporaceae,Diversispora,VTX00356,0.6,Fungi,Glomeromycota,Glomeromycetes,Diversisporales,Diversisporaceae,Corymbiglomus,NA,0.667,Probable,arbuscular_mycorrhizal,root-associated,Glomeromycota,Diversisporaceae,Corymbiglomus,yes,yes,yes,primer
Corymbiglomus_corymbiforme_Blaszk5_ZU_ASV1147,Corymbiglomus_corymbiforme_Blaszk5_ZU_ASV1147_Blaszkowski,Corymbiglomus,corymbiforme,Blaszk5,ZU,Blaszkowski,ASV1147,Fungi,Mucoromycota,Glomeromycetes,Diversisporales,Diversisporaceae,Diversispora,VTX00356,0.6,Fungi,Glomeromycota,Glomeromycetes,Diversisporales,Diversisporaceae,NA,NA,1,Highly_Probable,NA,NA,Glomeromycota,Diversisporaceae,Corymbiglomus,yes,yes,yes,primer
Corymbiglomus_corymbiforme_Blaszk5_ZU_ASV1148,Corymbiglomus_corymbiforme_Blaszk5_ZU_ASV1148_Blaszkowski,Corymbiglomus,corymbiforme,Blaszk5,ZU,Blaszkowski,ASV1148,Fungi,Mucoromycota,Glomeromycetes,Diversisporales,Diversisporaceae,Diversispora,VTX00356,0.6,Fungi,Glomeromycota,Glomeromycetes,Diversisporales,Diversisporaceae,Corymbiglomus,NA,0.667,Probable,arbuscular_mycorrhizal,root-associated,Glomeromycota,Diversisporaceae,NA,yes,yes,yes,primer
Rhizophagus_clarus_BR147B_KU_ASV1382,Rhizophagus_clarus_BR147B_KU_ASV1382_INVAM,Rhizophagus,clarus,BR147B,KU,INVAM,ASV1382,Fungi,Mucoromycota,Glomeromycetes,Glomerales,Glomeraceae,Glomus,VTX00399,0.8,Fungi,Glomeromycota,Glomeromycetes,Glomerales,Glomeraceae,Rhizophagus,clarus,0.6,Highly_Probable,arbuscular_mycorrhizal,root-associated,Glomeromycota,Sclerocystaceae_Kamienskiaceae,Rhizophagus,yes,yes,yes,primer
Rhizophagus_clarus_BR147B_KU_ASV1383,Rhizophagus_clarus_BR147B_KU_ASV1383_INVAM,Rhizophagus,clarus,BR147B,KU,INVAM,ASV1383,Fungi,Mucoromycota,Glomeromycetes,Glomerales,Glomeraceae,Glomus,VTX00399,0.8,Fungi,Glomeromycota,Glomeromycetes,Glomerales,Glomeraceae,Rhizophagus,clarus,0.6,Highly_Probable,arbuscular_mycorrhizal,root-associated,Glomeromycota,Sclerocystaceae_Kamienskiaceae,Rhizophagus,yes,yes,yes,primer
Rhizophagus_clarus_BR147B_KU_ASV1385,Rhizophagus_clarus_BR147B_KU_ASV1385_INVAM,Rhizophagus,clarus,BR147B,KU,INVAM,ASV1385,Fungi,Mucoromycota,Glomeromycetes,Glomerales,Glomeraceae,Glomus,VTX00399,0.8,Fungi,Glomeromycota,Glomeromycetes,Glomerales,Glomeraceae,Rhizophagus,NA,0.6,Highly_Probable,arbuscular_mycorrhizal,root-associated,Glomeromycota,Sclerocystaceae_Kamienskiaceae,Rhizophagus,yes,yes,yes,primer
Rhizophagus_clarus_BR147B_KU_ASV1386,Rhizophagus_clarus_BR147B_KU_ASV1386_INVAM,Rhizophagus,clarus,BR147B,KU,INVAM,ASV1386,Fungi,Mucoromycota,Glomeromycetes,Glomerales,Glomeraceae,Glomus,VTX00399,0.8,Fungi,Glomeromycota,Glomeromycetes,Glomerales,Glomeraceae,Rhizophagus,clarus,0.6,Highly_Probable,arbuscular_mycorrhizal,root-associated,Glomeromycota,Sclerocystaceae_Kamienskiaceae,Rhizophagus,yes,yes,yes,primer
Rhizophagus_clarus_BR147B_KU_ASV1388,Rhizophagus_clarus_BR147B_KU_ASV1388_INVAM,Rhizophagus,clarus,BR147B,KU,INVAM,ASV1388,Fungi,Mucoromycota,Glomeromycetes,Glomerales,Glomeraceae,Glomus,VTX00399,0.8,Fungi,Glomeromycota,Glomeromycetes,Glomerales,Glomeraceae,Rhizophagus,clarus,0.6,Highly_Probable,arbuscular_mycorrhizal,root-associated,Glomeromycota,Sclerocystaceae_Kamienskiaceae,Rhizophagus,yes,yes,yes,primer
Dentiscutata_heterogama_BR154_ZU_ASV1015,Dentiscutata_heterogama_BR154_ZU_ASV1015_INVAM,Dentiscutata,heterogama,BR154,ZU,INVAM,ASV1015,Fungi,Mucoromycota,Glomeromycetes,Diversisporales,Gigasporaceae,Scutellospora,VTX00255,0.7,Fungi,Glomeromycota,Glomeromycetes,Gigasporales,Dentiscutataceae,NA,NA,0.6,Highly_Probable,NA,NA,Glomeromycota,Gigasporaceae,Dentiscutata,yes,yes,yes,primer
Dentiscutata_heterogama_BR154_ZUII_ASV1015,Dentiscutata_heterogama_BR154_ZUII_ASV1015_INVAM,Dentiscutata,heterogama,BR154,ZUII,INVAM,ASV1015,Fungi,Mucoromycota,Glomeromycetes,Diversisporales,Gigasporaceae,Scutellospora,VTX00255,0.7,Fungi,Glomeromycota,Glomeromycetes,Gigasporales,Dentiscutataceae,NA,NA,0.6,Highly_Probable,NA,NA,Glomeromycota,Gigasporaceae,Dentiscutata,yes,yes,yes,primer
Dentiscutata_heterogama_BR154_ZU_ASV1025,Dentiscutata_heterogama_BR154_ZU_ASV1025_INVAM,Dentiscutata,heterogama,BR154,ZU,INVAM,ASV1025,Fungi,Mucoromycota,Glomeromycetes,Diversisporales,Gigasporaceae,Scutellospora,VTX00255,0.7,Fungi,Glomeromycota,Glomeromycetes,Gigasporales,Dentiscutataceae,NA,NA,0.6,Highly_Probable,NA,NA,Glomeromycota,Gigasporaceae,Dentiscutata,yes,yes,yes,primer
Dentiscutata_heterogama_BR154_ZUII_ASV1025,Dentiscutata_heterogama_BR154_ZUII_ASV1025_INVAM,Dentiscutata,heterogama,BR154,ZUII,INVAM,ASV1025,Fungi,Mucoromycota,Glomeromycetes,Diversisporales,Gigasporaceae,Scutellospora,VTX00255,0.7,Fungi,Glomeromycota,Glomeromycetes,Gigasporales,Dentiscutataceae,NA,NA,0.6,Highly_Probable,NA,NA,Glomeromycota,Gigasporaceae,Dentiscutata,yes,yes,yes,primer
Dentiscutata_heterogama_BR154_ZU_ASV1030,Dentiscutata_heterogama_BR154_ZU_ASV1030_INVAM,Dentiscutata,heterogama,BR154,ZU,INVAM,ASV1030,Fungi,Mucoromycota,Glomeromycetes,Diversisporales,Gigasporaceae,Scutellospora,VTX00255,0.7,Fungi,Glomeromycota,Glomeromycetes,Gigasporales,Dentiscutataceae,Dentiscutata,NA,0.6,Highly_Probable,arbuscular_mycorrhizal,root-associated,Glomeromycota,Gigasporaceae,Dentiscutata,yes,yes,yes,primer
Dentiscutata_heterogama_BR154_ZUII_ASV1030,Dentiscutata_heterogama_BR154_ZUII_ASV1030_INVAM,Dentiscutata,heterogama,BR154,ZUII,INVAM,ASV1030,Fungi,Mucoromycota,Glomeromycetes,Diversisporales,Gigasporaceae,Scutellospora,VTX00255,0.7,Fungi,Glomeromycota,Glomeromycetes,Gigasporales,Dentiscutataceae,Dentiscutata,NA,0.6,Highly_Probable,arbuscular_mycorrhizal,root-associated,Glomeromycota,Gigasporaceae,Dentiscutata,yes,yes,yes,primer
Dentiscutata_heterogama_BR154_ZU_ASV1033,Dentiscutata_heterogama_BR154_ZU_ASV1033_INVAM,Dentiscutata,heterogama,BR154,ZU,INVAM,ASV1033,Fungi,Mucoromycota,Glomeromycetes,Diversisporales,Gigasporaceae,Scutellospora,VTX00255,0.6,Fungi,Glomeromycota,Glomeromycetes,Gigasporales,Dentiscutataceae,NA,NA,0.6,Highly_Probable,NA,NA,Glomeromycota,Gigasporaceae,Dentiscutata,yes,yes,yes,primer
Dentiscutata_heterogama_BR154_ZUII_ASV1033,Dentiscutata_heterogama_BR154_ZUII_ASV1033_INVAM,Dentiscutata,heterogama,BR154,ZUII,INVAM,ASV1033,Fungi,Mucoromycota,Glomeromycetes,Diversisporales,Gigasporaceae,Scutellospora,VTX00255,0.6,Fungi,Glomeromycota,Glomeromycetes,Gigasporales,Dentiscutataceae,NA,NA,0.6,Highly_Probable,NA,NA,Glomeromycota,Gigasporaceae,Dentiscutata,yes,yes,yes,primer
Dentiscutata_heterogama_BR154_ZU_ASV1038,Dentiscutata_heterogama_BR154_ZU_ASV1038_INVAM,Dentiscutata,heterogama,BR154,ZU,INVAM,ASV1038,Fungi,Mucoromycota,Glomeromycetes,Diversisporales,Gigasporaceae,Scutellospora,VTX00255,0.8,Fungi,Glomeromycota,Glomeromycetes,Gigasporales,Dentiscutataceae,NA,NA,0.6,Highly_Probable,NA,NA,Glomeromycota,Gigasporaceae,Dentiscutata,yes,yes,yes,primer
Dentiscutata_heterogama_BR154_ZUII_ASV1038,Dentiscutata_heterogama_BR154_ZUII_ASV1038_INVAM,Dentiscutata,heterogama,BR154,ZUII,INVAM,ASV1038,Fungi,Mucoromycota,Glomeromycetes,Diversisporales,Gigasporaceae,Scutellospora,VTX00255,0.8,Fungi,Glomeromycota,Glomeromycetes,Gigasporales,Dentiscutataceae,NA,NA,0.6,Highly_Probable,NA,NA,Glomeromycota,Gigasporaceae,Dentiscutata,yes,yes,yes,primer
Dentiscutata_heterogama_BR154_ZU_ASV1047,Dentiscutata_heterogama_BR154_ZU_ASV1047_INVAM,Dentiscutata,heterogama,BR154,ZU,INVAM,ASV1047,Fungi,Mucoromycota,Glomeromycetes,Diversisporales,Gigasporaceae,Scutellospora,VTX00255,0.8,Fungi,Glomeromycota,Glomeromycetes,Gigasporales,NA,NA,NA,1,Highly_Probable,NA,NA,Glomeromycota,Gigasporaceae,Dentiscutata,yes,yes,yes,primer
Dentiscutata_heterogama_BR154_ZUII_ASV1047,Dentiscutata_heterogama_BR154_ZUII_ASV1047_INVAM,Dentiscutata,heterogama,BR154,ZUII,INVAM,ASV1047,Fungi,Mucoromycota,Glomeromycetes,Diversisporales,Gigasporaceae,Scutellospora,VTX00255,0.8,Fungi,Glomeromycota,Glomeromycetes,Gigasporales,NA,NA,NA,1,Highly_Probable,NA,NA,Glomeromycota,Gigasporaceae,Dentiscutata,yes,yes,yes,primer
Dentiscutata_heterogama_BR154_ZUII_ASV1158,Dentiscutata_heterogama_BR154_ZUII_ASV1158_INVAM,Dentiscutata,heterogama,BR154,ZUII,INVAM,ASV1158,Fungi,Mucoromycota,Glomeromycetes,Diversisporales,Gigasporaceae,Scutellospora,VTX00255,0.6,Fungi,Glomeromycota,Glomeromycetes,Gigasporales,Dentiscutataceae,NA,NA,0.6,Highly_Probable,NA,NA,Glomeromycota,Gigasporaceae,Dentiscutata,yes,yes,yes,primer
Dentiscutata_heterogama_BR154_ZU_ASV1162,Dentiscutata_heterogama_BR154_ZU_ASV1162_INVAM,Dentiscutata,heterogama,BR154,ZU,INVAM,ASV1162,Fungi,Mucoromycota,Glomeromycetes,Diversisporales,Gigasporaceae,Scutellospora,VTX00255,0.6,Fungi,Glomeromycota,Glomeromycetes,Gigasporales,Dentiscutataceae,NA,NA,0.6,Highly_Probable,NA,NA,Glomeromycota,Gigasporaceae,Dentiscutata,yes,yes,yes,primer
Dentiscutata_heterogama_BR154_ZU_ASV1163,Dentiscutata_heterogama_BR154_ZU_ASV1163_INVAM,Dentiscutata,heterogama,BR154,ZU,INVAM,ASV1163,Fungi,Mucoromycota,Glomeromycetes,Diversisporales,Gigasporaceae,Scutellospora,VTX00255,0.8,Fungi,Glomeromycota,Glomeromycetes,Gigasporales,Dentiscutataceae,NA,NA,0.6,Highly_Probable,NA,NA,Glomeromycota,Gigasporaceae,Dentiscutata,yes,yes,yes,primer
Dentiscutata_heterogama_BR154_ZU_ASV1166,Dentiscutata_heterogama_BR154_ZU_ASV1166_INVAM,Dentiscutata,heterogama,BR154,ZU,INVAM,ASV1166,Fungi,Mucoromycota,Glomeromycetes,Diversisporales,Gigasporaceae,Scutellospora,VTX00255,0.8,Fungi,Glomeromycota,Glomeromycetes,Gigasporales,Dentiscutataceae,NA,NA,0.6,Highly_Probable,NA,NA,Glomeromycota,Gigasporaceae,Dentiscutata,yes,yes,yes,primer
Gigaspora_rosea_BR155B_ZU_ASV1315,Gigaspora_rosea_BR155B_ZU_ASV1315_INVAM,Gigaspora,rosea,BR155B,ZU,INVAM,ASV1315,Fungi,Mucoromycota,Glomeromycetes,Diversisporales,Gigasporaceae,Gigaspora,VTX00039,1,Fungi,Glomeromycota,Glomeromycetes,Gigasporales,Gigasporaceae,Gigaspora,NA,1,Highly_Probable,arbuscular_mycorrhizal,root-associated,Glomeromycota,Gigasporaceae,Gigaspora,yes,yes,yes,primer
Gigaspora_rosea_BR155B_ZU_ASV1316,Gigaspora_rosea_BR155B_ZU_ASV1316_INVAM,Gigaspora,rosea,BR155B,ZU,INVAM,ASV1316,Fungi,Mucoromycota,Glomeromycetes,Diversisporales,Gigasporaceae,Gigaspora,VTX00039,1,Fungi,Glomeromycota,Glomeromycetes,Gigasporales,Gigasporaceae,Gigaspora,NA,1,Highly_Probable,arbuscular_mycorrhizal,root-associated,Glomeromycota,Gigasporaceae,Gigaspora,yes,yes,yes,primer
Gigaspora_rosea_BR155B_KU_ASV1317,Gigaspora_rosea_BR155B_KU_ASV1317_INVAM,Gigaspora,rosea,BR155B,KU,INVAM,ASV1317,Fungi,Mucoromycota,Glomeromycetes,Diversisporales,Gigasporaceae,Gigaspora,VTX00039,1,Fungi,Glomeromycota,Glomeromycetes,Gigasporales,Gigasporaceae,Gigaspora,NA,1,Highly_Probable,arbuscular_mycorrhizal,root-associated,Glomeromycota,Gigasporaceae,Gigaspora,yes,yes,yes,primer
Gigaspora_rosea_BR155B_KU_ASV1318,Gigaspora_rosea_BR155B_KU_ASV1318_INVAM,Gigaspora,rosea,BR155B,KU,INVAM,ASV1318,Fungi,Mucoromycota,Glomeromycetes,Diversisporales,Gigasporaceae,Gigaspora,VTX00039,1,Fungi,Glomeromycota,Glomeromycetes,Gigasporales,Gigasporaceae,Gigaspora,rosea,0.7,Highly_Probable,arbuscular_mycorrhizal,root-associated,Glomeromycota,Gigasporaceae,Gigaspora,yes,yes,yes,primer
Gigaspora_rosea_BR155B_KU_ASV1319,Gigaspora_rosea_BR155B_KU_ASV1319_INVAM,Gigaspora,rosea,BR155B,KU,INVAM,ASV1319,Fungi,Mucoromycota,Glomeromycetes,Diversisporales,Gigasporaceae,Gigaspora,VTX00039,1,Fungi,Glomeromycota,Glomeromycetes,Gigasporales,Gigasporaceae,Gigaspora,rosea,0.8,Highly_Probable,arbuscular_mycorrhizal,root-associated,Glomeromycota,Gigasporaceae,Gigaspora,yes,yes,yes,primer
Acaulospora_morrowiae_BR983A_ZU_ASV1028,Acaulospora_morrowiae_BR983A_ZU_ASV1028_INVAM,Acaulospora,morrowiae,BR983A,ZU,INVAM,ASV1028,Fungi,Mucoromycota,Glomeromycetes,Diversisporales,Acaulosporaceae,Acaulospora,VTX00028,1,Fungi,Glomeromycota,Glomeromycetes,Diversisporales,Acaulosporaceae,NA,NA,0.7,Highly_Probable,NA,NA,Glomeromycota,Acaulosporaceae,Acaulospora,yes,yes,yes,primer
Acaulospora_morrowiae_BR983A_ZUII_ASV1028,Acaulospora_morrowiae_BR983A_ZUII_ASV1028_INVAM,Acaulospora,morrowiae,BR983A,ZUII,INVAM,ASV1028,Fungi,Mucoromycota,Glomeromycetes,Diversisporales,Acaulosporaceae,Acaulospora,VTX00028,1,Fungi,Glomeromycota,Glomeromycetes,Diversisporales,Acaulosporaceae,NA,NA,0.7,Highly_Probable,NA,NA,Glomeromycota,Acaulosporaceae,Acaulospora,yes,yes,yes,primer
Archaeospora_schenckii_CL401_KU_ASV1137,Archaeospora_schenckii_CL401_KU_ASV1137_INVAM,Archaeospora,schenckii,CL401,KU,INVAM,ASV1137,Fungi,Mucoromycota,Archaeosporomycetes,Archaeosporales,Archaeosporaceae,Archaeospora,VTX00245,1,Fungi,Glomeromycota,Archaeosporomycetes,Archaeosporales,Archaeosporaceae,Archaeospora,NA,0.75,Highly_Probable,arbuscular_mycorrhizal,root-associated,Glomeromycota,Archaeosporaceae,Archaeospora,yes,yes,yes,primer
Archaeospora_schenckii_CL401_KU_ASV1138,Archaeospora_schenckii_CL401_KU_ASV1138_INVAM,Archaeospora,schenckii,CL401,KU,INVAM,ASV1138,Fungi,Mucoromycota,Archaeosporomycetes,Archaeosporales,Archaeosporaceae,Archaeospora,VTX00245,1,Fungi,Glomeromycota,Archaeosporomycetes,Archaeosporales,Archaeosporaceae,Archaeospora,NA,0.667,Highly_Probable,arbuscular_mycorrhizal,root-associated,Glomeromycota,Archaeosporaceae,Archaeospora,yes,yes,yes,primer
Entrophospora_Luteum_CR308_ZUII_ASV1212,Entrophospora_lutea_CR308_ZUII_ASV1212_INVAM,Entrophospora,lutea,CR308,ZUII,INVAM,ASV1212,Fungi,Mucoromycota,Glomeromycetes,Glomerales,Claroideoglomeraceae,Claroideoglomus,VTX00193,1,Fungi,Glomeromycota,Glomeromycetes,Entrophosporales,Entrophosporaceae,Claroideoglomus,NA,0.9,Highly_Probable,arbuscular_mycorrhizal,root-associated,Glomeromycota,Entrophosporaceae,Entrophospora,yes,yes,yes,primer
Ambispora_leptoticha_CR312_ZUII_ASV1010,Ambispora_leptoticha_CR312_ZUII_ASV1010_INVAM,Ambispora,leptoticha,CR312,ZUII,INVAM,ASV1010,Fungi,Mucoromycota,Archaeosporomycetes,Archaeosporales,Ambisporaceae,Ambispora,VTX00242,1,Fungi,Glomeromycota,Archaeosporomycetes,Archaeosporales,Ambisporaceae,Ambispora,NA,1,Highly_Probable,arbuscular_mycorrhizal,root-associated,Glomeromycota,Ambisporaceae,Ambispora,yes,yes,yes,primer
Ambispora_leptoticha_CR312_ZUII_ASV1023,Ambispora_leptoticha_CR312_ZUII_ASV1023_INVAM,Ambispora,leptoticha,CR312,ZUII,INVAM,ASV1023,Fungi,Mucoromycota,Archaeosporomycetes,Archaeosporales,Ambisporaceae,Ambispora,VTX00242,1,Fungi,Glomeromycota,Archaeosporomycetes,Archaeosporales,Ambisporaceae,Ambispora,NA,1,Highly_Probable,arbuscular_mycorrhizal,root-associated,Glomeromycota,Ambisporaceae,Ambispora,yes,yes,yes,primer
Ambispora_leptoticha_CR312_ZUII_ASV1123,Ambispora_leptoticha_CR312_ZUII_ASV1123_INVAM,Ambispora,leptoticha,CR312,ZUII,INVAM,ASV1123,Fungi,Mucoromycota,Archaeosporomycetes,Archaeosporales,Ambisporaceae,Ambispora,VTX00242,1,Fungi,Glomeromycota,Archaeosporomycetes,Archaeosporales,Ambisporaceae,Ambispora,NA,1,Highly_Probable,arbuscular_mycorrhizal,root-associated,Glomeromycota,Ambisporaceae,Ambispora,yes,yes,yes,primer
Ambispora_leptoticha_CR312_ZUII_ASV1124,Ambispora_leptoticha_CR312_ZUII_ASV1124_INVAM,Ambispora,leptoticha,CR312,ZUII,INVAM,ASV1124,Fungi,Mucoromycota,Archaeosporomycetes,Archaeosporales,Ambisporaceae,Ambispora,VTX00242,1,Fungi,Glomeromycota,Archaeosporomycetes,Archaeosporales,Ambisporaceae,Ambispora,NA,1,Highly_Probable,arbuscular_mycorrhizal,root-associated,Glomeromycota,Ambisporaceae,Ambispora,yes,yes,yes,primer
Ambispora_leptoticha_CR312_ZUII_ASV1125,Ambispora_leptoticha_CR312_ZUII_ASV1125_INVAM,Ambispora,leptoticha,CR312,ZUII,INVAM,ASV1125,Fungi,Mucoromycota,Archaeosporomycetes,Archaeosporales,Ambisporaceae,Ambispora,VTX00242,1,Fungi,Glomeromycota,Archaeosporomycetes,Archaeosporales,Ambisporaceae,Ambispora,NA,1,Highly_Probable,arbuscular_mycorrhizal,root-associated,Glomeromycota,Ambisporaceae,Ambispora,yes,yes,yes,primer
Paraglomus_occultum_CU126_ZUII_ASV1356,Paraglomus_occultum_CU126_ZUII_ASV1356_INVAM,Paraglomus,occultum,CU126,ZUII,INVAM,ASV1356,Fungi,Mucoromycota,Paraglomeromycetes,Paraglomerales,Paraglomeraceae,Paraglomus,VTX00238,1,Fungi,Glomeromycota,Paraglomeromycetes,Paraglomerales,NA,NA,NA,0.9,Highly_Probable,NA,NA,Glomeromycota,Paraglomeraceae,Paraglomus,yes,yes,yes,primer
Paraglomus_occultum_CU126_ZUII_ASV1357,Paraglomus_occultum_CU126_ZUII_ASV1357_INVAM,Paraglomus,occultum,CU126,ZUII,INVAM,ASV1357,Fungi,Mucoromycota,Paraglomeromycetes,Paraglomerales,Paraglomeraceae,Paraglomus,VTX00238,1,Fungi,Glomeromycota,Paraglomeromycetes,Paraglomerales,NA,NA,NA,0.9,Highly_Probable,NA,NA,Glomeromycota,Paraglomeraceae,Paraglomus,yes,yes,yes,primer
Gigaspora_rosea_FL105_11_KU_ASV1032,Gigaspora_rosea_FL105_11_KU_ASV1032_INVAM,Gigaspora,rosea,FL105_11,KU,INVAM,ASV1032,Fungi,Mucoromycota,Glomeromycetes,Diversisporales,Gigasporaceae,Gigaspora,VTX00039,1,Fungi,Glomeromycota,Glomeromycetes,Gigasporales,Gigasporaceae,Gigaspora,rosea,0.6,Highly_Probable,arbuscular_mycorrhizal,root-associated,Glomeromycota,Gigasporaceae,Gigaspora,yes,yes,yes,primer
Gigaspora_rosea_FL105_11_KU_ASV1320,Gigaspora_rosea_FL105_11_KU_ASV1320_INVAM,Gigaspora,rosea,FL105_11,KU,INVAM,ASV1320,Fungi,Mucoromycota,Glomeromycetes,Diversisporales,Gigasporaceae,Gigaspora,VTX00039,1,Fungi,Glomeromycota,Glomeromycetes,Gigasporales,Gigasporaceae,Gigaspora,NA,1,Highly_Probable,arbuscular_mycorrhizal,root-associated,Glomeromycota,Gigasporaceae,Gigaspora,yes,yes,yes,primer
Dentiscutata_heterogama_FL225_25_KU_ASV1171,Dentiscutata_heterogama_FL225_25_KU_ASV1171_INVAM,Dentiscutata,heterogama,FL225_25,KU,INVAM,ASV1171,Fungi,Mucoromycota,Glomeromycetes,Diversisporales,Gigasporaceae,Scutellospora,VTX00255,0.7,Fungi,Glomeromycota,Glomeromycetes,Gigasporales,Dentiscutataceae,NA,NA,0.6,Highly_Probable,NA,NA,Glomeromycota,Gigasporaceae,Dentiscutata,yes,yes,yes,primer
Acaulospora_kentinensis_FL709_10_KU_ASV1056,Acaulospora_kentinensis_FL709_10_KU_ASV1056_INVAM,Acaulospora,kentinensis,FL709_10,KU,INVAM,ASV1056,Fungi,Mucoromycota,Glomeromycetes,Diversisporales,Acaulosporaceae,Acaulospora,NA,1,Fungi,Glomeromycota,NA,NA,NA,NA,NA,0.6,Highly_Probable,NA,NA,Glomeromycota,Acaulosporaceae,Acaulospora,yes,yes,yes,primer
Paraglomus_brasilianum_FL710_19_KU_ASV1331,Paraglomus_brasilianum_FL710_19_KU_ASV1331_INVAM,Paraglomus,brasilianum,FL710_19,KU,INVAM,ASV1331,Fungi,Mucoromycota,Paraglomeromycetes,Paraglomerales,Paraglomeraceae,Paraglomus,VTX00239,0.8,Fungi,Glomeromycota,Paraglomeromycetes,Paraglomerales,Paraglomeraceae,Paraglomus,NA,0.8,Highly_Probable,arbuscular_mycorrhizal,root-associated,Glomeromycota,Paraglomeraceae,Paraglomus,yes,yes,yes,primer
Paraglomus_brasilianum_FL710_19_KU_ASV1332,Paraglomus_brasilianum_FL710_19_KU_ASV1332_INVAM,Paraglomus,brasilianum,FL710_19,KU,INVAM,ASV1332,Fungi,Mucoromycota,Paraglomeromycetes,Paraglomerales,Paraglomeraceae,Paraglomus,VTX00239,0.8,Fungi,Glomeromycota,Paraglomeromycetes,Paraglomerales,Paraglomeraceae,Paraglomus,NA,0.8,Highly_Probable,arbuscular_mycorrhizal,root-associated,Glomeromycota,Paraglomeraceae,Paraglomus,yes,yes,yes,primer
Paraglomus_brasilianum_FL710_19_KU_ASV1335,Paraglomus_brasilianum_FL710_19_KU_ASV1335_INVAM,Paraglomus,brasilianum,FL710_19,KU,INVAM,ASV1335,Fungi,Mucoromycota,Paraglomeromycetes,Paraglomerales,Paraglomeraceae,Paraglomus,VTX00239,0.8,Fungi,Glomeromycota,Paraglomeromycetes,Paraglomerales,Paraglomeraceae,Paraglomus,NA,0.8,Highly_Probable,arbuscular_mycorrhizal,root-associated,Glomeromycota,Paraglomeraceae,Paraglomus,yes,yes,yes,primer
Dentiscutata_heterogama_FL728_KU_ASV1001,Dentiscutata_heterogama_FL728_KU_ASV1001_INVAM,Dentiscutata,heterogama,FL728,KU,INVAM,ASV1001,Fungi,Mucoromycota,Glomeromycetes,Diversisporales,Gigasporaceae,Scutellospora,VTX00255,0.8,Fungi,Glomeromycota,Glomeromycetes,Gigasporales,Dentiscutataceae,NA,NA,0.6,Highly_Probable,NA,NA,Glomeromycota,Gigasporaceae,Dentiscutata,yes,yes,yes,primer
Dentiscutata_heterogama_FL728_KU_ASV1168,Dentiscutata_heterogama_FL728_KU_ASV1168_INVAM,Dentiscutata,heterogama,FL728,KU,INVAM,ASV1168,Fungi,Mucoromycota,Glomeromycetes,Diversisporales,Gigasporaceae,Scutellospora,VTX00255,0.6,Fungi,Glomeromycota,Glomeromycetes,Gigasporales,Dentiscutataceae,NA,NA,0.6,Highly_Probable,NA,NA,Glomeromycota,Gigasporaceae,Dentiscutata,yes,yes,yes,primer
Dentiscutata_heterogama_FL728_KU_ASV1170,Dentiscutata_heterogama_FL728_KU_ASV1170_INVAM,Dentiscutata,heterogama,FL728,KU,INVAM,ASV1170,Fungi,Mucoromycota,Glomeromycetes,Diversisporales,Gigasporaceae,Scutellospora,VTX00255,0.8,Fungi,Glomeromycota,Glomeromycetes,Gigasporales,NA,NA,NA,1,Highly_Probable,NA,NA,Glomeromycota,Gigasporaceae,Dentiscutata,yes,yes,yes,primer
Dentiscutata_heterogama_FL728_KU_ASV1172,Dentiscutata_heterogama_FL728_KU_ASV1172_INVAM,Dentiscutata,heterogama,FL728,KU,INVAM,ASV1172,Fungi,Mucoromycota,Glomeromycetes,Diversisporales,Gigasporaceae,Scutellospora,VTX00255,0.6,Fungi,Glomeromycota,Glomeromycetes,Gigasporales,Dentiscutataceae,NA,NA,0.6,Highly_Probable,NA,NA,Glomeromycota,Gigasporaceae,Dentiscutata,yes,yes,yes,primer
Dentiscutata_heterogama_FL728_KU_ASV1173,Dentiscutata_heterogama_FL728_KU_ASV1173_INVAM,Dentiscutata,heterogama,FL728,KU,INVAM,ASV1173,Fungi,Mucoromycota,Glomeromycetes,Diversisporales,Gigasporaceae,Scutellospora,VTX00255,0.8,Fungi,Glomeromycota,Glomeromycetes,Gigasporales,Dentiscutataceae,NA,NA,0.6,Highly_Probable,NA,NA,Glomeromycota,Gigasporaceae,Dentiscutata,yes,yes,yes,primer
Dentiscutata_heterogama_FL728_KU_ASV1174,Dentiscutata_heterogama_FL728_KU_ASV1174_INVAM,Dentiscutata,heterogama,FL728,KU,INVAM,ASV1174,Fungi,Mucoromycota,Glomeromycetes,Diversisporales,Gigasporaceae,Scutellospora,VTX00255,0.6,Fungi,Glomeromycota,Glomeromycetes,Gigasporales,Dentiscutataceae,Dentiscutata,NA,0.6,Highly_Probable,arbuscular_mycorrhizal,root-associated,Glomeromycota,Gigasporaceae,Dentiscutata,yes,yes,yes,primer
Dentiscutata_heterogama_FL728_KU_ASV1175,Dentiscutata_heterogama_FL728_KU_ASV1175_INVAM,Dentiscutata,heterogama,FL728,KU,INVAM,ASV1175,Fungi,Mucoromycota,Glomeromycetes,Diversisporales,Gigasporaceae,Scutellospora,VTX00255,0.7,Fungi,Glomeromycota,Glomeromycetes,Gigasporales,Dentiscutataceae,NA,NA,0.6,Highly_Probable,NA,NA,Glomeromycota,Gigasporaceae,Dentiscutata,yes,yes,yes,primer
Rhizophagus_clarus_FL879N_KU_ASV1378,Rhizophagus_clarus_FL879N_KU_ASV1378_INVAM,Rhizophagus,clarus,FL879N,KU,INVAM,ASV1378,Fungi,Mucoromycota,Glomeromycetes,Glomerales,Glomeraceae,Glomus,VTX00399,0.6,Fungi,Glomeromycota,Glomeromycetes,Glomerales,Glomeraceae,Rhizophagus,clarus,0.6,Highly_Probable,arbuscular_mycorrhizal,root-associated,Glomeromycota,Sclerocystaceae_Kamienskiaceae,Rhizophagus,yes,yes,yes,primer
Rhizophagus_clarus_FL879N_KU_ASV1379,Rhizophagus_clarus_FL879N_KU_ASV1379_INVAM,Rhizophagus,clarus,FL879N,KU,INVAM,ASV1379,Fungi,Mucoromycota,Glomeromycetes,Glomerales,Glomeraceae,Glomus,VTX00399,0.6,Fungi,Glomeromycota,Glomeromycetes,Glomerales,Glomeraceae,Rhizophagus,clarus,0.6,Highly_Probable,arbuscular_mycorrhizal,root-associated,Glomeromycota,Sclerocystaceae_Kamienskiaceae,Rhizophagus,yes,yes,yes,primer
Rhizophagus_clarus_FL879N_KU_ASV1380,Rhizophagus_clarus_FL879N_KU_ASV1380_INVAM,Rhizophagus,clarus,FL879N,KU,INVAM,ASV1380,Fungi,Mucoromycota,Glomeromycetes,Glomerales,Glomeraceae,Glomus,VTX00399,0.8,Fungi,Glomeromycota,Glomeromycetes,Glomerales,Glomeraceae,Rhizophagus,NA,0.6,Highly_Probable,arbuscular_mycorrhizal,root-associated,Glomeromycota,Sclerocystaceae_Kamienskiaceae,Rhizophagus,yes,yes,yes,primer
Rhizophagus_clarus_FL879N_KU_ASV1381,Rhizophagus_clarus_FL879N_KU_ASV1381_INVAM,Rhizophagus,clarus,FL879N,KU,INVAM,ASV1381,Fungi,Mucoromycota,Glomeromycetes,Glomerales,Glomeraceae,Glomus,VTX00399,0.8,Fungi,Glomeromycota,Glomeromycetes,Glomerales,Glomeraceae,Rhizophagus,clarus,0.6,Highly_Probable,arbuscular_mycorrhizal,root-associated,Glomeromycota,Sclerocystaceae_Kamienskiaceae,Rhizophagus,yes,yes,yes,primer
Rhizophagus_clarus_FL879N_KU_ASV1384,Rhizophagus_clarus_FL879N_KU_ASV1384_INVAM,Rhizophagus,clarus,FL879N,KU,INVAM,ASV1384,Fungi,Mucoromycota,Glomeromycetes,Glomerales,Glomeraceae,Glomus,NA,1,Fungi,Glomeromycota,Glomeromycetes,Glomerales,Glomeraceae,Rhizophagus,NA,0.6,Highly_Probable,arbuscular_mycorrhizal,root-associated,Glomeromycota,Sclerocystaceae_Kamienskiaceae,Rhizophagus,yes,yes,yes,primer
Rhizophagus_clarus_FL879N_KU_ASV1387,Rhizophagus_clarus_FL879N_KU_ASV1387_INVAM,Rhizophagus,clarus,FL879N,KU,INVAM,ASV1387,Fungi,Mucoromycota,Glomeromycetes,Glomerales,Glomeraceae,Glomus,NA,1,Fungi,Glomeromycota,Glomeromycetes,Glomerales,Glomeraceae,Rhizophagus,clarus,0.6,Highly_Probable,arbuscular_mycorrhizal,root-associated,Glomeromycota,Sclerocystaceae_Kamienskiaceae,Rhizophagus,yes,yes,yes,primer
Rhizophagus_dimorphicus_FL912N_KU_ASV1391,Rhizophagus_dimorphicus_FL912N_KU_ASV1391_INVAM,Rhizophagus,dimorphicus,FL912N,KU,INVAM,ASV1391,Fungi,Mucoromycota,Glomeromycetes,Glomerales,Glomeraceae,Glomus,VTX00112,1,Fungi,Glomeromycota,Glomeromycetes,Glomerales,Glomeraceae,NA,NA,0.8,Highly_Probable,NA,NA,Glomeromycota,Sclerocystaceae_Kamienskiaceae,Rhizophagus,yes,yes,yes,primer
Rhizophagus_dimorphicus_FL912N_KU_ASV1392,Rhizophagus_dimorphicus_FL912N_KU_ASV1392_INVAM,Rhizophagus,dimorphicus,FL912N,KU,INVAM,ASV1392,Fungi,Mucoromycota,Glomeromycetes,Glomerales,Glomeraceae,Glomus,VTX00112,0.9,Fungi,Glomeromycota,Glomeromycetes,Glomerales,Glomeraceae,NA,NA,1,Highly_Probable,NA,NA,Glomeromycota,Sclerocystaceae_Kamienskiaceae,Rhizophagus,yes,yes,yes,primer
Rhizophagus_dimorphicus_FL912N_KU_ASV1393,Rhizophagus_dimorphicus_FL912N_KU_ASV1393_INVAM,Rhizophagus,dimorphicus,FL912N,KU,INVAM,ASV1393,Fungi,Mucoromycota,Glomeromycetes,Glomerales,Glomeraceae,Glomus,VTX00112,0.9,Fungi,Glomeromycota,Glomeromycetes,Glomerales,Glomeraceae,NA,NA,0.9,Highly_Probable,NA,NA,Glomeromycota,Sclerocystaceae_Kamienskiaceae,Rhizophagus,yes,yes,yes,primer
Rhizophagus_dimorphicus_FL912N_KU_ASV1394,Rhizophagus_dimorphicus_FL912N_KU_ASV1394_INVAM,Rhizophagus,dimorphicus,FL912N,KU,INVAM,ASV1394,Fungi,Mucoromycota,Glomeromycetes,Glomerales,Glomeraceae,Glomus,VTX00112,0.9,Fungi,Glomeromycota,Glomeromycetes,Glomerales,Glomeraceae,NA,NA,1,Highly_Probable,NA,NA,Glomeromycota,Sclerocystaceae_Kamienskiaceae,Rhizophagus,yes,yes,yes,primer
Rhizophagus_dimorphicus_FL912N_KU_ASV1395,Rhizophagus_dimorphicus_FL912N_KU_ASV1395_INVAM,Rhizophagus,dimorphicus,FL912N,KU,INVAM,ASV1395,Fungi,Mucoromycota,Glomeromycetes,Glomerales,Glomeraceae,Glomus,VTX00112,0.9,Fungi,Glomeromycota,Glomeromycetes,Glomerales,Glomeraceae,NA,NA,1,Highly_Probable,NA,NA,Glomeromycota,Sclerocystaceae_Kamienskiaceae,Rhizophagus,yes,yes,yes,primer
Dentiscutata_heterogama_IL203A_ZU_ASV1001,Dentiscutata_heterogama_IL203A_ZU_ASV1001_INVAM,Dentiscutata,heterogama,IL203A,ZU,INVAM,ASV1001,Fungi,Mucoromycota,Glomeromycetes,Diversisporales,Gigasporaceae,Scutellospora,VTX00255,0.8,Fungi,Glomeromycota,Glomeromycetes,Gigasporales,Dentiscutataceae,NA,NA,0.6,Highly_Probable,NA,NA,Glomeromycota,Gigasporaceae,Dentiscutata,yes,yes,yes,primer
Dentiscutata_heterogama_IL203A_ZUII_ASV1001,Dentiscutata_heterogama_IL203A_ZUII_ASV1001_INVAM,Dentiscutata,heterogama,IL203A,ZUII,INVAM,ASV1001,Fungi,Mucoromycota,Glomeromycetes,Diversisporales,Gigasporaceae,Scutellospora,VTX00255,0.8,Fungi,Glomeromycota,Glomeromycetes,Gigasporales,Dentiscutataceae,NA,NA,0.6,Highly_Probable,NA,NA,Glomeromycota,Gigasporaceae,Dentiscutata,yes,yes,yes,primer
Dentiscutata_heterogama_IL203A_ZU_ASV1004,Dentiscutata_heterogama_IL203A_ZU_ASV1004_INVAM,Dentiscutata,heterogama,IL203A,ZU,INVAM,ASV1004,Fungi,Mucoromycota,Glomeromycetes,Diversisporales,Gigasporaceae,Scutellospora,VTX00255,0.8,Fungi,Glomeromycota,Glomeromycetes,Gigasporales,Dentiscutataceae,NA,NA,0.6,Highly_Probable,NA,NA,Glomeromycota,Gigasporaceae,Dentiscutata,yes,yes,yes,primer
Dentiscutata_heterogama_IL203A_ZUII_ASV1004,Dentiscutata_heterogama_IL203A_ZUII_ASV1004_INVAM,Dentiscutata,heterogama,IL203A,ZUII,INVAM,ASV1004,Fungi,Mucoromycota,Glomeromycetes,Diversisporales,Gigasporaceae,Scutellospora,VTX00255,0.8,Fungi,Glomeromycota,Glomeromycetes,Gigasporales,Dentiscutataceae,NA,NA,0.6,Highly_Probable,NA,NA,Glomeromycota,Gigasporaceae,Dentiscutata,yes,yes,yes,primer
Dentiscutata_heterogama_IL203A_ZU_ASV1009,Dentiscutata_heterogama_IL203A_ZU_ASV1009_INVAM,Dentiscutata,heterogama,IL203A,ZU,INVAM,ASV1009,Fungi,Mucoromycota,Glomeromycetes,Diversisporales,Gigasporaceae,Scutellospora,VTX00255,0.7,Fungi,Glomeromycota,Glomeromycetes,Gigasporales,Dentiscutataceae,NA,NA,0.6,Highly_Probable,NA,NA,Glomeromycota,Gigasporaceae,Dentiscutata,yes,yes,yes,primer
Dentiscutata_heterogama_IL203A_ZUII_ASV1009,Dentiscutata_heterogama_IL203A_ZUII_ASV1009_INVAM,Dentiscutata,heterogama,IL203A,ZUII,INVAM,ASV1009,Fungi,Mucoromycota,Glomeromycetes,Diversisporales,Gigasporaceae,Scutellospora,VTX00255,0.7,Fungi,Glomeromycota,Glomeromycetes,Gigasporales,Dentiscutataceae,NA,NA,0.6,Highly_Probable,NA,NA,Glomeromycota,Gigasporaceae,Dentiscutata,yes,yes,yes,primer
Dentiscutata_heterogama_IL203A_ZU_ASV1014,Dentiscutata_heterogama_IL203A_ZU_ASV1014_INVAM,Dentiscutata,heterogama,IL203A,ZU,INVAM,ASV1014,Fungi,Mucoromycota,Glomeromycetes,Diversisporales,Gigasporaceae,Scutellospora,VTX00255,0.6,Fungi,Glomeromycota,Glomeromycetes,Gigasporales,Dentiscutataceae,NA,NA,0.6,Highly_Probable,NA,NA,Glomeromycota,Gigasporaceae,Dentiscutata,yes,yes,yes,primer
Dentiscutata_heterogama_IL203A_ZUII_ASV1014,Dentiscutata_heterogama_IL203A_ZUII_ASV1014_INVAM,Dentiscutata,heterogama,IL203A,ZUII,INVAM,ASV1014,Fungi,Mucoromycota,Glomeromycetes,Diversisporales,Gigasporaceae,Scutellospora,VTX00255,0.6,Fungi,Glomeromycota,Glomeromycetes,Gigasporales,Dentiscutataceae,NA,NA,0.6,Highly_Probable,NA,NA,Glomeromycota,Gigasporaceae,Dentiscutata,yes,yes,yes,primer
Dentiscutata_heterogama_IL203A_ZU_ASV1031,Dentiscutata_heterogama_IL203A_ZU_ASV1031_INVAM,Dentiscutata,heterogama,IL203A,ZU,INVAM,ASV1031,Fungi,Mucoromycota,Glomeromycetes,Diversisporales,Gigasporaceae,Scutellospora,VTX00255,0.6,Fungi,Glomeromycota,Glomeromycetes,Gigasporales,Dentiscutataceae,NA,NA,0.6,Highly_Probable,NA,NA,Glomeromycota,Gigasporaceae,Dentiscutata,yes,yes,yes,primer
Dentiscutata_heterogama_IL203A_ZUII_ASV1031,Dentiscutata_heterogama_IL203A_ZUII_ASV1031_INVAM,Dentiscutata,heterogama,IL203A,ZUII,INVAM,ASV1031,Fungi,Mucoromycota,Glomeromycetes,Diversisporales,Gigasporaceae,Scutellospora,VTX00255,0.6,Fungi,Glomeromycota,Glomeromycetes,Gigasporales,Dentiscutataceae,NA,NA,0.6,Highly_Probable,NA,NA,Glomeromycota,Gigasporaceae,Dentiscutata,yes,yes,yes,primer
Dentiscutata_heterogama_IL203A_ZU_ASV1039,Dentiscutata_heterogama_IL203A_ZU_ASV1039_INVAM,Dentiscutata,heterogama,IL203A,ZU,INVAM,ASV1039,Fungi,Mucoromycota,Glomeromycetes,Diversisporales,Gigasporaceae,Scutellospora,VTX00255,0.8,Fungi,Glomeromycota,Glomeromycetes,Gigasporales,NA,NA,NA,0.9,Highly_Probable,NA,NA,Glomeromycota,Gigasporaceae,Dentiscutata,yes,yes,yes,primer
Dentiscutata_heterogama_IL203A_ZUII_ASV1039,Dentiscutata_heterogama_IL203A_ZUII_ASV1039_INVAM,Dentiscutata,heterogama,IL203A,ZUII,INVAM,ASV1039,Fungi,Mucoromycota,Glomeromycetes,Diversisporales,Gigasporaceae,Scutellospora,VTX00255,0.8,Fungi,Glomeromycota,Glomeromycetes,Gigasporales,NA,NA,NA,0.9,Highly_Probable,NA,NA,Glomeromycota,Gigasporaceae,Dentiscutata,yes,yes,yes,primer
Dentiscutata_heterogama_IL203A_ZU_ASV1049,Dentiscutata_heterogama_IL203A_ZU_ASV1049_INVAM,Dentiscutata,heterogama,IL203A,ZU,INVAM,ASV1049,Fungi,Mucoromycota,Glomeromycetes,Diversisporales,Gigasporaceae,Scutellospora,VTX00255,0.6,Fungi,Glomeromycota,Glomeromycetes,Gigasporales,Dentiscutataceae,Dentiscutata,NA,0.6,Highly_Probable,arbuscular_mycorrhizal,root-associated,Glomeromycota,Gigasporaceae,Dentiscutata,yes,yes,yes,primer
Dentiscutata_heterogama_IL203A_ZUII_ASV1049,Dentiscutata_heterogama_IL203A_ZUII_ASV1049_INVAM,Dentiscutata,heterogama,IL203A,ZUII,INVAM,ASV1049,Fungi,Mucoromycota,Glomeromycetes,Diversisporales,Gigasporaceae,Scutellospora,VTX00255,0.6,Fungi,Glomeromycota,Glomeromycetes,Gigasporales,Dentiscutataceae,Dentiscutata,NA,0.6,Highly_Probable,arbuscular_mycorrhizal,root-associated,Glomeromycota,Gigasporaceae,Dentiscutata,yes,yes,yes,primer
Dentiscutata_heterogama_IL203A_ZU_ASV1052,Dentiscutata_heterogama_IL203A_ZU_ASV1052_INVAM,Dentiscutata,heterogama,IL203A,ZU,INVAM,ASV1052,Fungi,Mucoromycota,Glomeromycetes,Diversisporales,Gigasporaceae,Scutellospora,VTX00255,0.8,Fungi,Glomeromycota,Glomeromycetes,Gigasporales,Dentiscutataceae,NA,NA,0.6,Highly_Probable,NA,NA,Glomeromycota,Gigasporaceae,Dentiscutata,yes,yes,yes,primer
Dentiscutata_heterogama_IL203A_ZUII_ASV1052,Dentiscutata_heterogama_IL203A_ZUII_ASV1052_INVAM,Dentiscutata,heterogama,IL203A,ZUII,INVAM,ASV1052,Fungi,Mucoromycota,Glomeromycetes,Diversisporales,Gigasporaceae,Scutellospora,VTX00255,0.8,Fungi,Glomeromycota,Glomeromycetes,Gigasporales,Dentiscutataceae,NA,NA,0.6,Highly_Probable,NA,NA,Glomeromycota,Gigasporaceae,Dentiscutata,yes,yes,yes,primer
Dentiscutata_heterogama_IL203A_ZU_ASV1054,Dentiscutata_heterogama_IL203A_ZU_ASV1054_INVAM,Dentiscutata,heterogama,IL203A,ZU,INVAM,ASV1054,Fungi,Mucoromycota,Glomeromycetes,Diversisporales,Gigasporaceae,Scutellospora,VTX00255,0.6,Fungi,Glomeromycota,Glomeromycetes,Gigasporales,Dentiscutataceae,NA,NA,0.6,Highly_Probable,NA,NA,Glomeromycota,Gigasporaceae,Dentiscutata,yes,yes,yes,primer
Dentiscutata_heterogama_IL203A_ZUII_ASV1054,Dentiscutata_heterogama_IL203A_ZUII_ASV1054_INVAM,Dentiscutata,heterogama,IL203A,ZUII,INVAM,ASV1054,Fungi,Mucoromycota,Glomeromycetes,Diversisporales,Gigasporaceae,Scutellospora,VTX00255,0.6,Fungi,Glomeromycota,Glomeromycetes,Gigasporales,Dentiscutataceae,NA,NA,0.6,Highly_Probable,NA,NA,Glomeromycota,Gigasporaceae,Dentiscutata,yes,yes,yes,primer
Scutellospora_calospora_IL209_ZU_ASV1415,Scutellospora_calospora_IL209_ZU_ASV1415_INVAM,Scutellospora,calospora,IL209,ZU,INVAM,ASV1415,Fungi,Mucoromycota,Glomeromycetes,Diversisporales,Gigasporaceae,Scutellospora,VTX00049,1,Fungi,Glomeromycota,Glomeromycetes,Gigasporales,Scutellosporaceae,Scutellospora,NA,0.6,Highly_Probable,arbuscular_mycorrhizal,root-associated,Glomeromycota,Gigasporaceae,Scutellospora,yes,yes,yes,primer
Scutellospora_calospora_IL209_ZU_ASV1416,Scutellospora_calospora_IL209_ZU_ASV1416_INVAM,Scutellospora,calospora,IL209,ZU,INVAM,ASV1416,Fungi,Mucoromycota,Glomeromycetes,Diversisporales,Gigasporaceae,Scutellospora,VTX00049,1,Fungi,Glomeromycota,Glomeromycetes,Gigasporales,Scutellosporaceae,Scutellospora,NA,0.6,Highly_Probable,arbuscular_mycorrhizal,root-associated,Glomeromycota,Gigasporaceae,Scutellospora,yes,yes,yes,primer
Scutellospora_calospora_IL209_ZU_ASV1417,Scutellospora_calospora_IL209_ZU_ASV1417_INVAM,Scutellospora,calospora,IL209,ZU,INVAM,ASV1417,Fungi,Mucoromycota,Glomeromycetes,Diversisporales,Gigasporaceae,Scutellospora,VTX00052,1,Fungi,Glomeromycota,Glomeromycetes,Gigasporales,Scutellosporaceae,Scutellospora,NA,0.6,Highly_Probable,arbuscular_mycorrhizal,root-associated,Glomeromycota,Gigasporaceae,Scutellospora,yes,yes,yes,primer
Scutellospora_calospora_IL209_ZU_ASV1418,Scutellospora_calospora_IL209_ZU_ASV1418_INVAM,Scutellospora,calospora,IL209,ZU,INVAM,ASV1418,Fungi,Mucoromycota,Glomeromycetes,Diversisporales,Gigasporaceae,Scutellospora,VTX00049,1,Fungi,Glomeromycota,Glomeromycetes,Gigasporales,Scutellosporaceae,Scutellospora,NA,0.6,Highly_Probable,arbuscular_mycorrhizal,root-associated,Glomeromycota,Gigasporaceae,Scutellospora,yes,yes,yes,primer
Scutellospora_calospora_IL209_ZU_ASV1419,Scutellospora_calospora_IL209_ZU_ASV1419_INVAM,Scutellospora,calospora,IL209,ZU,INVAM,ASV1419,Fungi,Mucoromycota,Glomeromycetes,Diversisporales,Gigasporaceae,Scutellospora,VTX00049,1,Fungi,Glomeromycota,Glomeromycetes,Gigasporales,Scutellosporaceae,Scutellospora,NA,0.7,Highly_Probable,arbuscular_mycorrhizal,root-associated,Glomeromycota,Gigasporaceae,Scutellospora,yes,yes,yes,primer
Scutellospora_calospora_IL209_ZU_ASV1420,Scutellospora_calospora_IL209_ZU_ASV1420_INVAM,Scutellospora,calospora,IL209,ZU,INVAM,ASV1420,Fungi,Mucoromycota,Glomeromycetes,Diversisporales,Gigasporaceae,Scutellospora,VTX00049,1,Fungi,Glomeromycota,Glomeromycetes,Gigasporales,Scutellosporaceae,Scutellospora,NA,0.6,Highly_Probable,arbuscular_mycorrhizal,root-associated,Glomeromycota,Gigasporaceae,Scutellospora,yes,yes,yes,primer
Scutellospora_calospora_IL209_ZU_ASV1421,Scutellospora_calospora_IL209_ZU_ASV1421_INVAM,Scutellospora,calospora,IL209,ZU,INVAM,ASV1421,Fungi,Mucoromycota,Glomeromycetes,Diversisporales,Gigasporaceae,Scutellospora,VTX00049,1,Fungi,Glomeromycota,Glomeromycetes,Gigasporales,Scutellosporaceae,Scutellospora,NA,0.6,Highly_Probable,arbuscular_mycorrhizal,root-associated,Glomeromycota,Gigasporaceae,Scutellospora,yes,yes,yes,primer
Scutellospora_calospora_IL209_ZU_ASV1422,Scutellospora_calospora_IL209_ZU_ASV1422_INVAM,Scutellospora,calospora,IL209,ZU,INVAM,ASV1422,Fungi,Mucoromycota,Glomeromycetes,Diversisporales,Gigasporaceae,Scutellospora,VTX00049,1,Fungi,Glomeromycota,Glomeromycetes,Gigasporales,Scutellosporaceae,Scutellospora,NA,0.6,Highly_Probable,arbuscular_mycorrhizal,root-associated,Glomeromycota,Gigasporaceae,Scutellospora,yes,yes,yes,primer
Unknown_NA_JAY1_KU_ASV1452,Gigaspora_sp._JAY1_KU_ASV1452_BeverSchultz,Gigaspora,sp.,JAY1,KU,BeverSchultz,ASV1452,Fungi,Mucoromycota,Glomeromycetes,Diversisporales,Gigasporaceae,Gigaspora,VTX00039,1,Fungi,Glomeromycota,Glomeromycetes,Gigasporales,Gigasporaceae,Gigaspora,margarita,0.8,Highly_Probable,arbuscular_mycorrhizal,root-associated,Glomeromycota,Gigasporaceae,Gigaspora,yes,yes,yes,primer
Unknown_NA_JAY1_KU_ASV1453,Gigaspora_sp._JAY1_KU_ASV1453_BeverSchultz,Gigaspora,sp.,JAY1,KU,BeverSchultz,ASV1453,Fungi,Mucoromycota,Glomeromycetes,Diversisporales,Gigasporaceae,Gigaspora,VTX00039,1,Fungi,Glomeromycota,Glomeromycetes,Gigasporales,Gigasporaceae,Gigaspora,margarita,0.8,Highly_Probable,arbuscular_mycorrhizal,root-associated,Glomeromycota,Gigasporaceae,Gigaspora,yes,yes,yes,primer
Diversispora_epigaea_KS210_ZU_ASV1179,Diversispora_epigaea_KS210_ZU_ASV1179_INVAM,Diversispora,epigaea,KS210,ZU,INVAM,ASV1179,Fungi,Mucoromycota,Glomeromycetes,Diversisporales,Diversisporaceae,Diversispora,VTX00061,1,Fungi,Glomeromycota,Glomeromycetes,Diversisporales,Diversisporaceae,Diversispora,epigaea,0.9,Highly_Probable,arbuscular_mycorrhizal,root-associated,Glomeromycota,Diversisporaceae,Diversispora,yes,yes,yes,primer
Diversispora_epigaea_KS210_ZU_ASV1180,Diversispora_epigaea_KS210_ZU_ASV1180_INVAM,Diversispora,epigaea,KS210,ZU,INVAM,ASV1180,Fungi,Mucoromycota,Glomeromycetes,Diversisporales,Diversisporaceae,Diversispora,VTX00061,0.9,Fungi,Glomeromycota,Glomeromycetes,Diversisporales,Diversisporaceae,Diversispora,epigaea,0.9,Highly_Probable,arbuscular_mycorrhizal,root-associated,Glomeromycota,Diversisporaceae,Diversispora,yes,yes,yes,primer
Diversispora_epigaea_KS210_ZU_ASV1181,Diversispora_epigaea_KS210_ZU_ASV1181_INVAM,Diversispora,epigaea,KS210,ZU,INVAM,ASV1181,Fungi,Mucoromycota,Glomeromycetes,Diversisporales,Diversisporaceae,Diversispora,VTX00061,1,Fungi,Glomeromycota,Glomeromycetes,Diversisporales,Diversisporaceae,Diversispora,epigaea,0.8,Highly_Probable,arbuscular_mycorrhizal,root-associated,Glomeromycota,Diversisporaceae,Diversispora,yes,yes,yes,primer
Diversispora_epigaea_KS212_ZU_ASV1187,Diversispora_epigaea_KS212_ZU_ASV1187_INVAM,Diversispora,epigaea,KS212,ZU,INVAM,ASV1187,Fungi,Mucoromycota,Glomeromycetes,Diversisporales,Diversisporaceae,Diversispora,VTX00061,1,Fungi,Glomeromycota,Glomeromycetes,Diversisporales,Diversisporaceae,Diversispora,epigaea,0.8,Highly_Probable,arbuscular_mycorrhizal,root-associated,Glomeromycota,Diversisporaceae,Diversispora,yes,yes,yes,primer
Gigaspora_gigantea_KS302_KU_ASV1304,Gigaspora_gigantea_KS302_KU_ASV1304_INVAM,Gigaspora,gigantea,KS302,KU,INVAM,ASV1304,Fungi,Mucoromycota,Glomeromycetes,Diversisporales,Gigasporaceae,Gigaspora,VTX00039,1,Fungi,Glomeromycota,Glomeromycetes,Gigasporales,Gigasporaceae,Gigaspora,NA,1,Highly_Probable,arbuscular_mycorrhizal,root-associated,Glomeromycota,Gigasporaceae,Gigaspora,yes,yes,yes,primer
Gigaspora_gigantea_KS302_KU_ASV1305,Gigaspora_gigantea_KS302_KU_ASV1305_INVAM,Gigaspora,gigantea,KS302,KU,INVAM,ASV1305,Fungi,Mucoromycota,Glomeromycetes,Diversisporales,Gigasporaceae,Gigaspora,VTX00039,1,Fungi,Glomeromycota,Glomeromycetes,Gigasporales,Gigasporaceae,Gigaspora,NA,1,Highly_Probable,arbuscular_mycorrhizal,root-associated,Glomeromycota,Gigasporaceae,Gigaspora,yes,yes,yes,primer
Gigaspora_gigantea_KS302_KU_ASV1306,Gigaspora_gigantea_KS302_KU_ASV1306_INVAM,Gigaspora,gigantea,KS302,KU,INVAM,ASV1306,Fungi,Mucoromycota,Glomeromycetes,Diversisporales,Gigasporaceae,Gigaspora,VTX00039,1,Fungi,Glomeromycota,Glomeromycetes,Gigasporales,Gigasporaceae,Gigaspora,NA,0.9,Highly_Probable,arbuscular_mycorrhizal,root-associated,Glomeromycota,Gigasporaceae,Gigaspora,yes,yes,yes,primer
Gigaspora_gigantea_KS302_KU_ASV1307,Gigaspora_gigantea_KS302_KU_ASV1307_INVAM,Gigaspora,gigantea,KS302,KU,INVAM,ASV1307,Fungi,Mucoromycota,Glomeromycetes,Diversisporales,Gigasporaceae,Gigaspora,VTX00039,1,Fungi,Glomeromycota,Glomeromycetes,Gigasporales,Gigasporaceae,Gigaspora,NA,1,Highly_Probable,arbuscular_mycorrhizal,root-associated,Glomeromycota,Gigasporaceae,Gigaspora,yes,yes,yes,primer
Gigaspora_rosea_KS885_ZUII_ASV1032,Gigaspora_rosea_KS885_ZUII_ASV1032_INVAM,Gigaspora,rosea,KS885,ZUII,INVAM,ASV1032,Fungi,Mucoromycota,Glomeromycetes,Diversisporales,Gigasporaceae,Gigaspora,VTX00039,1,Fungi,Glomeromycota,Glomeromycetes,Gigasporales,Gigasporaceae,Gigaspora,rosea,0.6,Highly_Probable,arbuscular_mycorrhizal,root-associated,Glomeromycota,Gigasporaceae,Gigaspora,yes,yes,yes,primer
Septoglomus_constrictum_KS890_KU_ASV1425,Septoglomus_constrictum_KS890_KU_ASV1425_INVAM,Septoglomus,constrictum,KS890,KU,INVAM,ASV1425,Fungi,Mucoromycota,Glomeromycetes,Glomerales,Glomeraceae,Glomus,VTX00064,1,Fungi,Glomeromycota,Glomeromycetes,Glomerales,Glomeraceae,Septoglomus,NA,0.7,Highly_Probable,arbuscular_mycorrhizal,root-associated,Glomeromycota,Septoglomeraceae,Septoglomus,yes,yes,yes,primer
Rhizophagus_sinuosus_MD126_KU_ASV1401,Sclerocystis_sinuosa_MD126_KU_ASV1401_INVAM,Sclerocystis,sinuosa,MD126,KU,INVAM,ASV1401,Fungi,Mucoromycota,Glomeromycetes,Glomerales,Glomeraceae,Glomus,VTX00069,1,Fungi,Glomeromycota,Glomeromycetes,Glomerales,Glomeraceae,NA,NA,1,Highly_Probable,NA,NA,Glomeromycota,Sclerocystaceae_Kamienskiaceae,Sclerocystis,yes,yes,yes,primer
Rhizophagus_sinuosus_MD126_KU_ASV1402,Sclerocystis_sinuosa_MD126_KU_ASV1402_INVAM,Sclerocystis,sinuosa,MD126,KU,INVAM,ASV1402,Fungi,Mucoromycota,Glomeromycetes,Glomerales,Glomeraceae,Glomus,VTX00069,1,Fungi,Glomeromycota,Glomeromycetes,Glomerales,Glomeraceae,NA,NA,1,Highly_Probable,NA,NA,Glomeromycota,Sclerocystaceae_Kamienskiaceae,Sclerocystis,yes,yes,yes,primer
Rhizophagus_sinuosus_MD126_KU_ASV1403,Sclerocystis_sinuosa_MD126_KU_ASV1403_INVAM,Sclerocystis,sinuosa,MD126,KU,INVAM,ASV1403,Fungi,Mucoromycota,Glomeromycetes,Glomerales,Glomeraceae,Glomus,VTX00069,1,Fungi,Glomeromycota,Glomeromycetes,Glomerales,Glomeraceae,NA,NA,1,Highly_Probable,NA,NA,Glomeromycota,Sclerocystaceae_Kamienskiaceae,Sclerocystis,yes,yes,yes,primer
Rhizophagus_sinuosus_MD126_KU_ASV1404,Sclerocystis_sinuosa_MD126_KU_ASV1404_INVAM,Sclerocystis,sinuosa,MD126,KU,INVAM,ASV1404,Fungi,Mucoromycota,Glomeromycetes,Glomerales,Glomeraceae,Glomus,VTX00069,1,Fungi,Glomeromycota,Glomeromycetes,Glomerales,Glomeraceae,NA,NA,1,Highly_Probable,NA,NA,Glomeromycota,Sclerocystaceae_Kamienskiaceae,Sclerocystis,yes,yes,yes,primer
Rhizophagus_sinuosus_MD126_KU_ASV1405,Sclerocystis_sinuos_MD126_KU_ASV1405_INVAM,Sclerocystis,sinuosa,MD126,KU,INVAM,ASV1405,Fungi,Mucoromycota,Glomeromycetes,Glomerales,Glomeraceae,Glomus,VTX00069,1,Fungi,Glomeromycota,Glomeromycetes,Glomerales,Glomeraceae,NA,NA,1,Highly_Probable,NA,NA,Glomeromycota,Sclerocystaceae_Kamienskiaceae,Sclerocystis,yes,yes,yes,primer
Rhizophagus_sinuosus_MD126_KU_ASV1406,Sclerocystis_sinuosa_MD126_KU_ASV1406_INVAM,Sclerocystis,sinuosa,MD126,KU,INVAM,ASV1406,Fungi,Mucoromycota,Glomeromycetes,Glomerales,Glomeraceae,Glomus,VTX00069,1,Fungi,Glomeromycota,Glomeromycetes,Glomerales,Glomeraceae,NA,NA,1,Highly_Probable,NA,NA,Glomeromycota,Sclerocystaceae_Kamienskiaceae,Sclerocystis,yes,yes,yes,primer
Rhizophagus_sinuosus_MD126_KU_ASV1407,Sclerocystis_sinuosa_MD126_KU_ASV1407_INVAM,Sclerocystis,sinuosa,MD126,KU,INVAM,ASV1407,Fungi,Mucoromycota,Glomeromycetes,Glomerales,Glomeraceae,Glomus,VTX00069,1,Fungi,Glomeromycota,Glomeromycetes,Glomerales,Glomeraceae,NA,NA,1,Highly_Probable,NA,NA,Glomeromycota,Sclerocystaceae_Kamienskiaceae,Sclerocystis,yes,yes,yes,primer
Funneliformis_coronatus_MR101_KU_ASV1218,Funneliformis_coronatum_MR101_KU_ASV1218_INVAM,Funneliformis,coronatum,MR101,KU,INVAM,ASV1218,Fungi,Mucoromycota,Glomeromycetes,Glomerales,Glomeraceae,Glomus,VTX00067,1,Fungi,Glomeromycota,Glomeromycetes,Glomerales,Glomeraceae,Funneliformis,NA,1,Highly_Probable,arbuscular_mycorrhizal,root-associated,Glomeromycota,Septoglomeraceae,Funneliformis,yes,yes,yes,primer
Funneliformis_coronatus_MR101_KU_ASV1219,Funneliformis_coronatum_MR101_KU_ASV1219_INVAM,Funneliformis,coronatum,MR101,KU,INVAM,ASV1219,Fungi,Mucoromycota,Glomeromycetes,Glomerales,Glomeraceae,Glomus,VTX00067,1,Fungi,Glomeromycota,Glomeromycetes,Glomerales,Glomeraceae,Funneliformis,NA,1,Highly_Probable,arbuscular_mycorrhizal,root-associated,Glomeromycota,Septoglomeraceae,Funneliformis,yes,yes,yes,primer
Funneliformis_coronatus_MR101_KU_ASV1220,Funneliformis_coronatum_MR101_KU_ASV1220_INVAM,Funneliformis,coronatum,MR101,KU,INVAM,ASV1220,Fungi,Mucoromycota,Glomeromycetes,Glomerales,Glomeraceae,Glomus,VTX00067,1,Fungi,Glomeromycota,Glomeromycetes,Glomerales,Glomeraceae,Funneliformis,NA,0.9,Highly_Probable,arbuscular_mycorrhizal,root-associated,Glomeromycota,Septoglomeraceae,Funneliformis,yes,yes,yes,primer
Funneliformis_coronatus_MR101_KU_ASV1221,Funneliformis_coronatum_MR101_KU_ASV1221_INVAM,Funneliformis,coronatum,MR101,KU,INVAM,ASV1221,Fungi,Mucoromycota,Glomeromycetes,Glomerales,Glomeraceae,Glomus,VTX00067,1,Fungi,Glomeromycota,Glomeromycetes,Glomerales,Glomeraceae,Funneliformis,NA,1,Highly_Probable,arbuscular_mycorrhizal,root-associated,Glomeromycota,Septoglomeraceae,Funneliformis,yes,yes,yes,primer
Funneliformis_coronatus_MR101_KU_ASV1222,Funneliformis_coronatum_MR101_KU_ASV1222_INVAM,Funneliformis,coronatum,MR101,KU,INVAM,ASV1222,Fungi,Mucoromycota,Glomeromycetes,Glomerales,Glomeraceae,Glomus,VTX00067,1,Fungi,Glomeromycota,Glomeromycetes,Glomerales,Glomeraceae,Funneliformis,NA,1,Highly_Probable,arbuscular_mycorrhizal,root-associated,Glomeromycota,Septoglomeraceae,Funneliformis,yes,yes,yes,primer
Funneliformis_coronatus_MR101_KU_ASV1223,Funneliformis_coronatum_MR101_KU_ASV1223_INVAM,Funneliformis,coronatum,MR101,KU,INVAM,ASV1223,Fungi,Mucoromycota,Glomeromycetes,Glomerales,Glomeraceae,Glomus,VTX00067,1,Fungi,Glomeromycota,Glomeromycetes,Glomerales,Glomeraceae,Funneliformis,NA,1,Highly_Probable,arbuscular_mycorrhizal,root-associated,Glomeromycota,Septoglomeraceae,Funneliformis,yes,yes,yes,primer
Funneliformis_coronatus_MR101_KU_ASV1224,Funneliformis_coronatum_MR101_KU_ASV1224_INVAM,Funneliformis,coronatum,MR101,KU,INVAM,ASV1224,Fungi,Mucoromycota,Glomeromycetes,Glomerales,Glomeraceae,Glomus,VTX00067,1,Fungi,Glomeromycota,Glomeromycetes,Glomerales,Glomeraceae,Funneliformis,mosseae,0.7,Highly_Probable,arbuscular_mycorrhizal,root-associated,Glomeromycota,Septoglomeraceae,Funneliformis,yes,yes,yes,primer
Funneliformis_coronatus_MR101_KU_ASV1225,Funneliformis_coronatum_MR101_KU_ASV1225_INVAM,Funneliformis,coronatum,MR101,KU,INVAM,ASV1225,Fungi,Mucoromycota,Glomeromycetes,Glomerales,Glomeraceae,Glomus,VTX00067,1,Fungi,Glomeromycota,Glomeromycetes,Glomerales,Glomeraceae,Funneliformis,NA,1,Highly_Probable,arbuscular_mycorrhizal,root-associated,Glomeromycota,Septoglomeraceae,Funneliformis,yes,yes,yes,primer
Ambispora_gerdemannii_MT106_KU_ASV1010,Ambispora_leptoticha_MT106_KU_ASV1010_INVAM,Ambispora,leptoticha,MT106,KU,INVAM,ASV1010,Fungi,Mucoromycota,Archaeosporomycetes,Archaeosporales,Ambisporaceae,Ambispora,VTX00242,1,Fungi,Glomeromycota,Archaeosporomycetes,Archaeosporales,Ambisporaceae,Ambispora,NA,1,Highly_Probable,arbuscular_mycorrhizal,root-associated,Glomeromycota,Ambisporaceae,Ambispora,yes,yes,yes,primer
Ambispora_gerdemannii_MT106_KU_ASV1023,Ambispora_leptoticha_MT106_KU_ASV1023_INVAM,Ambispora,leptoticha,MT106,KU,INVAM,ASV1023,Fungi,Mucoromycota,Archaeosporomycetes,Archaeosporales,Ambisporaceae,Ambispora,VTX00242,1,Fungi,Glomeromycota,Archaeosporomycetes,Archaeosporales,Ambisporaceae,Ambispora,NA,1,Highly_Probable,arbuscular_mycorrhizal,root-associated,Glomeromycota,Ambisporaceae,Ambispora,yes,yes,yes,primer
Ambispora_gerdemannii_MT106_KU_ASV1119,Ambispora_leptoticha_MT106_KU_ASV1119_INVAM,Ambispora,leptoticha,MT106,KU,INVAM,ASV1119,Fungi,Mucoromycota,Archaeosporomycetes,Archaeosporales,Ambisporaceae,Ambispora,VTX00242,1,Fungi,Glomeromycota,Archaeosporomycetes,Archaeosporales,Ambisporaceae,Ambispora,NA,1,Highly_Probable,arbuscular_mycorrhizal,root-associated,Glomeromycota,Ambisporaceae,Ambispora,yes,yes,yes,primer
Ambispora_gerdemannii_MT106_KU_ASV1120,Ambispora_leptoticha_MT106_KU_ASV1120_INVAM,Ambispora,leptoticha,MT106,KU,INVAM,ASV1120,Fungi,Mucoromycota,Archaeosporomycetes,Archaeosporales,Ambisporaceae,Ambispora,VTX00242,1,Fungi,Glomeromycota,Archaeosporomycetes,Archaeosporales,Ambisporaceae,Ambispora,NA,1,Highly_Probable,arbuscular_mycorrhizal,root-associated,Glomeromycota,Ambisporaceae,Ambispora,yes,yes,yes,primer
Ambispora_gerdemannii_MT106_KU_ASV1121,Ambispora_leptoticha_MT106_KU_ASV1121_INVAM,Ambispora,leptoticha,MT106,KU,INVAM,ASV1121,Fungi,Mucoromycota,Archaeosporomycetes,Archaeosporales,Ambisporaceae,Ambispora,VTX00242,1,Fungi,Glomeromycota,Archaeosporomycetes,Archaeosporales,Ambisporaceae,Ambispora,NA,1,Highly_Probable,arbuscular_mycorrhizal,root-associated,Glomeromycota,Ambisporaceae,Ambispora,yes,yes,yes,primer
Ambispora_leptoticha_MX982A_KU_ASV1126,Ambispora_leptoticha_MX982A_KU_ASV1126_INVAM,Ambispora,leptoticha,MX982A,KU,INVAM,ASV1126,Fungi,Mucoromycota,Archaeosporomycetes,Archaeosporales,Ambisporaceae,Ambispora,VTX00242,1,Fungi,Glomeromycota,Archaeosporomycetes,Archaeosporales,Ambisporaceae,Ambispora,NA,1,Highly_Probable,arbuscular_mycorrhizal,root-associated,Glomeromycota,Ambisporaceae,Ambispora,yes,yes,yes,primer
Ambispora_leptoticha_MX982A_KU_ASV1127,Ambispora_leptoticha_MX982A_KU_ASV1127_INVAM,Ambispora,leptoticha,MX982A,KU,INVAM,ASV1127,Fungi,Mucoromycota,Archaeosporomycetes,Archaeosporales,Ambisporaceae,Ambispora,VTX00242,1,Fungi,Glomeromycota,Archaeosporomycetes,Archaeosporales,Ambisporaceae,Ambispora,NA,1,Highly_Probable,arbuscular_mycorrhizal,root-associated,Glomeromycota,Ambisporaceae,Ambispora,yes,yes,yes,primer
Ambispora_leptoticha_MX982A_KU_ASV1128,Ambispora_leptoticha_MX982A_KU_ASV1128_INVAM,Ambispora,leptoticha,MX982A,KU,INVAM,ASV1128,Fungi,Mucoromycota,Archaeosporomycetes,Archaeosporales,Ambisporaceae,Ambispora,VTX00242,1,Fungi,Glomeromycota,Archaeosporomycetes,Archaeosporales,Ambisporaceae,Ambispora,NA,1,Highly_Probable,arbuscular_mycorrhizal,root-associated,Glomeromycota,Ambisporaceae,Ambispora,yes,yes,yes,primer
Ambispora_leptoticha_MX982A_KU_ASV1129,Ambispora_leptoticha_MX982A_KU_ASV1129_INVAM,Ambispora,leptoticha,MX982A,KU,INVAM,ASV1129,Fungi,Mucoromycota,Archaeosporomycetes,Archaeosporales,Ambisporaceae,Ambispora,VTX00242,1,Fungi,Glomeromycota,Archaeosporomycetes,Archaeosporales,Ambisporaceae,Ambispora,NA,1,Highly_Probable,arbuscular_mycorrhizal,root-associated,Glomeromycota,Ambisporaceae,Ambispora,yes,yes,yes,primer
Ambispora_leptoticha_MX982A_KU_ASV1130,Ambispora_leptoticha_MX982A_KU_ASV1130_INVAM,Ambispora,leptoticha,MX982A,KU,INVAM,ASV1130,Fungi,Mucoromycota,Archaeosporomycetes,Archaeosporales,Ambisporaceae,Ambispora,VTX00242,1,Fungi,Glomeromycota,Archaeosporomycetes,Archaeosporales,Ambisporaceae,Ambispora,NA,1,Highly_Probable,arbuscular_mycorrhizal,root-associated,Glomeromycota,Ambisporaceae,Ambispora,yes,yes,yes,primer
Ambispora_leptoticha_MX982A_KU_ASV1131,Ambispora_leptoticha_MX982A_KU_ASV1131_INVAM,Ambispora,leptoticha,MX982A,KU,INVAM,ASV1131,Fungi,Mucoromycota,Archaeosporomycetes,Archaeosporales,Ambisporaceae,Ambispora,VTX00242,1,Fungi,Glomeromycota,Archaeosporomycetes,Archaeosporales,Ambisporaceae,Ambispora,NA,1,Highly_Probable,arbuscular_mycorrhizal,root-associated,Glomeromycota,Ambisporaceae,Ambispora,yes,yes,yes,primer
Ambispora_leptoticha_MX982A_KU_ASV1132,Ambispora_leptoticha_MX982A_KU_ASV1132_INVAM,Ambispora,leptoticha,MX982A,KU,INVAM,ASV1132,Fungi,Mucoromycota,Archaeosporomycetes,Archaeosporales,Ambisporaceae,Ambispora,VTX00242,1,Fungi,Glomeromycota,Archaeosporomycetes,Archaeosporales,Ambisporaceae,Ambispora,NA,1,Highly_Probable,arbuscular_mycorrhizal,root-associated,Glomeromycota,Ambisporaceae,Ambispora,yes,yes,yes,primer
Ambispora_leptoticha_MX982A_KU_ASV1133,Ambispora_leptoticha_MX982A_KU_ASV1133_INVAM,Ambispora,leptoticha,MX982A,KU,INVAM,ASV1133,Fungi,Mucoromycota,Archaeosporomycetes,Archaeosporales,Ambisporaceae,Ambispora,VTX00242,1,Fungi,Glomeromycota,Archaeosporomycetes,Archaeosporales,Ambisporaceae,Ambispora,NA,1,Highly_Probable,arbuscular_mycorrhizal,root-associated,Glomeromycota,Ambisporaceae,Ambispora,yes,yes,yes,primer
Gigaspora_margarita_NC114B_KU_ASV1003,Gigaspora_margarita_NC114B_KU_ASV1003_INVAM,Gigaspora,margarita,NC114B,KU,INVAM,ASV1003,Fungi,Mucoromycota,Glomeromycetes,Diversisporales,Gigasporaceae,Gigaspora,VTX00039,1,Fungi,Glomeromycota,Glomeromycetes,Gigasporales,Gigasporaceae,Gigaspora,margarita,0.8,Highly_Probable,arbuscular_mycorrhizal,root-associated,Glomeromycota,Gigasporaceae,Gigaspora,yes,yes,yes,primer
Gigaspora_margarita_NC114B_KU_ASV1040,Gigaspora_margarita_NC114B_KU_ASV1040_INVAM,Gigaspora,margarita,NC114B,KU,INVAM,ASV1040,Fungi,Mucoromycota,Glomeromycetes,Diversisporales,Gigasporaceae,Gigaspora,VTX00039,1,Fungi,Glomeromycota,Glomeromycetes,Gigasporales,Gigasporaceae,Gigaspora,margarita,0.6,Highly_Probable,arbuscular_mycorrhizal,root-associated,Glomeromycota,Gigasporaceae,Gigaspora,yes,yes,yes,primer
Gigaspora_margarita_NC114B_KU_ASV1045,Gigaspora_margarita_NC114B_KU_ASV1045_INVAM,Gigaspora,margarita,NC114B,KU,INVAM,ASV1045,Fungi,Mucoromycota,Glomeromycetes,Diversisporales,Gigasporaceae,Gigaspora,VTX00039,1,Fungi,Glomeromycota,Glomeromycetes,Gigasporales,Gigasporaceae,Gigaspora,margarita,0.8,Highly_Probable,arbuscular_mycorrhizal,root-associated,Glomeromycota,Gigasporaceae,Gigaspora,yes,yes,yes,primer
Gigaspora_margarita_NC114B_KU_ASV1053,Gigaspora_margarita_NC114B_KU_ASV1053_INVAM,Gigaspora,margarita,NC114B,KU,INVAM,ASV1053,Fungi,Mucoromycota,Glomeromycetes,Diversisporales,Gigasporaceae,Gigaspora,VTX00039,1,Fungi,Glomeromycota,Glomeromycetes,Gigasporales,Gigasporaceae,Gigaspora,margarita,0.8,Highly_Probable,arbuscular_mycorrhizal,root-associated,Glomeromycota,Gigasporaceae,Gigaspora,yes,yes,yes,primer
Gigaspora_margarita_NC114B_KU_ASV1310,Gigaspora_margarita_NC114B_KU_ASV1310_INVAM,Gigaspora,margarita,NC114B,KU,INVAM,ASV1310,Fungi,Mucoromycota,Glomeromycetes,Diversisporales,Gigasporaceae,Gigaspora,VTX00039,1,Fungi,Glomeromycota,Glomeromycetes,Gigasporales,Gigasporaceae,Gigaspora,margarita,0.8,Highly_Probable,arbuscular_mycorrhizal,root-associated,Glomeromycota,Gigasporaceae,Gigaspora,yes,yes,yes,primer
Racocetra_gregaria_NC210_KU_ASV1370,Racocetra_gregaria_NC210_KU_ASV1370_INVAM,Racocetra,gregaria,NC210,KU,INVAM,ASV1370,Fungi,Mucoromycota,Glomeromycetes,Diversisporales,Gigasporaceae,Scutellospora,VTX00041,0.9,Fungi,Glomeromycota,Glomeromycetes,Gigasporales,NA,NA,NA,1,Highly_Probable,NA,NA,Glomeromycota,Gigasporaceae,Racocetra,yes,yes,yes,primer
Racocetra_gregaria_NC210_KU_ASV1371,Racocetra_gregaria_NC210_KU_ASV1371_INVAM,Racocetra,gregaria,NC210,KU,INVAM,ASV1371,Fungi,Mucoromycota,Glomeromycetes,Diversisporales,Gigasporaceae,Scutellospora,VTX00041,0.9,Fungi,Glomeromycota,Glomeromycetes,Gigasporales,NA,NA,NA,1,Highly_Probable,NA,NA,Glomeromycota,Gigasporaceae,Racocetra,yes,yes,yes,primer
Septoglomus_deserticola_NC302A_ZUII_ASV1438,Septoglomus_deserticola_NC302A_ZUII_ASV1438_INVAM,Septoglomus,deserticola,NC302A,ZUII,INVAM,ASV1438,Fungi,Mucoromycota,Glomeromycetes,Glomerales,Glomeraceae,Glomus,VTX00063,1,Fungi,Glomeromycota,Glomeromycetes,Glomerales,Glomeraceae,Septoglomus,NA,0.778,Highly_Probable,arbuscular_mycorrhizal,root-associated,Glomeromycota,Septoglomeraceae,Septoglomus,yes,yes,yes,primer
Septoglomus_deserticola_NC302A_ZUII_ASV1440,Septoglomus_deserticola_NC302A_ZUII_ASV1440_INVAM,Septoglomus,deserticola,NC302A,ZUII,INVAM,ASV1440,Fungi,Mucoromycota,Glomeromycetes,Glomerales,Glomeraceae,Glomus,VTX00063,1,Fungi,Glomeromycota,Glomeromycetes,Glomerales,Glomeraceae,Septoglomus,NA,0.625,Highly_Probable,arbuscular_mycorrhizal,root-associated,Glomeromycota,Septoglomeraceae,Septoglomus,yes,yes,yes,primer
Septoglomus_deserticola_NC302A_ZUII_ASV1441,Septoglomus_deserticola_NC302A_ZUII_ASV1441_INVAM,Septoglomus,deserticola,NC302A,ZUII,INVAM,ASV1441,Fungi,Mucoromycota,Glomeromycetes,Glomerales,Glomeraceae,Glomus,VTX00063,1,Fungi,Glomeromycota,Glomeromycetes,Glomerales,Glomeraceae,Septoglomus,NA,0.625,Highly_Probable,arbuscular_mycorrhizal,root-associated,Glomeromycota,Septoglomeraceae,Septoglomus,yes,yes,yes,primer
Funneliformis_mosseae_NC302C_KU_ASV1255,Funneliformis_mosseae_NC302C_KU_ASV1255_INVAM,Funneliformis,mosseae,NC302C,KU,INVAM,ASV1255,Fungi,Mucoromycota,Glomeromycetes,Glomerales,Glomeraceae,Glomus,VTX00067,1,Fungi,Glomeromycota,Glomeromycetes,Glomerales,Glomeraceae,Funneliformis,mosseae,0.8,Highly_Probable,arbuscular_mycorrhizal,root-associated,Glomeromycota,Septoglomeraceae,Funneliformis,yes,yes,yes,primer
Funneliformis_mosseae_NC302C_KU_ASV1258,Funneliformis_mosseae_NC302C_KU_ASV1258_INVAM,Funneliformis,mosseae,NC302C,KU,INVAM,ASV1258,Fungi,Mucoromycota,Glomeromycetes,Glomerales,Glomeraceae,Glomus,VTX00067,1,Fungi,Glomeromycota,Glomeromycetes,Glomerales,Glomeraceae,Funneliformis,NA,0.6,Highly_Probable,arbuscular_mycorrhizal,root-associated,Glomeromycota,Septoglomeraceae,Funneliformis,yes,yes,yes,primer
Funneliformis_mosseae_NC302C_KU_ASV1259,Funneliformis_mosseae_NC302C_KU_ASV1259_INVAM,Funneliformis,mosseae,NC302C,KU,INVAM,ASV1259,Fungi,Mucoromycota,Glomeromycetes,Glomerales,Glomeraceae,Glomus,VTX00067,1,Fungi,Glomeromycota,Glomeromycetes,Glomerales,Glomeraceae,Funneliformis,NA,0.6,Highly_Probable,arbuscular_mycorrhizal,root-associated,Glomeromycota,Septoglomeraceae,Funneliformis,yes,yes,yes,primer
Funneliformis_mosseae_NC302C_KU_ASV1261,Funneliformis_mosseae_NC302C_KU_ASV1261_INVAM,Funneliformis,mosseae,NC302C,KU,INVAM,ASV1261,Fungi,Mucoromycota,Glomeromycetes,Glomerales,Glomeraceae,Glomus,VTX00067,1,Fungi,Glomeromycota,Glomeromycetes,Glomerales,Glomeraceae,Funneliformis,NA,1,Highly_Probable,arbuscular_mycorrhizal,root-associated,Glomeromycota,Septoglomeraceae,Funneliformis,yes,yes,yes,primer
Funneliformis_mosseae_NC302C_KU_ASV1266,Funneliformis_mosseae_NC302C_KU_ASV1266_INVAM,Funneliformis,mosseae,NC302C,KU,INVAM,ASV1266,Fungi,Mucoromycota,Glomeromycetes,Glomerales,Glomeraceae,Glomus,VTX00067,1,Fungi,Glomeromycota,Glomeromycetes,Glomerales,Glomeraceae,Funneliformis,NA,0.6,Highly_Probable,arbuscular_mycorrhizal,root-associated,Glomeromycota,Septoglomeraceae,Funneliformis,yes,yes,yes,primer
Funneliformis_mosseae_NC302C_KU_ASV1269,Funneliformis_mosseae_NC302C_KU_ASV1269_INVAM,Funneliformis,mosseae,NC302C,KU,INVAM,ASV1269,Fungi,Mucoromycota,Glomeromycetes,Glomerales,Glomeraceae,Glomus,VTX00067,1,Fungi,Glomeromycota,Glomeromycetes,Glomerales,Glomeraceae,Funneliformis,mosseae,0.7,Highly_Probable,arbuscular_mycorrhizal,root-associated,Glomeromycota,Septoglomeraceae,Funneliformis,yes,yes,yes,primer
Funneliformis_mosseae_NC302C_KU_ASV1271,Funneliformis_mosseae_NC302C_KU_ASV1271_INVAM,Funneliformis,mosseae,NC302C,KU,INVAM,ASV1271,Fungi,Mucoromycota,Glomeromycetes,Glomerales,Glomeraceae,Glomus,VTX00067,1,Fungi,Glomeromycota,Glomeromycetes,Glomerales,Glomeraceae,Funneliformis,NA,0.6,Highly_Probable,arbuscular_mycorrhizal,root-associated,Glomeromycota,Septoglomeraceae,Funneliformis,yes,yes,yes,primer
Funneliformis_mosseae_NC302C_KU_ASV1275,Funneliformis_mosseae_NC302C_KU_ASV1275_INVAM,Funneliformis,mosseae,NC302C,KU,INVAM,ASV1275,Fungi,Mucoromycota,Glomeromycetes,Glomerales,Glomeraceae,Glomus,VTX00067,1,Fungi,Glomeromycota,Glomeromycetes,Glomerales,Glomeraceae,Funneliformis,mosseae,0.8,Highly_Probable,arbuscular_mycorrhizal,root-associated,Glomeromycota,Septoglomeraceae,Funneliformis,yes,yes,yes,primer
Funneliformis_mosseae_NC302C_KU_ASV1278,Funneliformis_mosseae_NC302C_KU_ASV1278_INVAM,Funneliformis,mosseae,NC302C,KU,INVAM,ASV1278,Fungi,Mucoromycota,Glomeromycetes,Glomerales,Glomeraceae,Glomus,VTX00067,1,Fungi,Glomeromycota,Glomeromycetes,Glomerales,Glomeraceae,Funneliformis,mosseae,0.8,Highly_Probable,arbuscular_mycorrhizal,root-associated,Glomeromycota,Septoglomeraceae,Funneliformis,yes,yes,yes,primer
Funneliformis_mosseae_NC302C_KU_ASV1279,Funneliformis_mosseae_NC302C_KU_ASV1279_INVAM,Funneliformis,mosseae,NC302C,KU,INVAM,ASV1279,Fungi,Mucoromycota,Glomeromycetes,Glomerales,Glomeraceae,Glomus,VTX00067,1,Fungi,Glomeromycota,Glomeromycetes,Glomerales,Glomeraceae,Funneliformis,mosseae,0.6,Highly_Probable,arbuscular_mycorrhizal,root-associated,Glomeromycota,Septoglomeraceae,Funneliformis,yes,yes,yes,primer
Funneliformis_mosseae_NC302C_KU_ASV1280,Funneliformis_mosseae_NC302C_KU_ASV1280_INVAM,Funneliformis,mosseae,NC302C,KU,INVAM,ASV1280,Fungi,Mucoromycota,Glomeromycetes,Glomerales,Glomeraceae,Glomus,VTX00067,1,Fungi,Glomeromycota,Glomeromycetes,Glomerales,Glomeraceae,Funneliformis,mosseae,0.7,Highly_Probable,arbuscular_mycorrhizal,root-associated,Glomeromycota,Septoglomeraceae,Funneliformis,yes,yes,yes,primer
Funneliformis_mosseae_NC302C_KU_ASV1282,Funneliformis_mosseae_NC302C_KU_ASV1282_INVAM,Funneliformis,mosseae,NC302C,KU,INVAM,ASV1282,Fungi,Mucoromycota,Glomeromycetes,Glomerales,Glomeraceae,Glomus,VTX00067,1,Fungi,Glomeromycota,Glomeromycetes,Glomerales,Glomeraceae,Funneliformis,NA,0.6,Highly_Probable,arbuscular_mycorrhizal,root-associated,Glomeromycota,Septoglomeraceae,Funneliformis,yes,yes,yes,primer
Funneliformis_mosseae_NC302C_KU_ASV1284,Funneliformis_mosseae_NC302C_KU_ASV1284_INVAM,Funneliformis,mosseae,NC302C,KU,INVAM,ASV1284,Fungi,Mucoromycota,Glomeromycetes,Glomerales,Glomeraceae,Glomus,VTX00067,1,Fungi,Glomeromycota,Glomeromycetes,Glomerales,Glomeraceae,Funneliformis,mosseae,0.8,Highly_Probable,arbuscular_mycorrhizal,root-associated,Glomeromycota,Septoglomeraceae,Funneliformis,yes,yes,yes,primer
Funneliformis_mosseae_NC302C_KU_ASV1288,Funneliformis_mosseae_NC302C_KU_ASV1288_INVAM,Funneliformis,mosseae,NC302C,KU,INVAM,ASV1288,Fungi,Mucoromycota,Glomeromycetes,Glomerales,Glomeraceae,Glomus,VTX00067,1,Fungi,Glomeromycota,Glomeromycetes,Glomerales,Glomeraceae,Funneliformis,NA,0.6,Highly_Probable,arbuscular_mycorrhizal,root-associated,Glomeromycota,Septoglomeraceae,Funneliformis,yes,yes,yes,primer
Ambispora_gerdemannii_ON205A_ZU_ASV1000,Ambispora_gerdemannii_ON205A_ZU_ASV1000_INVAM,Ambispora,gerdemannii,ON205A,ZU,INVAM,ASV1000,Fungi,Mucoromycota,Archaeosporomycetes,Archaeosporales,Ambisporaceae,Ambispora,VTX00283,1,Fungi,Glomeromycota,Archaeosporomycetes,Archaeosporales,Ambisporaceae,Ambispora,NA,0.7,Highly_Probable,arbuscular_mycorrhizal,root-associated,Glomeromycota,Ambisporaceae,Ambispora,yes,yes,yes,primer
Ambispora_gerdemannii_ON205A_ZUII_ASV1000,Ambispora_gerdemannii_ON205A_ZUII_ASV1000_INVAM,Ambispora,gerdemannii,ON205A,ZUII,INVAM,ASV1000,Fungi,Mucoromycota,Archaeosporomycetes,Archaeosporales,Ambisporaceae,Ambispora,VTX00283,1,Fungi,Glomeromycota,Archaeosporomycetes,Archaeosporales,Ambisporaceae,Ambispora,NA,0.7,Highly_Probable,arbuscular_mycorrhizal,root-associated,Glomeromycota,Ambisporaceae,Ambispora,yes,yes,yes,primer
Ambispora_gerdemannii_ON205A_ZU_ASV1013,Ambispora_gerdemannii_ON205A_ZU_ASV1013_INVAM,Ambispora,gerdemannii,ON205A,ZU,INVAM,ASV1013,Fungi,Mucoromycota,Archaeosporomycetes,Archaeosporales,Ambisporaceae,Ambispora,VTX00283,1,Fungi,Glomeromycota,Archaeosporomycetes,Archaeosporales,Ambisporaceae,Ambispora,NA,0.7,Highly_Probable,arbuscular_mycorrhizal,root-associated,Glomeromycota,Ambisporaceae,Ambispora,yes,yes,yes,primer
Ambispora_gerdemannii_ON205A_ZUII_ASV1013,Ambispora_gerdemannii_ON205A_ZUII_ASV1013_INVAM,Ambispora,gerdemannii,ON205A,ZUII,INVAM,ASV1013,Fungi,Mucoromycota,Archaeosporomycetes,Archaeosporales,Ambisporaceae,Ambispora,VTX00283,1,Fungi,Glomeromycota,Archaeosporomycetes,Archaeosporales,Ambisporaceae,Ambispora,NA,0.7,Highly_Probable,arbuscular_mycorrhizal,root-associated,Glomeromycota,Ambisporaceae,Ambispora,yes,yes,yes,primer
Ambispora_gerdemannii_ON205A_ZU_ASV1043,Ambispora_gerdemannii_ON205A_ZU_ASV1043_INVAM,Ambispora,gerdemannii,ON205A,ZU,INVAM,ASV1043,Fungi,Mucoromycota,Archaeosporomycetes,Archaeosporales,Ambisporaceae,Ambispora,VTX00283,1,Fungi,Glomeromycota,Archaeosporomycetes,Archaeosporales,Ambisporaceae,Ambispora,NA,0.7,Highly_Probable,arbuscular_mycorrhizal,root-associated,Glomeromycota,Ambisporaceae,Ambispora,yes,yes,yes,primer
Ambispora_gerdemannii_ON205A_ZUII_ASV1043,Ambispora_gerdemannii_ON205A_ZUII_ASV1043_INVAM,Ambispora,gerdemannii,ON205A,ZUII,INVAM,ASV1043,Fungi,Mucoromycota,Archaeosporomycetes,Archaeosporales,Ambisporaceae,Ambispora,VTX00283,1,Fungi,Glomeromycota,Archaeosporomycetes,Archaeosporales,Ambisporaceae,Ambispora,NA,0.7,Highly_Probable,arbuscular_mycorrhizal,root-associated,Glomeromycota,Ambisporaceae,Ambispora,yes,yes,yes,primer
Ambispora_gerdemannii_ON205A_ZU_ASV1116,Ambispora_gerdemannii_ON205A_ZU_ASV1116_INVAM,Ambispora,gerdemannii,ON205A,ZU,INVAM,ASV1116,Fungi,Mucoromycota,Archaeosporomycetes,Archaeosporales,Ambisporaceae,Ambispora,VTX00283,1,Fungi,Glomeromycota,Archaeosporomycetes,Archaeosporales,Ambisporaceae,Ambispora,NA,0.7,Highly_Probable,arbuscular_mycorrhizal,root-associated,Glomeromycota,Ambisporaceae,Ambispora,yes,yes,yes,primer
Ambispora_gerdemannii_ON205A_ZU_ASV1117,Ambispora_gerdemannii_ON205A_ZU_ASV1117_INVAM,Ambispora,gerdemannii,ON205A,ZU,INVAM,ASV1117,Fungi,Mucoromycota,Archaeosporomycetes,Archaeosporales,Ambisporaceae,Ambispora,VTX00283,1,Fungi,Glomeromycota,Archaeosporomycetes,Archaeosporales,Ambisporaceae,Ambispora,NA,0.7,Highly_Probable,arbuscular_mycorrhizal,root-associated,Glomeromycota,Ambisporaceae,Ambispora,yes,yes,yes,primer
Ambispora_gerdemannii_ON205A_ZU_ASV1118,Ambispora_gerdemannii_ON205A_ZU_ASV1118_INVAM,Ambispora,gerdemannii,ON205A,ZU,INVAM,ASV1118,Fungi,Mucoromycota,Archaeosporomycetes,Archaeosporales,Ambisporaceae,Ambispora,VTX00283,1,Fungi,Glomeromycota,Archaeosporomycetes,Archaeosporales,Ambisporaceae,Ambispora,NA,0.7,Highly_Probable,arbuscular_mycorrhizal,root-associated,Glomeromycota,Ambisporaceae,Ambispora,yes,yes,yes,primer
Funneliformis_caledonium_P1-bc1008-81-s114_STFP_ASV2162,Funneliformis_caledonium_P1-bc1008-81-s114_STFP_ASV2162_CCAMF,Funneliformis,caledonium,P1-bc1008-81-s114,STFP,CCAMF,ASV2162,Fungi,Mucoromycota,Glomeromycetes,Glomerales,Glomeraceae,Glomus,VTX00065,1,Fungi,Glomeromycota,Glomeromycetes,Glomerales,Glomeraceae,Funneliformis,caledonium,0.8,Highly|_Probable,arbuscular_mycorrhizal,root-associated,Glomeromycota,Septoglomeraceae,Funneliformis,yes,yes,yes,primer
Funneliformis_caledonium_P1-bc1008-81-s129_STFP_ASV2161,Funneliformis_caledonium_P1-bc1008-81-s129_STFP_ASV2161_CCAMF,Funneliformis,caledonium,P1-bc1008-81-s129,STFP,CCAMF,ASV2161,Fungi,Mucoromycota,Glomeromycetes,Glomerales,Glomeraceae,Glomus,VTX00065,1,Fungi,Glomeromycota,Glomeromycetes,Glomerales,Glomeraceae,Funneliformis,caledonium,0.7,Highly|_Probable,arbuscular_mycorrhizal,root-associated,Glomeromycota,Septoglomeraceae,Funneliformis,yes,yes,yes,primer
Funneliformis_caledonium_P1-bc1008-81-s59_STFP_ASV2168,Funneliformis_caledonium_P1-bc1008-81-s59_STFP_ASV2168_CCAMF,Funneliformis,caledonium,P1-bc1008-81-s59,STFP,CCAMF,ASV2168,Fungi,Mucoromycota,Glomeromycetes,Glomerales,Glomeraceae,Glomus,VTX00065,1,Fungi,Glomeromycota,Glomeromycetes,Glomerales,Glomeraceae,Funneliformis,caledonium,0.8,Highly|_Probable,arbuscular_mycorrhizal,root-associated,Glomeromycota,Septoglomeraceae,Funneliformis,yes,yes,yes,primer
Funneliformis_caledonium_P1-bc1008-81-s61_STFP_ASV2169,Funneliformis_caledonium_P1-bc1008-81-s61_STFP_ASV2169_CCAMF,Funneliformis,caledonium,P1-bc1008-81-s61,STFP,CCAMF,ASV2169,Fungi,Mucoromycota,Glomeromycetes,Glomerales,Glomeraceae,Glomus,VTX00065,1,Fungi,Glomeromycota,Glomeromycetes,Glomerales,Glomeraceae,Funneliformis,caledonium,0.8,Highly|_Probable,arbuscular_mycorrhizal,root-associated,Glomeromycota,Septoglomeraceae,Funneliformis,yes,yes,yes,primer
Funneliformis_caledonium_P1-bc1008-81-s73_STFP_ASV2163,Funneliformis_caledonium_P1-bc1008-81-s73_STFP_ASV2163_CCAMF,Funneliformis,caledonium,P1-bc1008-81-s73,STFP,CCAMF,ASV2163,Fungi,Mucoromycota,Glomeromycetes,Glomerales,Glomeraceae,Glomus,VTX00065,1,Fungi,Glomeromycota,Glomeromycetes,Glomerales,Glomeraceae,Funneliformis,NA,0.8,Highly|_Probable,arbuscular_mycorrhizal,root-associated,Glomeromycota,Septoglomeraceae,Funneliformis,yes,yes,yes,primer
Rhizophagus_irregularis_P1-bc1013-1002-s58_STFP_ASV2427,Rhizophagus_irregularis_P1-bc1013-1002-s58_STFP_ASV2427_CCAMF,Rhizophagus,irregularis,P1-bc1013-1002-s58,STFP,CCAMF,ASV2427,Fungi,Mucoromycota,Glomeromycetes,Glomerales,Glomeraceae,Glomus,VTX00114,0.8,Fungi,Glomeromycota,Glomeromycetes,Glomerales,Glomeraceae,NA,NA,0.7,Highly|_Probable,NA,NA,Glomeromycota,Sclerocystaceae_Kamienskiaceae,Rhizophagus,yes,yes,yes,primer
Rhizophagus_irregularis_P1-bc1013-1002-s78_STFP_ASV2000,Rhizophagus_irregularis_P1-bc1013-1002-s78_STFP_ASV2000_CCAMF,Rhizophagus,irregularis,P1-bc1013-1002-s78,STFP,CCAMF,ASV2000,Fungi,Mucoromycota,Glomeromycetes,Glomerales,Glomeraceae,Glomus,VTX00114,0.8,Fungi,Glomeromycota,Glomeromycetes,Glomerales,Glomeraceae,Rhizophagus,irregularis,0.7,Highly|_Probable,arbuscular_mycorrhizal,root-associated,Glomeromycota,Sclerocystaceae_Kamienskiaceae,Rhizophagus,yes,yes,yes,primer
Rhizophagus_silesianus_P1-bc1015-ECU32-s117_STFP_ASV2482,Rhizophagus_silesianus_P1-bc1015-ECU32-s117_STFP_ASV2482_CCAMF,Rhizophagus,silesianus,P1-bc1015-ECU32-s117,STFP,CCAMF,ASV2482,Fungi,Mucoromycota,Glomeromycetes,Glomerales,Glomeraceae,Glomus,VTX00105,1,Fungi,Glomeromycota,Glomeromycetes,Glomerales,Glomeraceae,NA,NA,1,Highly|_Probable,NA,NA,Glomeromycota,Sclerocystaceae_Kamienskiaceae,Rhizophagus,yes,yes,yes,primer
Rhizophagus_silesianus_P1-bc1015-ECU32-s120_STFP_ASV2485,Rhizophagus_silesianus_P1-bc1015-ECU32-s120_STFP_ASV2485_CCAMF,Rhizophagus,silesianus,P1-bc1015-ECU32-s120,STFP,CCAMF,ASV2485,Fungi,Mucoromycota,Glomeromycetes,Glomerales,Glomeraceae,Glomus,VTX00105,1,Fungi,Glomeromycota,Glomeromycetes,Glomerales,Glomeraceae,NA,NA,1,Highly|_Probable,NA,NA,Glomeromycota,Sclerocystaceae_Kamienskiaceae,Rhizophagus,yes,yes,yes,primer
Rhizophagus_silesianus_P1-bc1015-ECU32-s151_STFP_ASV2478,Rhizophagus_silesianus_P1-bc1015-ECU32-s151_STFP_ASV2478_CCAMF,Rhizophagus,silesianus,P1-bc1015-ECU32-s151,STFP,CCAMF,ASV2478,Fungi,Mucoromycota,Glomeromycetes,Glomerales,Glomeraceae,Glomus,VTX00105,1,Fungi,Glomeromycota,Glomeromycetes,Glomerales,Glomeraceae,NA,NA,0.6,Highly|_Probable,NA,NA,Glomeromycota,Sclerocystaceae_Kamienskiaceae,Rhizophagus,yes,yes,yes,primer
Rhizophagus_silesianus_P1-bc1015-ECU32-s30_STFP_ASV2479,Rhizophagus_silesianus_P1-bc1015-ECU32-s30_STFP_ASV2479_CCAMF,Rhizophagus,silesianus,P1-bc1015-ECU32-s30,STFP,CCAMF,ASV2479,Fungi,Mucoromycota,Glomeromycetes,Glomerales,Glomeraceae,Glomus,VTX00105,1,Fungi,Glomeromycota,Glomeromycetes,Glomerales,Glomeraceae,NA,NA,0.6,Highly|_Probable,NA,NA,Glomeromycota,Sclerocystaceae_Kamienskiaceae,Rhizophagus,yes,yes,yes,primer
Rhizophagus_silesianus_P1-bc1015-ECU32-s33_STFP_ASV2486,Rhizophagus_silesianus_P1-bc1015-ECU32-s33_STFP_ASV2486_CCAMF,Rhizophagus,silesianus,P1-bc1015-ECU32-s33,STFP,CCAMF,ASV2486,Fungi,Mucoromycota,Glomeromycetes,Glomerales,Glomeraceae,Glomus,VTX00105,1,Fungi,Glomeromycota,Glomeromycetes,Glomerales,Glomeraceae,NA,NA,1,Highly|_Probable,NA,NA,Glomeromycota,Sclerocystaceae_Kamienskiaceae,Rhizophagus,yes,yes,yes,primer
Rhizophagus_silesianus_P1-bc1015-ECU32-s43_STFP_ASV2483,Rhizophagus_silesianus_P1-bc1015-ECU32-s43_STFP_ASV2483_CCAMF,Rhizophagus,silesianus,P1-bc1015-ECU32-s43,STFP,CCAMF,ASV2483,Fungi,Mucoromycota,Glomeromycetes,Glomerales,Glomeraceae,Glomus,VTX00105,1,Fungi,Glomeromycota,Glomeromycetes,Glomerales,Glomeraceae,NA,NA,1,Highly|_Probable,NA,NA,Glomeromycota,Sclerocystaceae_Kamienskiaceae,Rhizophagus,yes,yes,yes,primer
Rhizophagus_silesianus_P1-bc1015-ECU32-s46_STFP_ASV2484,Rhizophagus_silesianus_P1-bc1015-ECU32-s46_STFP_ASV2484_CCAMF,Rhizophagus,silesianus,P1-bc1015-ECU32-s46,STFP,CCAMF,ASV2484,Fungi,Mucoromycota,Glomeromycetes,Glomerales,Glomeraceae,Glomus,VTX00105,1,Fungi,Glomeromycota,Glomeromycetes,Glomerales,Glomeraceae,NA,NA,1,Highly|_Probable,NA,NA,Glomeromycota,Sclerocystaceae_Kamienskiaceae,Rhizophagus,yes,yes,yes,primer
Rhizophagus_intraradices_P1-bc1017-FL208-s127_STFP_ASV2489,Rhizophagus_intraradices_P1-bc1017-FL208-s127_STFP_ASV2489_CCAMF,Rhizophagus,intraradices,P1-bc1017-FL208-s127,STFP,CCAMF,ASV2489,Fungi,Mucoromycota,Glomeromycetes,Glomerales,Glomeraceae,Glomus,VTX00100,0.8,Fungi,Glomeromycota,Glomeromycetes,Glomerales,Glomeraceae,Rhizoglomus,intraradices,0.8,Probable,arbuscular_mycorrhizal,root-associated,Glomeromycota,Sclerocystaceae_Kamienskiaceae,Rhizophagus,yes,yes,yes,primer
Rhizophagus_intraradices_P1-bc1017-FL208-s138_STFP_ASV2018,Rhizophagus_intraradices_P1-bc1017-FL208-s138_STFP_ASV2018_CCAMF,Rhizophagus,intraradices,P1-bc1017-FL208-s138,STFP,CCAMF,ASV2018,Fungi,Mucoromycota,Glomeromycetes,Glomerales,Glomeraceae,Glomus,VTX00100,0.9,Fungi,Glomeromycota,Glomeromycetes,Glomerales,Glomeraceae,Rhizoglomus,intraradices,0.8,Probable,arbuscular_mycorrhizal,root-associated,Glomeromycota,Sclerocystaceae_Kamienskiaceae,Rhizophagus,yes,yes,yes,primer
Rhizophagus_intraradices_P1-bc1017-FL208-s69_STFP_ASV2040,Rhizophagus_intraradices_P1-bc1017-FL208-s69_STFP_ASV2040_CCAMF,Rhizophagus,intraradices,P1-bc1017-FL208-s69,STFP,CCAMF,ASV2040,Fungi,Mucoromycota,Glomeromycetes,Glomerales,Glomeraceae,Glomus,VTX00100,1,Fungi,Glomeromycota,Glomeromycetes,Glomerales,Glomeraceae,NA,NA,0.9,Highly|_Probable,NA,NA,Glomeromycota,Sclerocystaceae_Kamienskiaceae,Rhizophagus,yes,yes,yes,primer
Rhizophagus_intraradices_P1-bc1017-FL208-s86_STFP_ASV2111,Rhizophagus_intraradices_P1-bc1017-FL208-s86_STFP_ASV2111_CCAMF,Rhizophagus,intraradices,P1-bc1017-FL208-s86,STFP,CCAMF,ASV2111,Fungi,Mucoromycota,Glomeromycetes,Glomerales,Glomeraceae,Glomus,VTX00100,0.9,Fungi,Glomeromycota,Glomeromycetes,Glomerales,Glomeraceae,Rhizoglomus,intraradices,0.8,Probable,arbuscular_mycorrhizal,root-associated,Glomeromycota,Sclerocystaceae_Kamienskiaceae,Rhizophagus,yes,yes,yes,primer
Rhizophagus_sp._P1-bc1018-212607-s18_STFP_ASV2104,Rhizophagus_sp._P1-bc1018-212607-s18_STFP_ASV2104_CCAMF,Rhizophagus,sp.,P1-bc1018-212607-s18,STFP,CCAMF,ASV2104,Fungi,Mucoromycota,Glomeromycetes,Glomerales,Glomeraceae,Glomus,VTX00114,0.6,Fungi,Glomeromycota,Glomeromycetes,Glomerales,Glomeraceae,Rhizophagus,NA,0.6,Highly|_Probable,arbuscular_mycorrhizal,root-associated,Glomeromycota,Sclerocystaceae_Kamienskiaceae,Rhizophagus,yes,yes,yes,primer
Rhizophagus_sp._P1-bc1018-212607-s20_STFP_ASV2490,Rhizophagus_sp._P1-bc1018-212607-s20_STFP_ASV2490_CCAMF,Rhizophagus,sp.,P1-bc1018-212607-s20,STFP,CCAMF,ASV2490,Fungi,Mucoromycota,Glomeromycetes,Glomerales,Glomeraceae,Glomus,VTX00248,1,Fungi,Glomeromycota,Glomeromycetes,Glomerales,Glomeraceae,NA,NA,0.9,Highly|_Probable,NA,NA,Glomeromycota,Sclerocystaceae_Kamienskiaceae,Rhizophagus,yes,yes,yes,primer
Rhizophagus_sp._P1-bc1018-212607-s208_STFP_ASV2095,Rhizophagus_sp._P1-bc1018-212607-s208_STFP_ASV2095_CCAMF,Rhizophagus,sp.,P1-bc1018-212607-s208,STFP,CCAMF,ASV2095,Fungi,Mucoromycota,Glomeromycetes,Glomerales,Glomeraceae,Glomus,VTX00248,1,Fungi,Glomeromycota,Glomeromycetes,Glomerales,Glomeraceae,NA,NA,0.9,Highly|_Probable,NA,NA,Glomeromycota,Sclerocystaceae_Kamienskiaceae,Rhizophagus,yes,yes,yes,primer
Rhizophagus_sp._P1-bc1018-212607-s28_STFP_ASV2491,Rhizophagus_sp._P1-bc1018-212607-s28_STFP_ASV2491_CCAMF,Rhizophagus,sp.,P1-bc1018-212607-s28,STFP,CCAMF,ASV2491,Fungi,Mucoromycota,Glomeromycetes,Glomerales,Glomeraceae,Glomus,VTX00248,1,Fungi,Glomeromycota,Glomeromycetes,Glomerales,Glomeraceae,NA,NA,0.6,Highly|_Probable,NA,NA,Glomeromycota,Sclerocystaceae_Kamienskiaceae,Rhizophagus,yes,yes,yes,primer
Rhizophagus_sp._P1-bc1018-212607-s30_STFP_ASV2492,Rhizophagus_sp._P1-bc1018-212607-s30_STFP_ASV2492_CCAMF,Rhizophagus,sp.,P1-bc1018-212607-s30,STFP,CCAMF,ASV2492,Fungi,Mucoromycota,Glomeromycetes,Glomerales,Glomeraceae,Glomus,VTX00248,1,Fungi,Glomeromycota,Glomeromycetes,Glomerales,Glomeraceae,NA,NA,0.9,Highly|_Probable,NA,NA,Glomeromycota,Sclerocystaceae_Kamienskiaceae,Rhizophagus,yes,yes,yes,primer
Rhizophagus_sp._P1-bc1018-212607-s438_STFP_ASV2042,Rhizophagus_sp._P1-bc1018-212607-s438_STFP_ASV2042_CCAMF,Rhizophagus,sp.,P1-bc1018-212607-s438,STFP,CCAMF,ASV2042,Fungi,Mucoromycota,Glomeromycetes,Glomerales,Glomeraceae,Glomus,VTX00248,1,Fungi,Glomeromycota,Glomeromycetes,Glomerales,Glomeraceae,NA,NA,0.9,Highly|_Probable,NA,NA,Glomeromycota,Sclerocystaceae_Kamienskiaceae,Rhizophagus,yes,yes,yes,primer
Rhizophagus_sp._P1-bc1018-212607-s817_STFP_ASV2110,Rhizophagus_sp._P1-bc1018-212607-s817_STFP_ASV2110_CCAMF,Rhizophagus,sp.,P1-bc1018-212607-s817,STFP,CCAMF,ASV2110,Fungi,Mucoromycota,Glomeromycetes,Glomerales,Glomeraceae,Glomus,VTX00248,1,Fungi,Glomeromycota,Glomeromycetes,Glomerales,Glomeraceae,NA,NA,0.9,Highly|_Probable,NA,NA,Glomeromycota,Sclerocystaceae_Kamienskiaceae,Rhizophagus,yes,yes,yes,primer
Rhizophagus_irregularis_P1-bc1019-SD-s118_STFP_ASV2438,Rhizophagus_irregularis_P1-bc1019-SD-s118_STFP_ASV2438_CCAMF,Rhizophagus,irregularis,P1-bc1019-SD-s118,STFP,CCAMF,ASV2438,Fungi,Mucoromycota,Glomeromycetes,Glomerales,Glomeraceae,Glomus,VTX00114,0.6,Fungi,Glomeromycota,Glomeromycetes,Glomerales,Glomeraceae,Rhizophagus,irregularis,0.7,Highly|_Probable,arbuscular_mycorrhizal,root-associated,Glomeromycota,Sclerocystaceae_Kamienskiaceae,Rhizophagus,yes,yes,yes,primer
Rhizophagus_irregularis_P1-bc1019-SD-s120_STFP_ASV2439,Rhizophagus_irregularis_P1-bc1019-SD-s120_STFP_ASV2439_CCAMF,Rhizophagus,irregularis,P1-bc1019-SD-s120,STFP,CCAMF,ASV2439,Fungi,Mucoromycota,Glomeromycetes,Glomerales,Glomeraceae,Glomus,VTX00114,0.6,Fungi,Glomeromycota,Glomeromycetes,Glomerales,Glomeraceae,Rhizophagus,irregularis,0.7,Highly|_Probable,arbuscular_mycorrhizal,root-associated,Glomeromycota,Sclerocystaceae_Kamienskiaceae,Rhizophagus,yes,yes,yes,primer
Rhizophagus_irregularis_P1-bc1019-SD-s136_STFP_ASV2104,Rhizophagus_irregularis_P1-bc1019-SD-s136_STFP_ASV2104_CCAMF,Rhizophagus,irregularis,P1-bc1019-SD-s136,STFP,CCAMF,ASV2104,Fungi,Mucoromycota,Glomeromycetes,Glomerales,Glomeraceae,Glomus,VTX00114,0.6,Fungi,Glomeromycota,Glomeromycetes,Glomerales,Glomeraceae,Rhizophagus,NA,0.6,Highly|_Probable,arbuscular_mycorrhizal,root-associated,Glomeromycota,Sclerocystaceae_Kamienskiaceae,Rhizophagus,yes,yes,yes,primer
Rhizophagus_irregularis_P1-bc1019-SD-s141_STFP_ASV2437,Rhizophagus_irregularis_P1-bc1019-SD-s141_STFP_ASV2437_CCAMF,Rhizophagus,irregularis,P1-bc1019-SD-s141,STFP,CCAMF,ASV2437,Fungi,Mucoromycota,Glomeromycetes,Glomerales,Glomeraceae,Glomus,VTX00114,0.6,Fungi,Glomeromycota,Glomeromycetes,Glomerales,Glomeraceae,Rhizophagus,irregularis,0.7,Highly|_Probable,arbuscular_mycorrhizal,root-associated,Glomeromycota,Sclerocystaceae_Kamienskiaceae,Rhizophagus,yes,yes,yes,primer
Oehlia_diaphana_P1-bc1020-JS-s32_STFP_ASV2504,Oehlia_diaphana_P1-bc1020-JS-s32_STFP_ASV2504_CCAMF,Oehlia,diaphana,P1-bc1020-JS-s32,STFP,CCAMF,ASV2504,Fungi,Mucoromycota,Glomeromycetes,Glomerales,Glomeraceae,Glomus,VTX00309,1,Fungi,Glomeromycota,Glomeromycetes,Glomerales,Glomeraceae,NA,NA,0.8,Highly|_Probable,NA,NA,Glomeromycota,Sclerocystaceae_Kamienskiaceae,Oehlia,yes,yes,yes,primer
Oehlia_diaphana_P1-bc1020-JS-s33_STFP_ASV2509,Oehlia_diaphana_P1-bc1020-JS-s33_STFP_ASV2509_CCAMF,Oehlia,diaphana,P1-bc1020-JS-s33,STFP,CCAMF,ASV2509,Fungi,Mucoromycota,Glomeromycetes,Glomerales,Glomeraceae,Glomus,VTX00309,1,Fungi,Glomeromycota,Glomeromycetes,Glomerales,Glomeraceae,NA,NA,0.9,Highly|_Probable,NA,NA,Glomeromycota,Sclerocystaceae_Kamienskiaceae,Oehlia,yes,yes,yes,primer
Oehlia_diaphana_P1-bc1020-JS-s36_STFP_ASV2013,Oehlia_diaphana_P1-bc1020-JS-s36_STFP_ASV2013_CCAMF,Oehlia,diaphana,P1-bc1020-JS-s36,STFP,CCAMF,ASV2013,Fungi,Mucoromycota,Glomeromycetes,Glomerales,Glomeraceae,Glomus,VTX00309,1,Fungi,Glomeromycota,Glomeromycetes,Glomerales,Glomeraceae,NA,NA,0.857,Highly|_Probable,NA,NA,Glomeromycota,Sclerocystaceae_Kamienskiaceae,NA,yes,yes,yes,primer
Oehlia_diaphana_P1-bc1020-JS-s42_STFP_ASV2508,Oehlia_diaphana_P1-bc1020-JS-s42_STFP_ASV2508_CCAMF,Oehlia,diaphana,P1-bc1020-JS-s42,STFP,CCAMF,ASV2508,Fungi,Mucoromycota,Glomeromycetes,Glomerales,Glomeraceae,Glomus,VTX00309,1,Fungi,Glomeromycota,Glomeromycetes,Glomerales,Glomeraceae,NA,NA,0.857,Highly|_Probable,NA,NA,Glomeromycota,Sclerocystaceae_Kamienskiaceae,Oehlia,yes,yes,yes,primer
Oehlia_diaphana_P1-bc1020-JS-s55_STFP_ASV2502,Oehlia_diaphana_P1-bc1020-JS-s55_STFP_ASV2502_CCAMF,Oehlia,diaphana,P1-bc1020-JS-s55,STFP,CCAMF,ASV2502,Fungi,Mucoromycota,Glomeromycetes,Glomerales,Glomeraceae,Glomus,VTX00309,1,Fungi,Glomeromycota,Glomeromycetes,Glomerales,Glomeraceae,NA,NA,0.75,Highly|_Probable,NA,NA,Glomeromycota,Sclerocystaceae_Kamienskiaceae,Oehlia,yes,yes,yes,primer
Oehlia_diaphana_P1-bc1020-JS-s58_STFP_ASV2493,Oehlia_diaphana_P1-bc1020-JS-s58_STFP_ASV2493_CCAMF,Oehlia,diaphana,P1-bc1020-JS-s58,STFP,CCAMF,ASV2493,Fungi,Mucoromycota,Glomeromycetes,Glomerales,Glomeraceae,Glomus,VTX00309,1,Fungi,Glomeromycota,Glomeromycetes,Glomerales,Glomeraceae,NA,NA,0.875,Highly|_Probable,NA,NA,Glomeromycota,Sclerocystaceae_Kamienskiaceae,Oehlia,yes,yes,yes,primer
Rhizophagus_irregularis_P1-bc1021-T3-s133_STFP_ASV2425,Rhizophagus_irregularis_P1-bc1021-T3-s133_STFP_ASV2425_CCAMF,Rhizophagus,irregularis,P1-bc1021-T3-s133,STFP,CCAMF,ASV2425,Fungi,Mucoromycota,Glomeromycetes,Glomerales,Glomeraceae,Glomus,VTX00113,1,Fungi,Glomeromycota,Glomeromycetes,Glomerales,Glomeraceae,Rhizophagus,irregularis,0.6,Highly|_Probable,arbuscular_mycorrhizal,root-associated,Glomeromycota,Sclerocystaceae_Kamienskiaceae,Rhizophagus,yes,yes,yes,primer
Rhizophagus_irregularis_P1-bc1021-T3-s222_STFP_ASV2434,Rhizophagus_irregularis_P1-bc1021-T3-s222_STFP_ASV2434_CCAMF,Rhizophagus,irregularis,P1-bc1021-T3-s222,STFP,CCAMF,ASV2434,Fungi,Mucoromycota,Glomeromycetes,Glomerales,Glomeraceae,Glomus,VTX00113,1,Fungi,Glomeromycota,Glomeromycetes,Glomerales,Glomeraceae,Rhizophagus,NA,0.6,Highly|_Probable,arbuscular_mycorrhizal,root-associated,Glomeromycota,Sclerocystaceae_Kamienskiaceae,Rhizophagus,yes,yes,yes,primer
Rhizophagus_irregularis_P1-bc1021-T3-s71_STFP_ASV2436,Rhizophagus_irregularis_P1-bc1021-T3-s71_STFP_ASV2436_CCAMF,Rhizophagus,irregularis,P1-bc1021-T3-s71,STFP,CCAMF,ASV2436,Fungi,Mucoromycota,Glomeromycetes,Glomerales,Glomeraceae,Glomus,VTX00113,1,Fungi,Glomeromycota,Glomeromycetes,Glomerales,Glomeraceae,NA,NA,0.8,Highly|_Probable,NA,NA,Glomeromycota,Sclerocystaceae_Kamienskiaceae,Rhizophagus,yes,yes,yes,primer
Rhizophagus_irregularis_P1-bc1021-T3-s78_STFP_ASV2428,Rhizophagus_irregularis_P1-bc1021-T3-s78_STFP_ASV2428_CCAMF,Rhizophagus,irregularis,P1-bc1021-T3-s78,STFP,CCAMF,ASV2428,Fungi,Mucoromycota,Glomeromycetes,Glomerales,Glomeraceae,Glomus,VTX00113,1,Fungi,Glomeromycota,Glomeromycetes,Glomerales,Glomeraceae,NA,NA,0.8,Highly|_Probable,NA,NA,Glomeromycota,Sclerocystaceae_Kamienskiaceae,Rhizophagus,yes,yes,yes,primer
Rhizophagus_irregularis_P1-bc1023-4341-s108_STFP_ASV2107,Rhizophagus_irregularis_P1-bc1023-4341-s108_STFP_ASV2107_CCAMF,Rhizophagus,irregularis,P1-bc1023-4341-s108,STFP,CCAMF,ASV2107,Fungi,Mucoromycota,Glomeromycetes,Glomerales,Glomeraceae,Glomus,VTX00114,0.8,Fungi,Glomeromycota,Glomeromycetes,Glomerales,Glomeraceae,NA,NA,0.7,Highly|_Probable,NA,NA,Glomeromycota,Sclerocystaceae_Kamienskiaceae,Rhizophagus,yes,yes,yes,primer
Rhizophagus_irregularis_P1-bc1023-4341-s116_STFP_ASV2000,Rhizophagus_irregularis_P1-bc1023-4341-s116_STFP_ASV2000_CCAMF,Rhizophagus,irregularis,P1-bc1023-4341-s116,STFP,CCAMF,ASV2000,Fungi,Mucoromycota,Glomeromycetes,Glomerales,Glomeraceae,Glomus,VTX00114,0.8,Fungi,Glomeromycota,Glomeromycetes,Glomerales,Glomeraceae,Rhizophagus,irregularis,0.7,Highly|_Probable,arbuscular_mycorrhizal,root-associated,Glomeromycota,Sclerocystaceae_Kamienskiaceae,Rhizophagus,yes,yes,yes,primer
Rhizophagus_irregularis_P1-bc1023-4341-s394_STFP_ASV2076,Rhizophagus_irregularis_P1-bc1023-4341-s394_STFP_ASV2076_CCAMF,Rhizophagus,irregularis,P1-bc1023-4341-s394,STFP,CCAMF,ASV2076,Fungi,Mucoromycota,Glomeromycetes,Glomerales,Glomeraceae,Glomus,VTX00114,0.8,Fungi,Glomeromycota,Glomeromycetes,Glomerales,Glomeraceae,NA,NA,0.7,Highly|_Probable,NA,NA,Glomeromycota,Sclerocystaceae_Kamienskiaceae,Rhizophagus,yes,yes,yes,primer
Rhizophagus_irregularis_P1-bc1023-4341-s51_STFP_ASV2047,Rhizophagus_irregularis_P1-bc1023-4341-s51_STFP_ASV2047_CCAMF,Rhizophagus,irregularis,P1-bc1023-4341-s51,STFP,CCAMF,ASV2047,Fungi,Mucoromycota,Glomeromycetes,Glomerales,Glomeraceae,Glomus,VTX00114,0.8,Fungi,Glomeromycota,Glomeromycetes,Glomerales,Glomeraceae,NA,NA,0.7,Highly|_Probable,NA,NA,Glomeromycota,Sclerocystaceae_Kamienskiaceae,Rhizophagus,yes,yes,yes,primer
Rhizophagus_irregularis_P1-bc1024-4348-s101_STFP_ASV2000,Rhizophagus_irregularis_P1-bc1024-4348-s101_STFP_ASV2000_CCAMF,Rhizophagus,irregularis,P1-bc1024-4348-s101,STFP,CCAMF,ASV2000,Fungi,Mucoromycota,Glomeromycetes,Glomerales,Glomeraceae,Glomus,VTX00114,0.8,Fungi,Glomeromycota,Glomeromycetes,Glomerales,Glomeraceae,Rhizophagus,irregularis,0.7,Highly|_Probable,arbuscular_mycorrhizal,root-associated,Glomeromycota,Sclerocystaceae_Kamienskiaceae,Rhizophagus,yes,yes,yes,primer
Rhizophagus_irregularis_P1-bc1024-4348-s182_STFP_ASV2107,Rhizophagus_irregularis_P1-bc1024-4348-s182_STFP_ASV2107_CCAMF,Rhizophagus,irregularis,P1-bc1024-4348-s182,STFP,CCAMF,ASV2107,Fungi,Mucoromycota,Glomeromycetes,Glomerales,Glomeraceae,Glomus,VTX00114,0.8,Fungi,Glomeromycota,Glomeromycetes,Glomerales,Glomeraceae,NA,NA,0.7,Highly|_Probable,NA,NA,Glomeromycota,Sclerocystaceae_Kamienskiaceae,Rhizophagus,yes,yes,yes,primer
Rhizophagus_irregularis_P1-bc1024-4348-s548_STFP_ASV2076,Rhizophagus_irregularis_P1-bc1024-4348-s548_STFP_ASV2076_CCAMF,Rhizophagus,irregularis,P1-bc1024-4348-s548,STFP,CCAMF,ASV2076,Fungi,Mucoromycota,Glomeromycetes,Glomerales,Glomeraceae,Glomus,VTX00114,0.8,Fungi,Glomeromycota,Glomeromycetes,Glomerales,Glomeraceae,NA,NA,0.7,Highly|_Probable,NA,NA,Glomeromycota,Sclerocystaceae_Kamienskiaceae,Rhizophagus,yes,yes,yes,primer
Rhizophagus_irregularis_P1-bc1024-4348-s82_STFP_ASV2047,Rhizophagus_irregularis_P1-bc1024-4348-s82_STFP_ASV2047_CCAMF,Rhizophagus,irregularis,P1-bc1024-4348-s82,STFP,CCAMF,ASV2047,Fungi,Mucoromycota,Glomeromycetes,Glomerales,Glomeraceae,Glomus,VTX00114,0.8,Fungi,Glomeromycota,Glomeromycetes,Glomerales,Glomeraceae,NA,NA,0.7,Highly|_Probable,NA,NA,Glomeromycota,Sclerocystaceae_Kamienskiaceae,Rhizophagus,yes,yes,yes,primer
Rhizophagus_irregularis_P1-bc1026-1454-s107_STFP_ASV2063,Rhizophagus_irregularis_P1-bc1026-1454-s107_STFP_ASV2063_CCAMF,Rhizophagus,irregularis,P1-bc1026-1454-s107,STFP,CCAMF,ASV2063,Fungi,Mucoromycota,Glomeromycetes,Glomerales,Glomeraceae,Glomus,VTX00114,0.8,Fungi,Glomeromycota,Glomeromycetes,Glomerales,Glomeraceae,NA,NA,0.7,Highly|_Probable,NA,NA,Glomeromycota,Sclerocystaceae_Kamienskiaceae,Rhizophagus,yes,yes,yes,primer
Rhizophagus_irregularis_P1-bc1026-1454-s115_STFP_ASV2433,Rhizophagus_irregularis_P1-bc1026-1454-s115_STFP_ASV2433_CCAMF,Rhizophagus,irregularis,P1-bc1026-1454-s115,STFP,CCAMF,ASV2433,Fungi,Mucoromycota,Glomeromycetes,Glomerales,Glomeraceae,Glomus,VTX00114,0.8,Fungi,Glomeromycota,Glomeromycetes,Glomerales,Glomeraceae,NA,NA,0.8,Highly|_Probable,NA,NA,Glomeromycota,Sclerocystaceae_Kamienskiaceae,Rhizophagus,yes,yes,yes,primer
Rhizophagus_irregularis_P1-bc1026-1454-s178_STFP_ASV2015,Rhizophagus_irregularis_P1-bc1026-1454-s178_STFP_ASV2015_CCAMF,Rhizophagus,irregularis,P1-bc1026-1454-s178,STFP,CCAMF,ASV2015,Fungi,Mucoromycota,Glomeromycetes,Glomerales,Glomeraceae,Glomus,VTX00114,0.8,Fungi,Glomeromycota,Glomeromycetes,Glomerales,Glomeraceae,NA,NA,0.7,Highly|_Probable,NA,NA,Glomeromycota,Sclerocystaceae_Kamienskiaceae,Rhizophagus,yes,yes,yes,primer
Rhizophagus_irregularis_P1-bc1026-1454-s271_STFP_ASV2030,Rhizophagus_irregularis_P1-bc1026-1454-s271_STFP_ASV2030_CCAMF,Rhizophagus,irregularis,P1-bc1026-1454-s271,STFP,CCAMF,ASV2030,Fungi,Mucoromycota,Glomeromycetes,Glomerales,Glomeraceae,Glomus,VTX00114,0.8,Fungi,Glomeromycota,Glomeromycetes,Glomerales,Glomeraceae,NA,NA,0.7,Highly|_Probable,NA,NA,Glomeromycota,Sclerocystaceae_Kamienskiaceae,Rhizophagus,yes,yes,yes,primer
Rhizophagus_irregularis_P1-bc1026-1454-s285_STFP_ASV2000,Rhizophagus_irregularis_P1-bc1026-1454-s285_STFP_ASV2000_CCAMF,Rhizophagus,irregularis,P1-bc1026-1454-s285,STFP,CCAMF,ASV2000,Fungi,Mucoromycota,Glomeromycetes,Glomerales,Glomeraceae,Glomus,VTX00114,0.8,Fungi,Glomeromycota,Glomeromycetes,Glomerales,Glomeraceae,Rhizophagus,irregularis,0.7,Highly|_Probable,arbuscular_mycorrhizal,root-associated,Glomeromycota,Sclerocystaceae_Kamienskiaceae,Rhizophagus,yes,yes,yes,primer
Diversispora_eburnea_P1-bc1027-1384-s155_STFP_ASV2522,Diversispora_eburnea_P1-bc1027-1384-s155_STFP_ASV2522_CCAMF,Diversispora,eburnea,P1-bc1027-1384-s155,STFP,CCAMF,ASV2522,Fungi,Mucoromycota,Glomeromycetes,Diversisporales,Diversisporaceae,Diversispora,VTX00060,0.9,Fungi,Glomeromycota,Glomeromycetes,Diversisporales,Diversisporaceae,Diversispora,NA,0.8,Highly|_Probable,arbuscular_mycorrhizal,root-associated,Glomeromycota,Diversisporaceae,Diversispora,yes,yes,yes,primer
Diversispora_eburnea_P1-bc1027-1384-s167_STFP_ASV2519,Diversispora_eburnea_P1-bc1027-1384-s167_STFP_ASV2519_CCAMF,Diversispora,eburnea,P1-bc1027-1384-s167,STFP,CCAMF,ASV2519,Fungi,Mucoromycota,Glomeromycetes,Diversisporales,Diversisporaceae,Diversispora,VTX00060,0.9,Fungi,Glomeromycota,Glomeromycetes,Diversisporales,Diversisporaceae,Diversispora,NA,0.9,Highly|_Probable,arbuscular_mycorrhizal,root-associated,Glomeromycota,Diversisporaceae,Diversispora,yes,yes,yes,primer
Diversispora_eburnea_P1-bc1027-1384-s202_STFP_ASV2532,Diversispora_eburnea_P1-bc1027-1384-s202_STFP_ASV2532_CCAMF,Diversispora,eburnea,P1-bc1027-1384-s202,STFP,CCAMF,ASV2532,Fungi,Mucoromycota,Glomeromycetes,Diversisporales,Diversisporaceae,Diversispora,VTX00060,0.9,Fungi,Glomeromycota,Glomeromycetes,Diversisporales,Diversisporaceae,Diversispora,NA,0.8,Highly|_Probable,arbuscular_mycorrhizal,root-associated,Glomeromycota,Diversisporaceae,Diversispora,yes,yes,yes,primer
Diversispora_eburnea_P1-bc1027-1384-s218_STFP_ASV2531,Diversispora_eburnea_P1-bc1027-1384-s218_STFP_ASV2531_CCAMF,Diversispora,eburnea,P1-bc1027-1384-s218,STFP,CCAMF,ASV2531,Fungi,Mucoromycota,Glomeromycetes,Diversisporales,Diversisporaceae,Diversispora,VTX00060,0.9,Fungi,Glomeromycota,Glomeromycetes,Diversisporales,Diversisporaceae,Diversispora,NA,0.8,Highly|_Probable,arbuscular_mycorrhizal,root-associated,Glomeromycota,Diversisporaceae,Diversispora,yes,yes,yes,primer
Diversispora_eburnea_P1-bc1027-1384-s471_STFP_ASV2518,Diversispora_eburnea_P1-bc1027-1384-s471_STFP_ASV2518_CCAMF,Diversispora,eburnea,P1-bc1027-1384-s471,STFP,CCAMF,ASV2518,Fungi,Mucoromycota,Glomeromycetes,Diversisporales,Diversisporaceae,Diversispora,VTX00060,0.9,Fungi,Glomeromycota,Glomeromycetes,Diversisporales,Diversisporaceae,Diversispora,NA,0.9,Highly|_Probable,arbuscular_mycorrhizal,root-associated,Glomeromycota,Diversisporaceae,Diversispora,yes,yes,yes,primer
Acaulospora_morrowiae_P1-bc1034-993-s105_STFP_ASV2601,Acaulospora_morrowiae_P1-bc1034-993-s105_STFP_ASV2601_CCAMF,Acaulospora,morrowiae,P1-bc1034-993-s105,STFP,CCAMF,ASV2601,Fungi,Mucoromycota,Glomeromycetes,Diversisporales,Acaulosporaceae,Acaulospora,VTX00028,1,Fungi,Glomeromycota,Glomeromycetes,Diversisporales,Acaulosporaceae,NA,NA,0.8,Highly|_Probable,NA,NA,Glomeromycota,Acaulosporaceae,Acaulospora,yes,yes,yes,primer
Acaulospora_morrowiae_P1-bc1034-993-s53_STFP_ASV2603,Acaulospora_morrowiae_P1-bc1034-993-s53_STFP_ASV2603_CCAMF,Acaulospora,morrowiae,P1-bc1034-993-s53,STFP,CCAMF,ASV2603,Fungi,Mucoromycota,Glomeromycetes,Diversisporales,Acaulosporaceae,Acaulospora,VTX00028,1,Fungi,Glomeromycota,Glomeromycetes,Diversisporales,Acaulosporaceae,NA,NA,0.8,Highly|_Probable,NA,NA,Glomeromycota,Acaulosporaceae,Acaulospora,yes,yes,yes,primer
Acaulospora_morrowiae_P1-bc1034-993-s90_STFP_ASV2602,Acaulospora_morrowiae_P1-bc1034-993-s90_STFP_ASV2602_CCAMF,Acaulospora,morrowiae,P1-bc1034-993-s90,STFP,CCAMF,ASV2602,Fungi,Mucoromycota,Glomeromycetes,Diversisporales,Acaulosporaceae,Acaulospora,VTX00028,1,Fungi,Glomeromycota,Glomeromycetes,Diversisporales,Acaulosporaceae,NA,NA,0.8,Highly|_Probable,NA,NA,Glomeromycota,Acaulosporaceae,Acaulospora,yes,yes,yes,primer
Oehlia_diaphana_P1-bc1039-976-2_STFP_ASV2505,Oehlia_diaphana_P1-bc1039-976-2_STFP_ASV2505_CCAMF,Oehlia,diaphana,P1-bc1039-976-2,STFP,CCAMF,ASV2505,Fungi,Mucoromycota,Glomeromycetes,Glomerales,Glomeraceae,Glomus,VTX00309,1,Fungi,Glomeromycota,Glomeromycetes,Glomerales,Glomeraceae,NA,NA,0.75,Highly|_Probable,NA,NA,Glomeromycota,Sclerocystaceae_Kamienskiaceae,Oehlia,yes,yes,yes,primer
Oehlia_diaphana_P1-bc1039-976-s37_STFP_ASV2045,Oehlia_diaphana_P1-bc1039-976-s37_STFP_ASV2045_CCAMF,Oehlia,diaphana,P1-bc1039-976-s37,STFP,CCAMF,ASV2045,Fungi,Mucoromycota,Glomeromycetes,Glomerales,Glomeraceae,Glomus,VTX00309,1,Fungi,Glomeromycota,Glomeromycetes,Glomerales,Glomeraceae,NA,NA,0.857,Highly|_Probable,NA,NA,Glomeromycota,Sclerocystaceae_Kamienskiaceae,Oehlia,yes,yes,yes,primer
Oehlia_diaphana_P1-bc1039-976-s38_STFP_ASV2510,Oehlia_diaphana_P1-bc1039-976-s38_STFP_ASV2510_CCAMF,Oehlia,diaphana,P1-bc1039-976-s38,STFP,CCAMF,ASV2510,Fungi,Mucoromycota,Glomeromycetes,Glomerales,Glomeraceae,Glomus,VTX00309,1,Fungi,Glomeromycota,Glomeromycetes,Glomerales,Glomeraceae,NA,NA,0.8,Highly|_Probable,NA,NA,Glomeromycota,Sclerocystaceae_Kamienskiaceae,Oehlia,yes,yes,yes,primer
Oehlia_diaphana_P1-bc1039-976-s40_STFP_ASV2494,Oehlia_diaphana_P1-bc1039-976-s40_STFP_ASV2494_CCAMF,Oehlia,diaphana,P1-bc1039-976-s40,STFP,CCAMF,ASV2494,Fungi,Mucoromycota,Glomeromycetes,Glomerales,Glomeraceae,Glomus,VTX00309,1,Fungi,Glomeromycota,Glomeromycetes,Glomerales,Glomeraceae,NA,NA,0.875,Highly|_Probable,NA,NA,Glomeromycota,Sclerocystaceae_Kamienskiaceae,Oehlia,yes,yes,yes,primer
Oehlia_diaphana_P1-bc1039-976-s46_STFP_ASV2495,Oehlia_diaphana_P1-bc1039-976-s46_STFP_ASV2495_CCAMF,Oehlia,diaphana,P1-bc1039-976-s46,STFP,CCAMF,ASV2495,Fungi,Mucoromycota,Glomeromycetes,Glomerales,Glomeraceae,Glomus,VTX00309,1,Fungi,Glomeromycota,Glomeromycetes,Glomerales,Glomeraceae,NA,NA,0.857,Highly|_Probable,NA,NA,Glomeromycota,Sclerocystaceae_Kamienskiaceae,NA,yes,yes,yes,primer
Oehlia_diaphana_P1-bc1039-976-s47_STFP_ASV2506,Oehlia_diaphana_P1-bc1039-976-s47_STFP_ASV2506_CCAMF,Oehlia,diaphana,P1-bc1039-976-s47,STFP,CCAMF,ASV2506,Fungi,Mucoromycota,Glomeromycetes,Glomerales,Glomeraceae,Glomus,VTX00309,1,Fungi,Glomeromycota,Glomeromycetes,Glomerales,Glomeraceae,NA,NA,0.778,Highly|_Probable,NA,NA,Glomeromycota,Sclerocystaceae_Kamienskiaceae,Oehlia,yes,yes,yes,primer
Oehlia_diaphana_P1-bc1039-976-s75_STFP_ASV2514,Oehlia_diaphana_P1-bc1039-976-s75_STFP_ASV2514_CCAMF,Oehlia,diaphana,P1-bc1039-976-s75,STFP,CCAMF,ASV2514,Fungi,Mucoromycota,Glomeromycetes,Glomerales,Glomeraceae,Glomus,VTX00309,1,Fungi,Glomeromycota,Glomeromycetes,Glomerales,Glomeraceae,NA,NA,0.9,Highly|_Probable,NA,NA,Glomeromycota,Sclerocystaceae_Kamienskiaceae,Oehlia,yes,yes,yes,primer
Funneliformis_coronatus_P1-bc1040-974-s104_STFP_ASV2181,Funneliformis_coronatum_P1-bc1040-974-s104_STFP_ASV2181_CCAMF,Funneliformis,coronatum,P1-bc1040-974-s104,STFP,CCAMF,ASV2181,Fungi,Mucoromycota,Glomeromycetes,Glomerales,Glomeraceae,Glomus,VTX00265,0.9,Fungi,Glomeromycota,Glomeromycetes,Glomerales,Glomeraceae,Funneliformis,NA,0.9,Highly|_Probable,arbuscular_mycorrhizal,root-associated,Glomeromycota,Septoglomeraceae,Funneliformis,yes,yes,yes,primer
Funneliformis_coronatus_P1-bc1040-974-s113_STFP_ASV2179,Funneliformis_coronatum_P1-bc1040-974-s113_STFP_ASV2179_CCAMF,Funneliformis,coronatum,P1-bc1040-974-s113,STFP,CCAMF,ASV2179,Fungi,Mucoromycota,Glomeromycetes,Glomerales,Glomeraceae,Glomus,VTX00265,0.9,Fungi,Glomeromycota,Glomeromycetes,Glomerales,Glomeraceae,Funneliformis,NA,1,Highly|_Probable,arbuscular_mycorrhizal,root-associated,Glomeromycota,Septoglomeraceae,Funneliformis,yes,yes,yes,primer
Funneliformis_coronatus_P1-bc1040-974-s133_STFP_ASV2180,Funneliformis_coronatum_P1-bc1040-974-s133_STFP_ASV2180_CCAMF,Funneliformis,coronatum,P1-bc1040-974-s133,STFP,CCAMF,ASV2180,Fungi,Mucoromycota,Glomeromycetes,Glomerales,Glomeraceae,Glomus,VTX00265,0.9,Fungi,Glomeromycota,Glomeromycetes,Glomerales,Glomeraceae,Funneliformis,NA,1,Highly|_Probable,arbuscular_mycorrhizal,root-associated,Glomeromycota,Septoglomeraceae,Funneliformis,yes,yes,yes,primer
Funneliformis_coronatus_P1-bc1040-974-s201_STFP_ASV2178,Funneliformis_coronatum_P1-bc1040-974-s201_STFP_ASV2178_CCAMF,Funneliformis,coronatum,P1-bc1040-974-s201,STFP,CCAMF,ASV2178,Fungi,Mucoromycota,Glomeromycetes,Glomerales,Glomeraceae,Glomus,VTX00265,0.9,Fungi,Glomeromycota,Glomeromycetes,Glomerales,Glomeraceae,Funneliformis,NA,1,Highly|_Probable,arbuscular_mycorrhizal,root-associated,Glomeromycota,Septoglomeraceae,Funneliformis,yes,yes,yes,primer
Funneliformis_coronatus_P1-bc1040-974-s84_STFP_ASV2182,Funneliformis_coronatum_P1-bc1040-974-s84_STFP_ASV2182_CCAMF,Funneliformis,coronatum,P1-bc1040-974-s84,STFP,CCAMF,ASV2182,Fungi,Mucoromycota,Glomeromycetes,Glomerales,Glomeraceae,Glomus,VTX00265,0.9,Fungi,Glomeromycota,Glomeromycetes,Glomerales,Glomeraceae,Funneliformis,NA,1,Highly|_Probable,arbuscular_mycorrhizal,root-associated,Glomeromycota,Septoglomeraceae,Funneliformis,yes,yes,yes,primer
Diversispora_varaderana_P1-bc1042-903-s103_STFP_ASV2039,Diversispora_varaderana_P1-bc1042-903-s103_STFP_ASV2039_CCAMF,Diversispora,varaderana,P1-bc1042-903-s103,STFP,CCAMF,ASV2039,Fungi,Mucoromycota,Glomeromycetes,Diversisporales,Diversisporaceae,Diversispora,VTX00062,0.9,Fungi,Glomeromycota,Glomeromycetes,Diversisporales,Diversisporaceae,Diversispora,sp,0.6,Highly|_Probable,arbuscular_mycorrhizal,root-associated,Glomeromycota,Diversisporaceae,Diversispora,yes,yes,yes,primer
Diversispora_varaderana_P1-bc1042-903-s108_STFP_ASV2086,Diversispora_varaderana_P1-bc1042-903-s108_STFP_ASV2086_CCAMF,Diversispora,varaderana,P1-bc1042-903-s108,STFP,CCAMF,ASV2086,Fungi,Mucoromycota,Glomeromycetes,Diversisporales,Diversisporaceae,Diversispora,VTX00062,0.9,Fungi,Glomeromycota,Glomeromycetes,Diversisporales,Diversisporaceae,Diversispora,NA,0.8,Highly|_Probable,arbuscular_mycorrhizal,root-associated,Glomeromycota,Diversisporaceae,Diversispora,yes,yes,yes,primer
Diversispora_varaderana_P1-bc1042-903-s245_STFP_ASV2028,Diversispora_varaderana_P1-bc1042-903-s245_STFP_ASV2028_CCAMF,Diversispora,varaderana,P1-bc1042-903-s245,STFP,CCAMF,ASV2028,Fungi,Mucoromycota,Glomeromycetes,Diversisporales,Diversisporaceae,Diversispora,VTX00062,0.9,Fungi,Glomeromycota,Glomeromycetes,Diversisporales,Diversisporaceae,Diversispora,sp,0.7,Highly|_Probable,arbuscular_mycorrhizal,root-associated,Glomeromycota,Diversisporaceae,Diversispora,yes,yes,yes,primer
Diversispora_varaderana_P1-bc1042-903-s76_STFP_ASV2578,Diversispora_varaderana_P1-bc1042-903-s76_STFP_ASV2578_CCAMF,Diversispora,varaderana,P1-bc1042-903-s76,STFP,CCAMF,ASV2578,Fungi,Mucoromycota,Glomeromycetes,Diversisporales,Diversisporaceae,Diversispora,VTX00062,0.9,Fungi,Glomeromycota,Glomeromycetes,Diversisporales,Diversisporaceae,Diversispora,sp,0.6,Highly|_Probable,arbuscular_mycorrhizal,root-associated,Glomeromycota,Diversisporaceae,Diversispora,yes,yes,yes,primer
Acaulospora_morrowiae_P1-bc1043-845-s139_STFP_ASV2606,Acaulospora_morrowiae_P1-bc1043-845-s139_STFP_ASV2606_CCAMF,Acaulospora,morrowiae,P1-bc1043-845-s139,STFP,CCAMF,ASV2606,Fungi,Mucoromycota,Glomeromycetes,Diversisporales,Acaulosporaceae,Acaulospora,VTX00028,1,Fungi,Glomeromycota,Glomeromycetes,Diversisporales,Acaulosporaceae,NA,NA,0.8,Highly|_Probable,NA,NA,Glomeromycota,Acaulosporaceae,Acaulospora,yes,yes,yes,primer
Acaulospora_morrowiae_P1-bc1043-845-s152_STFP_ASV2604,Acaulospora_morrowiae_P1-bc1043-845-s152_STFP_ASV2604_CCAMF,Acaulospora,morrowiae,P1-bc1043-845-s152,STFP,CCAMF,ASV2604,Fungi,Mucoromycota,Glomeromycetes,Diversisporales,Acaulosporaceae,Acaulospora,VTX00028,1,Fungi,Glomeromycota,Glomeromycetes,Diversisporales,Acaulosporaceae,NA,NA,0.8,Highly|_Probable,NA,NA,Glomeromycota,Acaulosporaceae,Acaulospora,yes,yes,yes,primer
Acaulospora_morrowiae_P1-bc1043-845-s60_STFP_ASV2610,Acaulospora_morrowiae_P1-bc1043-845-s60_STFP_ASV2610_CCAMF,Acaulospora,morrowiae,P1-bc1043-845-s60,STFP,CCAMF,ASV2610,Fungi,Mucoromycota,Glomeromycetes,Diversisporales,Acaulosporaceae,Acaulospora,VTX00028,1,Fungi,Glomeromycota,Glomeromycetes,Diversisporales,Acaulosporaceae,NA,NA,0.8,Highly|_Probable,NA,NA,Glomeromycota,Acaulosporaceae,Acaulospora,yes,yes,yes,primer
Acaulospora_morrowiae_P1-bc1043-845-s75_STFP_ASV2608,Acaulospora_morrowiae_P1-bc1043-845-s75_STFP_ASV2608_CCAMF,Acaulospora,morrowiae,P1-bc1043-845-s75,STFP,CCAMF,ASV2608,Fungi,Mucoromycota,Glomeromycetes,Diversisporales,Acaulosporaceae,Acaulospora,VTX00028,1,Fungi,Glomeromycota,Glomeromycetes,Diversisporales,Acaulosporaceae,NA,NA,0.8,Highly|_Probable,NA,NA,Glomeromycota,Acaulosporaceae,Acaulospora,yes,yes,yes,primer
Acaulospora_morrowiae_P1-bc1043-845-s82_STFP_ASV2609,Acaulospora_morrowiae_P1-bc1043-845-s82_STFP_ASV2609_CCAMF,Acaulospora,morrowiae,P1-bc1043-845-s82,STFP,CCAMF,ASV2609,Fungi,Mucoromycota,Glomeromycetes,Diversisporales,Acaulosporaceae,Acaulospora,VTX00028,1,Fungi,Glomeromycota,Glomeromycetes,Diversisporales,Acaulosporaceae,NA,NA,0.8,Highly|_Probable,NA,NA,Glomeromycota,Acaulosporaceae,Acaulospora,yes,yes,yes,primer
Acaulospora_morrowiae_P1-bc1043-845-s85_STFP_ASV2605,Acaulospora_morrowiae_P1-bc1043-845-s85_STFP_ASV2605_CCAMF,Acaulospora,morrowiae,P1-bc1043-845-s85,STFP,CCAMF,ASV2605,Fungi,Mucoromycota,Glomeromycetes,Diversisporales,Acaulosporaceae,Acaulospora,VTX00028,1,Fungi,Glomeromycota,Glomeromycetes,Diversisporales,Acaulosporaceae,NA,NA,0.8,Highly|_Probable,NA,NA,Glomeromycota,Acaulosporaceae,Acaulospora,yes,yes,yes,primer
Acaulospora_morrowiae_P1-bc1043-845-s93_STFP_ASV2607,Acaulospora_morrowiae_P1-bc1043-845-s93_STFP_ASV2607_CCAMF,Acaulospora,morrowiae,P1-bc1043-845-s93,STFP,CCAMF,ASV2607,Fungi,Mucoromycota,Glomeromycetes,Diversisporales,Acaulosporaceae,Acaulospora,VTX00028,1,Fungi,Glomeromycota,Glomeromycetes,Diversisporales,Acaulosporaceae,NA,NA,0.8,Highly|_Probable,NA,NA,Glomeromycota,Acaulosporaceae,Acaulospora,yes,yes,yes,primer
Funneliformis_geosporum_P1-bc1048-738-s123_STFP_ASV2171,Funneliformis_geosporum_P1-bc1048-738-s123_STFP_ASV2171_CCAMF,Funneliformis,geosporum,P1-bc1048-738-s123,STFP,CCAMF,ASV2171,Fungi,Mucoromycota,Glomeromycetes,Glomerales,Glomeraceae,Glomus,VTX00065,1,Fungi,Glomeromycota,Glomeromycetes,Glomerales,Glomeraceae,NA,NA,0.6,Highly|_Probable,NA,NA,Glomeromycota,Septoglomeraceae,Funneliformis,yes,yes,yes,primer
Funneliformis_geosporum_P1-bc1048-738-s177_STFP_ASV2170,Funneliformis_geosporum_P1-bc1048-738-s177_STFP_ASV2170_CCAMF,Funneliformis,geosporum,P1-bc1048-738-s177,STFP,CCAMF,ASV2170,Fungi,Mucoromycota,Glomeromycetes,Glomerales,Glomeraceae,Glomus,VTX00065,1,Fungi,Glomeromycota,Glomeromycetes,Glomerales,Glomeraceae,NA,NA,0.6,Highly|_Probable,NA,NA,Glomeromycota,Septoglomeraceae,Funneliformis,yes,yes,yes,primer
Funneliformis_geosporum_P1-bc1048-738-s61_STFP_ASV2174,Funneliformis_geosporum_P1-bc1048-738-s61_STFP_ASV2174_CCAMF,Funneliformis,geosporum,P1-bc1048-738-s61,STFP,CCAMF,ASV2174,Fungi,Mucoromycota,Glomeromycetes,Glomerales,Glomeraceae,Glomus,VTX00065,1,Fungi,Glomeromycota,Glomeromycetes,Glomerales,Glomeraceae,NA,NA,0.6,Highly|_Probable,NA,NA,Glomeromycota,Septoglomeraceae,Funneliformis,yes,yes,yes,primer
Funneliformis_geosporum_P1-bc1048-738-s70_STFP_ASV2172,Funneliformis_geosporum_P1-bc1048-738-s70_STFP_ASV2172_CCAMF,Funneliformis,geosporum,P1-bc1048-738-s70,STFP,CCAMF,ASV2172,Fungi,Mucoromycota,Glomeromycetes,Glomerales,Glomeraceae,Glomus,VTX00065,1,Fungi,Glomeromycota,Glomeromycetes,Glomerales,Glomeraceae,NA,NA,0.6,Highly|_Probable,NA,NA,Glomeromycota,Septoglomeraceae,Funneliformis,yes,yes,yes,primer
Funneliformis_geosporum_P1-bc1048-738-s75_STFP_ASV2173,Funneliformis_geosporum_P1-bc1048-738-s75_STFP_ASV2173_CCAMF,Funneliformis,geosporum,P1-bc1048-738-s75,STFP,CCAMF,ASV2173,Fungi,Mucoromycota,Glomeromycetes,Glomerales,Glomeraceae,Glomus,VTX00065,1,Fungi,Glomeromycota,Glomeromycetes,Glomerales,Glomeraceae,NA,NA,0.6,Highly|_Probable,NA,NA,Glomeromycota,Septoglomeraceae,Funneliformis,yes,yes,yes,primer
Cetraspora_gilmorei_P1-bc1049-651-s138_STFP_ASV2616,Cetraspora_gilmorei_P1-bc1049-651-s138_STFP_ASV2616_CCAMF,Cetraspora,gilmorei,P1-bc1049-651-s138,STFP,CCAMF,ASV2616,Fungi,Mucoromycota,Glomeromycetes,Diversisporales,Gigasporaceae,Scutellospora,VTX00041,0.8,Fungi,Glomeromycota,Glomeromycetes,Gigasporales,Racocetraceae,Cetraspora,NA,0.9,Highly|_Probable,arbuscular_mycorrhizal,root-associated,Glomeromycota,Gigasporaceae,Cetraspora,yes,yes,yes,primer
Cetraspora_gilmorei_P1-bc1049-651-s149_STFP_ASV2615,Cetraspora_gilmorei_P1-bc1049-651-s149_STFP_ASV2615_CCAMF,Cetraspora,gilmorei,P1-bc1049-651-s149,STFP,CCAMF,ASV2615,Fungi,Mucoromycota,Glomeromycetes,Diversisporales,Gigasporaceae,Scutellospora,VTX00041,0.8,Fungi,Glomeromycota,Glomeromycetes,Gigasporales,Racocetraceae,Cetraspora,NA,0.889,Highly|_Probable,arbuscular_mycorrhizal,root-associated,Glomeromycota,Gigasporaceae,Cetraspora,yes,yes,yes,primer
Cetraspora_gilmorei_P1-bc1049-651-s243_STFP_ASV2612,Cetraspora_gilmorei_P1-bc1049-651-s243_STFP_ASV2612_CCAMF,Cetraspora,gilmorei,P1-bc1049-651-s243,STFP,CCAMF,ASV2612,Fungi,Mucoromycota,Glomeromycetes,Diversisporales,Gigasporaceae,Scutellospora,VTX00041,0.8,Fungi,Glomeromycota,Glomeromycetes,Gigasporales,Racocetraceae,Cetraspora,NA,0.9,Highly|_Probable,arbuscular_mycorrhizal,root-associated,Glomeromycota,Gigasporaceae,Cetraspora,yes,yes,yes,primer
Cetraspora_gilmorei_P1-bc1049-651-s297_STFP_ASV2611,Cetraspora_gilmorei_P1-bc1049-651-s297_STFP_ASV2611_CCAMF,Cetraspora,gilmorei,P1-bc1049-651-s297,STFP,CCAMF,ASV2611,Fungi,Mucoromycota,Glomeromycetes,Diversisporales,Gigasporaceae,Scutellospora,VTX00041,0.8,Fungi,Glomeromycota,Glomeromycetes,Gigasporales,Racocetraceae,Cetraspora,NA,1,Highly|_Probable,arbuscular_mycorrhizal,root-associated,Glomeromycota,Gigasporaceae,Cetraspora,yes,yes,yes,primer
Cetraspora_gilmorei_P1-bc1049-651-s99_STFP_ASV2613,Cetraspora_gilmorei_P1-bc1049-651-s99_STFP_ASV2613_CCAMF,Cetraspora,gilmorei,P1-bc1049-651-s99,STFP,CCAMF,ASV2613,Fungi,Mucoromycota,Glomeromycetes,Diversisporales,Gigasporaceae,Scutellospora,VTX00041,0.8,Fungi,Glomeromycota,Glomeromycetes,Gigasporales,Racocetraceae,Cetraspora,NA,0.9,Highly|_Probable,arbuscular_mycorrhizal,root-associated,Glomeromycota,Gigasporaceae,Cetraspora,yes,yes,yes,primer
Cetraspora_gilmorei_P1-bc1053-605-s101_STFP_ASV2619,Cetraspora_gilmorei_P1-bc1053-605-s101_STFP_ASV2619_CCAMF,Cetraspora,gilmorei,P1-bc1053-605-s101,STFP,CCAMF,ASV2619,Fungi,Mucoromycota,Glomeromycetes,Diversisporales,Gigasporaceae,Scutellospora,VTX00041,0.8,Fungi,Glomeromycota,Glomeromycetes,Gigasporales,Racocetraceae,Cetraspora,NA,0.9,Highly|_Probable,arbuscular_mycorrhizal,root-associated,Glomeromycota,Gigasporaceae,Cetraspora,yes,yes,yes,primer
Cetraspora_gilmorei_P1-bc1053-605-s163_STFP_ASV2618,Cetraspora_gilmorei_P1-bc1053-605-s163_STFP_ASV2618_CCAMF,Cetraspora,gilmorei,P1-bc1053-605-s163,STFP,CCAMF,ASV2618,Fungi,Mucoromycota,Glomeromycetes,Diversisporales,Gigasporaceae,Scutellospora,VTX00041,0.8,Fungi,Glomeromycota,Glomeromycetes,Gigasporales,Racocetraceae,Cetraspora,NA,0.9,Highly|_Probable,arbuscular_mycorrhizal,root-associated,Glomeromycota,Gigasporaceae,Cetraspora,yes,yes,yes,primer
Cetraspora_gilmorei_P1-bc1053-605-s173_STFP_ASV2617,Cetraspora_gilmorei_P1-bc1053-605-s173_STFP_ASV2617_CCAMF,Cetraspora,gilmorei,P1-bc1053-605-s173,STFP,CCAMF,ASV2617,Fungi,Mucoromycota,Glomeromycetes,Diversisporales,Gigasporaceae,Scutellospora,VTX00041,0.8,Fungi,Glomeromycota,Glomeromycetes,Gigasporales,Racocetraceae,Cetraspora,NA,0.9,Highly|_Probable,arbuscular_mycorrhizal,root-associated,Glomeromycota,Gigasporaceae,Cetraspora,yes,yes,yes,primer
Cetraspora_gilmorei_P1-bc1053-605-s193_STFP_ASV2624,Cetraspora_gilmorei_P1-bc1053-605-s193_STFP_ASV2624_CCAMF,Cetraspora,gilmorei,P1-bc1053-605-s193,STFP,CCAMF,ASV2624,Fungi,Mucoromycota,Glomeromycetes,Diversisporales,Gigasporaceae,Scutellospora,VTX00041,0.8,Fungi,Glomeromycota,Glomeromycetes,Gigasporales,Racocetraceae,Cetraspora,NA,0.9,Highly|_Probable,arbuscular_mycorrhizal,root-associated,Glomeromycota,Gigasporaceae,Cetraspora,yes,yes,yes,primer
Cetraspora_gilmorei_P1-bc1053-605-s255_STFP_ASV2620,Cetraspora_gilmorei_P1-bc1053-605-s255_STFP_ASV2620_CCAMF,Cetraspora,gilmorei,P1-bc1053-605-s255,STFP,CCAMF,ASV2620,Fungi,Mucoromycota,Glomeromycetes,Diversisporales,Gigasporaceae,Scutellospora,VTX00041,0.8,Fungi,Glomeromycota,Glomeromycetes,Gigasporales,Racocetraceae,Cetraspora,NA,0.9,Highly|_Probable,arbuscular_mycorrhizal,root-associated,Glomeromycota,Gigasporaceae,Cetraspora,yes,yes,yes,primer
Gigaspora_rosea_P1-bc1055-590-s57_STFP_ASV2009,Gigaspora_rosea_P1-bc1055-590-s57_STFP_ASV2009_CCAMF,Gigaspora,rosea,P1-bc1055-590-s57,STFP,CCAMF,ASV2009,Fungi,Mucoromycota,Glomeromycetes,Diversisporales,Gigasporaceae,Gigaspora,VTX00039,1,Fungi,Glomeromycota,Glomeromycetes,Gigasporales,Gigasporaceae,Gigaspora,NA,1,Highly|_Probable,arbuscular_mycorrhizal,root-associated,Glomeromycota,Gigasporaceae,Gigaspora,yes,yes,yes,primer
Gigaspora_rosea_P1-bc1055-590-s74_STFP_ASV2627,Gigaspora_rosea_P1-bc1055-590-s74_STFP_ASV2627_CCAMF,Gigaspora,rosea,P1-bc1055-590-s74,STFP,CCAMF,ASV2627,Fungi,Mucoromycota,Glomeromycetes,Diversisporales,Gigasporaceae,Gigaspora,VTX00039,1,Fungi,Glomeromycota,Glomeromycetes,Gigasporales,Gigasporaceae,Gigaspora,rosea,0.8,Highly|_Probable,arbuscular_mycorrhizal,root-associated,Glomeromycota,Gigasporaceae,Gigaspora,yes,yes,yes,primer
Diversispora_eburnea_P1-bc1059-529-2_STFP_ASV2524,Diversispora_eburnea_P1-bc1059-529-2_STFP_ASV2524_CCAMF,Diversispora,eburnea,P1-bc1059-529-2,STFP,CCAMF,ASV2524,Fungi,Mucoromycota,Glomeromycetes,Diversisporales,Diversisporaceae,Diversispora,VTX00060,0.9,Fungi,Glomeromycota,Glomeromycetes,Diversisporales,Diversisporaceae,Diversispora,NA,0.8,Highly|_Probable,arbuscular_mycorrhizal,root-associated,Glomeromycota,Diversisporaceae,Diversispora,yes,yes,yes,primer
Diversispora_eburnea_P1-bc1059-529-s114_STFP_ASV2527,Diversispora_eburnea_P1-bc1059-529-s114_STFP_ASV2527_CCAMF,Diversispora,eburnea,P1-bc1059-529-s114,STFP,CCAMF,ASV2527,Fungi,Mucoromycota,Glomeromycetes,Diversisporales,Diversisporaceae,Diversispora,VTX00060,0.7,Fungi,Glomeromycota,Glomeromycetes,Diversisporales,Diversisporaceae,Diversispora,NA,0.9,Highly|_Probable,arbuscular_mycorrhizal,root-associated,Glomeromycota,Diversisporaceae,Diversispora,yes,yes,yes,primer
Diversispora_eburnea_P1-bc1059-529-s123_STFP_ASV2529,Diversispora_eburnea_P1-bc1059-529-s123_STFP_ASV2529_CCAMF,Diversispora,eburnea,P1-bc1059-529-s123,STFP,CCAMF,ASV2529,Fungi,Mucoromycota,Glomeromycetes,Diversisporales,Diversisporaceae,Diversispora,VTX00060,0.7,Fungi,Glomeromycota,Glomeromycetes,Diversisporales,Diversisporaceae,Diversispora,NA,0.9,Highly|_Probable,arbuscular_mycorrhizal,root-associated,Glomeromycota,Diversisporaceae,Diversispora,yes,yes,yes,primer
Diversispora_eburnea_P1-bc1059-529-s134_STFP_ASV2525,Diversispora_eburnea_P1-bc1059-529-s134_STFP_ASV2525_CCAMF,Diversispora,eburnea,P1-bc1059-529-s134,STFP,CCAMF,ASV2525,Fungi,Mucoromycota,Glomeromycetes,Diversisporales,Diversisporaceae,Diversispora,VTX00060,0.9,Fungi,Glomeromycota,Glomeromycetes,Diversisporales,Diversisporaceae,Diversispora,NA,0.9,Highly|_Probable,arbuscular_mycorrhizal,root-associated,Glomeromycota,Diversisporaceae,Diversispora,yes,yes,yes,primer
Diversispora_eburnea_P1-bc1059-529-s161_STFP_ASV2520,Diversispora_eburnea_P1-bc1059-529-s161_STFP_ASV2520_CCAMF,Diversispora,eburnea,P1-bc1059-529-s161,STFP,CCAMF,ASV2520,Fungi,Mucoromycota,Glomeromycetes,Diversisporales,Diversisporaceae,Diversispora,VTX00060,0.9,Fungi,Glomeromycota,Glomeromycetes,Diversisporales,Diversisporaceae,Diversispora,NA,0.9,Highly|_Probable,arbuscular_mycorrhizal,root-associated,Glomeromycota,Diversisporaceae,Diversispora,yes,yes,yes,primer
Diversispora_eburnea_P1-bc1059-529-s173_STFP_ASV2523,Diversispora_eburnea_P1-bc1059-529-s173_STFP_ASV2523_CCAMF,Diversispora,eburnea,P1-bc1059-529-s173,STFP,CCAMF,ASV2523,Fungi,Mucoromycota,Glomeromycetes,Diversisporales,Diversisporaceae,Diversispora,VTX00060,0.7,Fungi,Glomeromycota,Glomeromycetes,Diversisporales,Diversisporaceae,Diversispora,NA,0.8,Highly|_Probable,arbuscular_mycorrhizal,root-associated,Glomeromycota,Diversisporaceae,Diversispora,yes,yes,yes,primer
Diversispora_eburnea_P1-bc1059-529-s23_STFP_ASV2530,Diversispora_eburnea_P1-bc1059-529-s23_STFP_ASV2530_CCAMF,Diversispora,eburnea,P1-bc1059-529-s23,STFP,CCAMF,ASV2530,Fungi,Mucoromycota,Glomeromycetes,Diversisporales,Diversisporaceae,Diversispora,VTX00060,0.9,Fungi,Glomeromycota,Glomeromycetes,Diversisporales,Diversisporaceae,Diversispora,NA,0.9,Highly|_Probable,arbuscular_mycorrhizal,root-associated,Glomeromycota,Diversisporaceae,Diversispora,yes,yes,yes,primer
Diversispora_eburnea_P1-bc1059-529-s29_STFP_ASV2521,Diversispora_eburnea_P1-bc1059-529-s29_STFP_ASV2521_CCAMF,Diversispora,eburnea,P1-bc1059-529-s29,STFP,CCAMF,ASV2521,Fungi,Mucoromycota,Glomeromycetes,Diversisporales,Diversisporaceae,Diversispora,VTX00060,0.7,Fungi,Glomeromycota,Glomeromycetes,Diversisporales,Diversisporaceae,Diversispora,NA,0.9,Highly|_Probable,arbuscular_mycorrhizal,root-associated,Glomeromycota,Diversisporaceae,Diversispora,yes,yes,yes,primer
Diversispora_eburnea_P1-bc1059-529-s36_STFP_ASV2526,Diversispora_eburnea_P1-bc1059-529-s36_STFP_ASV2526_CCAMF,Diversispora,eburnea,P1-bc1059-529-s36,STFP,CCAMF,ASV2526,Fungi,Mucoromycota,Glomeromycetes,Diversisporales,Diversisporaceae,Diversispora,VTX00060,0.7,Fungi,Glomeromycota,Glomeromycetes,Diversisporales,Diversisporaceae,Diversispora,NA,0.9,Highly|_Probable,arbuscular_mycorrhizal,root-associated,Glomeromycota,Diversisporaceae,Diversispora,yes,yes,yes,primer
Diversispora_eburnea_P1-bc1059-529-s37_STFP_ASV2528,Diversispora_eburnea_P1-bc1059-529-s37_STFP_ASV2528_CCAMF,Diversispora,eburnea,P1-bc1059-529-s37,STFP,CCAMF,ASV2528,Fungi,Mucoromycota,Glomeromycetes,Diversisporales,Diversisporaceae,Diversispora,VTX00060,0.9,Fungi,Glomeromycota,Glomeromycetes,Diversisporales,Diversisporaceae,Diversispora,NA,0.9,Highly|_Probable,arbuscular_mycorrhizal,root-associated,Glomeromycota,Diversisporaceae,Diversispora,yes,yes,yes,primer
Funneliformis_geosporum_P1-bc1064-518-s125_STFP_ASV2175,Funneliformis_geosporum_P1-bc1064-518-s125_STFP_ASV2175_CCAMF,Funneliformis,geosporum,P1-bc1064-518-s125,STFP,CCAMF,ASV2175,Fungi,Mucoromycota,Glomeromycetes,Glomerales,Glomeraceae,Glomus,VTX00065,1,Fungi,Glomeromycota,Glomeromycetes,Glomerales,Glomeraceae,NA,NA,0.6,Highly|_Probable,NA,NA,Glomeromycota,Septoglomeraceae,Funneliformis,yes,yes,yes,primer
Funneliformis_geosporum_P1-bc1064-518-s87_STFP_ASV2177,Funneliformis_geosporum_P1-bc1064-518-s87_STFP_ASV2177_CCAMF,Funneliformis,geosporum,P1-bc1064-518-s87,STFP,CCAMF,ASV2177,Fungi,Mucoromycota,Glomeromycetes,Glomerales,Glomeraceae,Glomus,VTX00065,1,Fungi,Glomeromycota,Glomeromycetes,Glomerales,Glomeraceae,NA,NA,0.6,Highly|_Probable,NA,NA,Glomeromycota,Septoglomeraceae,Funneliformis,yes,yes,yes,primer
Funneliformis_geosporum_P1-bc1064-518-s89_STFP_ASV2176,Funneliformis_geosporum_P1-bc1064-518-s89_STFP_ASV2176_CCAMF,Funneliformis,geosporum,P1-bc1064-518-s89,STFP,CCAMF,ASV2176,Fungi,Mucoromycota,Glomeromycetes,Glomerales,Glomeraceae,Glomus,VTX00065,1,Fungi,Glomeromycota,Glomeromycetes,Glomerales,Glomeraceae,NA,NA,0.6,Highly|_Probable,NA,NA,Glomeromycota,Septoglomeraceae,Funneliformis,yes,yes,yes,primer
Gigaspora_rosea_P1-bc1066-506-s103_STFP_ASV2638,Gigaspora_rosea_P1-bc1066-506-s103_STFP_ASV2638_CCAMF,Gigaspora,rosea,P1-bc1066-506-s103,STFP,CCAMF,ASV2638,Fungi,Mucoromycota,Glomeromycetes,Diversisporales,Gigasporaceae,Gigaspora,VTX00039,1,Fungi,Glomeromycota,Glomeromycetes,Gigasporales,Gigasporaceae,Gigaspora,NA,1,Highly|_Probable,arbuscular_mycorrhizal,root-associated,Glomeromycota,Gigasporaceae,Gigaspora,yes,yes,yes,primer
Gigaspora_rosea_P1-bc1066-506-s123_STFP_ASV2640,Gigaspora_rosea_P1-bc1066-506-s123_STFP_ASV2640_CCAMF,Gigaspora,rosea,P1-bc1066-506-s123,STFP,CCAMF,ASV2640,Fungi,Mucoromycota,Glomeromycetes,Diversisporales,Gigasporaceae,Gigaspora,VTX00039,1,Fungi,Glomeromycota,Glomeromycetes,Gigasporales,Gigasporaceae,Gigaspora,NA,1,Highly|_Probable,arbuscular_mycorrhizal,root-associated,Glomeromycota,Gigasporaceae,Gigaspora,yes,yes,yes,primer
Gigaspora_rosea_P1-bc1066-506-s126_STFP_ASV2637,Gigaspora_rosea_P1-bc1066-506-s126_STFP_ASV2637_CCAMF,Gigaspora,rosea,P1-bc1066-506-s126,STFP,CCAMF,ASV2637,Fungi,Mucoromycota,Glomeromycetes,Diversisporales,Gigasporaceae,Gigaspora,VTX00039,1,Fungi,Glomeromycota,Glomeromycetes,Gigasporales,Gigasporaceae,Gigaspora,NA,1,Highly|_Probable,arbuscular_mycorrhizal,root-associated,Glomeromycota,Gigasporaceae,Gigaspora,yes,yes,yes,primer
Gigaspora_rosea_P1-bc1066-506-s155_STFP_ASV2644,Gigaspora_rosea_P1-bc1066-506-s155_STFP_ASV2644_CCAMF,Gigaspora,rosea,P1-bc1066-506-s155,STFP,CCAMF,ASV2644,Fungi,Mucoromycota,Glomeromycetes,Diversisporales,Gigasporaceae,Gigaspora,VTX00039,1,Fungi,Glomeromycota,Glomeromycetes,Gigasporales,Gigasporaceae,Gigaspora,margarita,0.7,Highly|_Probable,arbuscular_mycorrhizal,root-associated,Glomeromycota,Gigasporaceae,Gigaspora,yes,yes,yes,primer
Gigaspora_rosea_P1-bc1066-506-s280_STFP_ASV2639,Gigaspora_rosea_P1-bc1066-506-s280_STFP_ASV2639_CCAMF,Gigaspora,rosea,P1-bc1066-506-s280,STFP,CCAMF,ASV2639,Fungi,Mucoromycota,Glomeromycetes,Diversisporales,Gigasporaceae,Gigaspora,VTX00039,1,Fungi,Glomeromycota,Glomeromycetes,Gigasporales,Gigasporaceae,Gigaspora,NA,0.9,Highly|_Probable,arbuscular_mycorrhizal,root-associated,Glomeromycota,Gigasporaceae,Gigaspora,yes,yes,yes,primer
Gigaspora_rosea_P1-bc1066-506-s66_STFP_ASV2645,Gigaspora_rosea_P1-bc1066-506-s66_STFP_ASV2645_CCAMF,Gigaspora,rosea,P1-bc1066-506-s66,STFP,CCAMF,ASV2645,Fungi,Mucoromycota,Glomeromycetes,Diversisporales,Gigasporaceae,Gigaspora,VTX00039,1,Fungi,Glomeromycota,Glomeromycetes,Gigasporales,Gigasporaceae,Gigaspora,margarita,0.7,Highly|_Probable,arbuscular_mycorrhizal,root-associated,Glomeromycota,Gigasporaceae,Gigaspora,yes,yes,yes,primer
Cetraspora_gilmorei_P1-bc1067-501-s117_STFP_ASV2033,Cetraspora_gilmorei_P1-bc1067-501-s117_STFP_ASV2033_CCAMF,Cetraspora,gilmorei,P1-bc1067-501-s117,STFP,CCAMF,ASV2033,Fungi,Mucoromycota,Glomeromycetes,Diversisporales,Gigasporaceae,Scutellospora,VTX00041,0.8,Fungi,Glomeromycota,Glomeromycetes,Gigasporales,Racocetraceae,Cetraspora,NA,0.9,Highly|_Probable,arbuscular_mycorrhizal,root-associated,Glomeromycota,Gigasporaceae,Cetraspora,yes,yes,yes,primer
Cetraspora_gilmorei_P1-bc1067-501-s91_STFP_ASV2066,Cetraspora_gilmorei_P1-bc1067-501-s91_STFP_ASV2066_CCAMF,Cetraspora,gilmorei,P1-bc1067-501-s91,STFP,CCAMF,ASV2066,Fungi,Mucoromycota,Glomeromycetes,Diversisporales,Gigasporaceae,Scutellospora,VTX00041,0.8,Fungi,Glomeromycota,Glomeromycetes,Gigasporales,Racocetraceae,Cetraspora,NA,1,Highly|_Probable,arbuscular_mycorrhizal,root-associated,Glomeromycota,Gigasporaceae,Cetraspora,yes,yes,yes,primer
Funneliformis_caledonium_P1-bc1068-498-s107_STFP_ASV2166,Funneliformis_caledonium_P1-bc1068-498-s107_STFP_ASV2166_CCAMF,Funneliformis,caledonium,P1-bc1068-498-s107,STFP,CCAMF,ASV2166,Fungi,Mucoromycota,Glomeromycetes,Glomerales,Glomeraceae,Glomus,VTX00065,1,Fungi,Glomeromycota,Glomeromycetes,Glomerales,Glomeraceae,Funneliformis,caledonium,0.6,Highly|_Probable,arbuscular_mycorrhizal,root-associated,Glomeromycota,Septoglomeraceae,Funneliformis,yes,yes,yes,primer
Funneliformis_caledonium_P1-bc1068-498-s138_STFP_ASV2164,Funneliformis_caledonium_P1-bc1068-498-s138_STFP_ASV2164_CCAMF,Funneliformis,caledonium,P1-bc1068-498-s138,STFP,CCAMF,ASV2164,Fungi,Mucoromycota,Glomeromycetes,Glomerales,Glomeraceae,Glomus,VTX00065,1,Fungi,Glomeromycota,Glomeromycetes,Glomerales,Glomeraceae,Funneliformis,caledonium,0.6,Highly|_Probable,arbuscular_mycorrhizal,root-associated,Glomeromycota,Septoglomeraceae,Funneliformis,yes,yes,yes,primer
Funneliformis_caledonium_P1-bc1068-498-s68_STFP_ASV2165,Funneliformis_caledonium_P1-bc1068-498-s68_STFP_ASV2165_CCAMF,Funneliformis,caledonium,P1-bc1068-498-s68,STFP,CCAMF,ASV2165,Fungi,Mucoromycota,Glomeromycetes,Glomerales,Glomeraceae,Glomus,VTX00065,1,Fungi,Glomeromycota,Glomeromycetes,Glomerales,Glomeraceae,Funneliformis,caledonium,0.6,Highly|_Probable,arbuscular_mycorrhizal,root-associated,Glomeromycota,Septoglomeraceae,Funneliformis,yes,yes,yes,primer
Funneliformis_caledonium_P1-bc1068-498-s70_STFP_ASV2167,Funneliformis_caledonium_P1-bc1068-498-s70_STFP_ASV2167_CCAMF,Funneliformis,caledonium,P1-bc1068-498-s70,STFP,CCAMF,ASV2167,Fungi,Mucoromycota,Glomeromycetes,Glomerales,Glomeraceae,Glomus,VTX00065,1,Fungi,Glomeromycota,Glomeromycetes,Glomerales,Glomeraceae,Funneliformis,caledonium,0.6,Highly|_Probable,arbuscular_mycorrhizal,root-associated,Glomeromycota,Septoglomeraceae,Funneliformis,yes,yes,yes,primer
Diversispora_celata_P1-bc1069-487-s162_STFP_ASV2536,Diversispora_celata_P1-bc1069-487-s162_STFP_ASV2536_CCAMF,Diversispora,celata,P1-bc1069-487-s162,STFP,CCAMF,ASV2536,Fungi,Mucoromycota,Glomeromycetes,Diversisporales,Diversisporaceae,Diversispora,VTX00060,1,Fungi,Glomeromycota,Glomeromycetes,Diversisporales,Diversisporaceae,Diversispora,NA,0.8,Highly|_Probable,arbuscular_mycorrhizal,root-associated,Glomeromycota,Diversisporaceae,Diversispora,yes,yes,yes,primer
Diversispora_celata_P1-bc1069-487-s169_STFP_ASV2537,Diversispora_celata_P1-bc1069-487-s169_STFP_ASV2537_CCAMF,Diversispora,celata,P1-bc1069-487-s169,STFP,CCAMF,ASV2537,Fungi,Mucoromycota,Glomeromycetes,Diversisporales,Diversisporaceae,Diversispora,VTX00060,1,Fungi,Glomeromycota,Glomeromycetes,Diversisporales,Diversisporaceae,Diversispora,NA,0.8,Highly|_Probable,arbuscular_mycorrhizal,root-associated,Glomeromycota,Diversisporaceae,Diversispora,yes,yes,yes,primer
Diversispora_celata_P1-bc1069-487-s177_STFP_ASV2535,Diversispora_celata_P1-bc1069-487-s177_STFP_ASV2535_CCAMF,Diversispora,celata,P1-bc1069-487-s177,STFP,CCAMF,ASV2535,Fungi,Mucoromycota,Glomeromycetes,Diversisporales,Diversisporaceae,Diversispora,VTX00060,1,Fungi,Glomeromycota,Glomeromycetes,Diversisporales,Diversisporaceae,Diversispora,NA,0.8,Highly|_Probable,arbuscular_mycorrhizal,root-associated,Glomeromycota,Diversisporaceae,Diversispora,yes,yes,yes,primer
Diversispora_celata_P1-bc1069-487-s218_STFP_ASV2534,Diversispora_celata_P1-bc1069-487-s218_STFP_ASV2534_CCAMF,Diversispora,celata,P1-bc1069-487-s218,STFP,CCAMF,ASV2534,Fungi,Mucoromycota,Glomeromycetes,Diversisporales,Diversisporaceae,Diversispora,VTX00060,1,Fungi,Glomeromycota,Glomeromycetes,Diversisporales,Diversisporaceae,Diversispora,NA,0.8,Highly|_Probable,arbuscular_mycorrhizal,root-associated,Glomeromycota,Diversisporaceae,Diversispora,yes,yes,yes,primer
Diversispora_celata_P1-bc1069-487-s224_STFP_ASV2533,Diversispora_celata_P1-bc1069-487-s224_STFP_ASV2533_CCAMF,Diversispora,celata,P1-bc1069-487-s224,STFP,CCAMF,ASV2533,Fungi,Mucoromycota,Glomeromycetes,Diversisporales,Diversisporaceae,Diversispora,VTX00060,1,Fungi,Glomeromycota,Glomeromycetes,Diversisporales,Diversisporaceae,Diversispora,NA,0.8,Highly|_Probable,arbuscular_mycorrhizal,root-associated,Glomeromycota,Diversisporaceae,Diversispora,yes,yes,yes,primer
Funneliformis_mosseae_P1-bc1070-483-s121_STFP_ASV2204,Funneliformis_mosseae_P1-bc1070-483-s121_STFP_ASV2204_CCAMF,Funneliformis,mosseae,P1-bc1070-483-s121,STFP,CCAMF,ASV2204,Fungi,Mucoromycota,Glomeromycetes,Glomerales,Glomeraceae,Glomus,VTX00067,1,Fungi,Glomeromycota,Glomeromycetes,Glomerales,Glomeraceae,Funneliformis,mosseae,0.7,Highly|_Probable,arbuscular_mycorrhizal,root-associated,Glomeromycota,Septoglomeraceae,Funneliformis,yes,yes,yes,primer
Funneliformis_mosseae_P1-bc1070-483-s156_STFP_ASV2206,Funneliformis_mosseae_P1-bc1070-483-s156_STFP_ASV2206_CCAMF,Funneliformis,mosseae,P1-bc1070-483-s156,STFP,CCAMF,ASV2206,Fungi,Mucoromycota,Glomeromycetes,Glomerales,Glomeraceae,Glomus,VTX00067,1,Fungi,Glomeromycota,Glomeromycetes,Glomerales,Glomeraceae,Funneliformis,mosseae,0.8,Highly|_Probable,arbuscular_mycorrhizal,root-associated,Glomeromycota,Septoglomeraceae,Funneliformis,yes,yes,yes,primer
Funneliformis_mosseae_P1-bc1070-483-s212_STFP_ASV2203,Funneliformis_mosseae_P1-bc1070-483-s212_STFP_ASV2203_CCAMF,Funneliformis,mosseae,P1-bc1070-483-s212,STFP,CCAMF,ASV2203,Fungi,Mucoromycota,Glomeromycetes,Glomerales,Glomeraceae,Glomus,VTX00067,1,Fungi,Glomeromycota,Glomeromycetes,Glomerales,Glomeraceae,Funneliformis,mosseae,0.9,Highly|_Probable,arbuscular_mycorrhizal,root-associated,Glomeromycota,Septoglomeraceae,Funneliformis,yes,yes,yes,primer
Funneliformis_mosseae_P1-bc1070-483-s313_STFP_ASV2202,Funneliformis_mosseae_P1-bc1070-483-s313_STFP_ASV2202_CCAMF,Funneliformis,mosseae,P1-bc1070-483-s313,STFP,CCAMF,ASV2202,Fungi,Mucoromycota,Glomeromycetes,Glomerales,Glomeraceae,Glomus,VTX00067,1,Fungi,Glomeromycota,Glomeromycetes,Glomerales,Glomeraceae,Funneliformis,mosseae,0.7,Highly|_Probable,arbuscular_mycorrhizal,root-associated,Glomeromycota,Septoglomeraceae,Funneliformis,yes,yes,yes,primer
Funneliformis_mosseae_P1-bc1070-483-s94_STFP_ASV2205,Funneliformis_mosseae_P1-bc1070-483-s94_STFP_ASV2205_CCAMF,Funneliformis,mosseae,P1-bc1070-483-s94,STFP,CCAMF,ASV2205,Fungi,Mucoromycota,Glomeromycetes,Glomerales,Glomeraceae,Glomus,VTX00067,1,Fungi,Glomeromycota,Glomeromycetes,Glomerales,Glomeraceae,Funneliformis,mosseae,0.6,Highly|_Probable,arbuscular_mycorrhizal,root-associated,Glomeromycota,Septoglomeraceae,Funneliformis,yes,yes,yes,primer
Paraglomus_sp._P1-bc1079-1319-s1510_STFP_ASV2023,Paraglomus_sp._P1-bc1079-1319-s1510_STFP_ASV2023_CCAMF,Paraglomus,sp.,P1-bc1079-1319-s1510,STFP,CCAMF,ASV2023,Fungi,Mucoromycota,Paraglomeromycetes,Paraglomerales,Paraglomeraceae,Paraglomus,VTX00239,0.8,Fungi,Glomeromycota,Paraglomeromycetes,Paraglomerales,Paraglomeraceae,Paraglomus,brasilianum,0.556,Highly|_Probable,arbuscular_mycorrhizal,root-associated,Glomeromycota,Paraglomeraceae,Paraglomus,yes,yes,yes,primer
Paraglomus_sp._P1-bc1079-1319-s188_STFP_ASV2037,Paraglomus_sp._P1-bc1079-1319-s188_STFP_ASV2037_CCAMF,Paraglomus,sp.,P1-bc1079-1319-s188,STFP,CCAMF,ASV2037,Fungi,Mucoromycota,Paraglomeromycetes,Paraglomerales,Paraglomeraceae,Paraglomus,VTX00239,0.8,Fungi,Glomeromycota,Paraglomeromycetes,Paraglomerales,Paraglomeraceae,Paraglomus,NA,0.8,Highly|_Probable,arbuscular_mycorrhizal,root-associated,Glomeromycota,Paraglomeraceae,Paraglomus,yes,yes,yes,primer
Paraglomus_sp._P1-bc1079-1319-s30_STFP_ASV2665,Paraglomus_sp._P1-bc1079-1319-s30_STFP_ASV2665_CCAMF,Paraglomus,sp.,P1-bc1079-1319-s30,STFP,CCAMF,ASV2665,Fungi,Mucoromycota,Paraglomeromycetes,Paraglomerales,Paraglomeraceae,Paraglomus,VTX00239,0.8,Fungi,Glomeromycota,Paraglomeromycetes,Paraglomerales,Paraglomeraceae,Paraglomus,brasilianum,0.556,Highly|_Probable,arbuscular_mycorrhizal,root-associated,Glomeromycota,Paraglomeraceae,Paraglomus,yes,yes,yes,primer
Paraglomus_brasilianum_P1-bc1080-1306-s1963_STFP_ASV2663,Paraglomus_brasilianum_P1-bc1080-1306-s1963_STFP_ASV2663_CCAMF,Paraglomus,brasilianum,P1-bc1080-1306-s1963,STFP,CCAMF,ASV2663,Fungi,Mucoromycota,Paraglomeromycetes,Paraglomerales,Paraglomeraceae,Paraglomus,VTX00239,0.8,Fungi,Glomeromycota,Paraglomeromycetes,Paraglomerales,Paraglomeraceae,Paraglomus,brasilianum,0.625,Highly|_Probable,arbuscular_mycorrhizal,root-associated,Glomeromycota,Paraglomeraceae,Paraglomus,yes,yes,yes,primer
Paraglomus_brasilianum_P1-bc1082-1203-s38_STFP_ASV2662,Paraglomus_brasilianum_P1-bc1082-1203-s38_STFP_ASV2662_CCAMF,Paraglomus,brasilianum,P1-bc1082-1203-s38,STFP,CCAMF,ASV2662,Fungi,Mucoromycota,Paraglomeromycetes,Paraglomerales,Paraglomeraceae,Paraglomus,VTX00239,0.8,Fungi,Glomeromycota,Paraglomeromycetes,Paraglomerales,Paraglomeraceae,Paraglomus,NA,0.8,Highly|_Probable,arbuscular_mycorrhizal,root-associated,Glomeromycota,Paraglomeraceae,Paraglomus,yes,yes,yes,primer
Gigaspora_rosea_P1-bc1084-1155-s54_STFP_ASV2646,Gigaspora_rosea_P1-bc1084-1155-s54_STFP_ASV2646_CCAMF,Gigaspora,rosea,P1-bc1084-1155-s54,STFP,CCAMF,ASV2646,Fungi,Mucoromycota,Glomeromycetes,Diversisporales,Gigasporaceae,Scutellospora,VTX00255,0.8,Fungi,Glomeromycota,Glomeromycetes,Gigasporales,Gigasporaceae,Gigaspora,margarita,0.8,Highly|_Probable,arbuscular_mycorrhizal,root-associated,Glomeromycota,Gigasporaceae,Gigaspora,yes,yes,yes,primer
Gigaspora_rosea_P1-bc1084-1155-s60_STFP_ASV2098,Gigaspora_rosea_P1-bc1084-1155-s60_STFP_ASV2098_CCAMF,Gigaspora,rosea,P1-bc1084-1155-s60,STFP,CCAMF,ASV2098,Fungi,Mucoromycota,Glomeromycetes,Diversisporales,Gigasporaceae,Gigaspora,VTX00039,1,Fungi,Glomeromycota,Glomeromycetes,Gigasporales,Gigasporaceae,Gigaspora,rosea,0.7,Highly|_Probable,arbuscular_mycorrhizal,root-associated,Glomeromycota,Gigasporaceae,Gigaspora,yes,yes,yes,primer
Gigaspora_rosea_P1-bc1084-1155-s78_STFP_ASV2050,Gigaspora_rosea_P1-bc1084-1155-s78_STFP_ASV2050_CCAMF,Gigaspora,rosea,P1-bc1084-1155-s78,STFP,CCAMF,ASV2050,Fungi,Mucoromycota,Glomeromycetes,Diversisporales,Gigasporaceae,Gigaspora,VTX00039,1,Fungi,Glomeromycota,Glomeromycetes,Gigasporales,Gigasporaceae,Gigaspora,NA,0.9,Highly|_Probable,arbuscular_mycorrhizal,root-associated,Glomeromycota,Gigasporaceae,Gigaspora,yes,yes,yes,primer
Rhizophagus_irregularis_P1-bc1089-1105-s178_STFP_ASV2463,Rhizophagus_irregularis_P1-bc1089-1105-s178_STFP_ASV2463_CCAMF,Rhizophagus,irregularis,P1-bc1089-1105-s178,STFP,CCAMF,ASV2463,Fungi,Mucoromycota,Glomeromycetes,Glomerales,Glomeraceae,Glomus,VTX00114,0.8,Fungi,Glomeromycota,Glomeromycetes,Glomerales,Glomeraceae,Rhizophagus,irregularis,0.6,Highly|_Probable,arbuscular_mycorrhizal,root-associated,Glomeromycota,Sclerocystaceae_Kamienskiaceae,Rhizophagus,yes,yes,yes,primer
Rhizophagus_irregularis_P1-bc1089-1105-s219_STFP_ASV2063,Rhizophagus_irregularis_P1-bc1089-1105-s219_STFP_ASV2063_CCAMF,Rhizophagus,irregularis,P1-bc1089-1105-s219,STFP,CCAMF,ASV2063,Fungi,Mucoromycota,Glomeromycetes,Glomerales,Glomeraceae,Glomus,VTX00114,0.8,Fungi,Glomeromycota,Glomeromycetes,Glomerales,Glomeraceae,NA,NA,0.7,Highly|_Probable,NA,NA,Glomeromycota,Sclerocystaceae_Kamienskiaceae,Rhizophagus,yes,yes,yes,primer
Rhizophagus_irregularis_P1-bc1089-1105-s253_STFP_ASV2015,Rhizophagus_irregularis_P1-bc1089-1105-s253_STFP_ASV2015_CCAMF,Rhizophagus,irregularis,P1-bc1089-1105-s253,STFP,CCAMF,ASV2015,Fungi,Mucoromycota,Glomeromycetes,Glomerales,Glomeraceae,Glomus,VTX00114,0.8,Fungi,Glomeromycota,Glomeromycetes,Glomerales,Glomeraceae,NA,NA,0.7,Highly|_Probable,NA,NA,Glomeromycota,Sclerocystaceae_Kamienskiaceae,Rhizophagus,yes,yes,yes,primer
Rhizophagus_irregularis_P1-bc1089-1105-s260_STFP_ASV2000,Rhizophagus_irregularis_P1-bc1089-1105-s260_STFP_ASV2000_CCAMF,Rhizophagus,irregularis,P1-bc1089-1105-s260,STFP,CCAMF,ASV2000,Fungi,Mucoromycota,Glomeromycetes,Glomerales,Glomeraceae,Glomus,VTX00114,0.8,Fungi,Glomeromycota,Glomeromycetes,Glomerales,Glomeraceae,Rhizophagus,irregularis,0.7,Highly|_Probable,arbuscular_mycorrhizal,root-associated,Glomeromycota,Sclerocystaceae_Kamienskiaceae,Rhizophagus,yes,yes,yes,primer
Rhizophagus_irregularis_P1-bc1089-1105-s387_STFP_ASV2030,Rhizophagus_irregularis_P1-bc1089-1105-s387_STFP_ASV2030_CCAMF,Rhizophagus,irregularis,P1-bc1089-1105-s387,STFP,CCAMF,ASV2030,Fungi,Mucoromycota,Glomeromycetes,Glomerales,Glomeraceae,Glomus,VTX00114,0.8,Fungi,Glomeromycota,Glomeromycetes,Glomerales,Glomeraceae,NA,NA,0.7,Highly|_Probable,NA,NA,Glomeromycota,Sclerocystaceae_Kamienskiaceae,Rhizophagus,yes,yes,yes,primer
Ambispora_callosa_P1-bc1090-1100-s200_STFP_ASV2651,Ambispora_callosa_P1-bc1090-1100-s200_STFP_ASV2651_CCAMF,Ambispora,callosa,P1-bc1090-1100-s200,STFP,CCAMF,ASV2651,Fungi,Mucoromycota,Archaeosporomycetes,Archaeosporales,Ambisporaceae,Ambispora,VTX00242,1,Fungi,Glomeromycota,Archaeosporomycetes,Archaeosporales,Ambisporaceae,Ambispora,NA,1,Highly|_Probable,arbuscular_mycorrhizal,root-associated,Glomeromycota,Ambisporaceae,Ambispora,yes,yes,yes,primer
Ambispora_callosa_P1-bc1090-1100-s28_STFP_ASV2660,Ambispora_callosa_P1-bc1090-1100-s28_STFP_ASV2660_CCAMF,Ambispora,callosa,P1-bc1090-1100-s28,STFP,CCAMF,ASV2660,Fungi,Mucoromycota,Archaeosporomycetes,Archaeosporales,Ambisporaceae,Ambispora,VTX00242,1,Fungi,Glomeromycota,Archaeosporomycetes,Archaeosporales,Ambisporaceae,Ambispora,NA,1,Highly|_Probable,arbuscular_mycorrhizal,root-associated,Glomeromycota,Ambisporaceae,Ambispora,yes,yes,yes,primer
Ambispora_callosa_P1-bc1090-1100-s30_STFP_ASV2659,Ambispora_callosa_P1-bc1090-1100-s30_STFP_ASV2659_CCAMF,Ambispora,callosa,P1-bc1090-1100-s30,STFP,CCAMF,ASV2659,Fungi,Mucoromycota,Archaeosporomycetes,Archaeosporales,Ambisporaceae,Ambispora,VTX00242,1,Fungi,Glomeromycota,Archaeosporomycetes,Archaeosporales,Ambisporaceae,Ambispora,NA,1,Highly|_Probable,arbuscular_mycorrhizal,root-associated,Glomeromycota,Ambisporaceae,Ambispora,yes,yes,yes,primer
Ambispora_callosa_P1-bc1090-1100-s319_STFP_ASV2021,Ambispora_callosa_P1-bc1090-1100-s319_STFP_ASV2021_CCAMF,Ambispora,callosa,P1-bc1090-1100-s319,STFP,CCAMF,ASV2021,Fungi,Mucoromycota,Archaeosporomycetes,Archaeosporales,Ambisporaceae,Ambispora,VTX00242,1,Fungi,Glomeromycota,Archaeosporomycetes,Archaeosporales,Ambisporaceae,Ambispora,NA,1,Highly|_Probable,arbuscular_mycorrhizal,root-associated,Glomeromycota,Ambisporaceae,Ambispora,yes,yes,yes,primer
Ambispora_callosa_P1-bc1090-1100-s52_STFP_ASV2048,Ambispora_callosa_P1-bc1090-1100-s52_STFP_ASV2048_CCAMF,Ambispora,callosa,P1-bc1090-1100-s52,STFP,CCAMF,ASV2048,Fungi,Mucoromycota,Archaeosporomycetes,Archaeosporales,Ambisporaceae,Ambispora,VTX00242,1,Fungi,Glomeromycota,Archaeosporomycetes,Archaeosporales,Ambisporaceae,Ambispora,NA,1,Highly|_Probable,arbuscular_mycorrhizal,root-associated,Glomeromycota,Ambisporaceae,Ambispora,yes,yes,yes,primer
Ambispora_callosa_P1-bc1090-1100-s65_STFP_ASV2035,Ambispora_callosa_P1-bc1090-1100-s65_STFP_ASV2035_CCAMF,Ambispora,callosa,P1-bc1090-1100-s65,STFP,CCAMF,ASV2035,Fungi,Mucoromycota,Archaeosporomycetes,Archaeosporales,Ambisporaceae,Ambispora,VTX00242,1,Fungi,Glomeromycota,Archaeosporomycetes,Archaeosporales,Ambisporaceae,Ambispora,NA,1,Highly|_Probable,arbuscular_mycorrhizal,root-associated,Glomeromycota,Ambisporaceae,Ambispora,yes,yes,yes,primer
Ambispora_callosa_P1-bc1090-1100-s66_STFP_ASV2655,Ambispora_callosa_P1-bc1090-1100-s66_STFP_ASV2655_CCAMF,Ambispora,callosa,P1-bc1090-1100-s66,STFP,CCAMF,ASV2655,Fungi,Mucoromycota,Archaeosporomycetes,Archaeosporales,Ambisporaceae,Ambispora,VTX00242,1,Fungi,Glomeromycota,Archaeosporomycetes,Archaeosporales,Ambisporaceae,Ambispora,NA,1,Highly|_Probable,arbuscular_mycorrhizal,root-associated,Glomeromycota,Ambisporaceae,Ambispora,yes,yes,yes,primer
Cetraspora_gilmorei_P1-bc1091-1080-s133_STFP_ASV2066,Cetraspora_gilmorei_P1-bc1091-1080-s133_STFP_ASV2066_CCAMF,Cetraspora,gilmorei,P1-bc1091-1080-s133,STFP,CCAMF,ASV2066,Fungi,Mucoromycota,Glomeromycetes,Diversisporales,Gigasporaceae,Scutellospora,VTX00041,0.8,Fungi,Glomeromycota,Glomeromycetes,Gigasporales,Racocetraceae,Cetraspora,NA,1,Highly|_Probable,arbuscular_mycorrhizal,root-associated,Glomeromycota,Gigasporaceae,Cetraspora,yes,yes,yes,primer
Cetraspora_gilmorei_P1-bc1091-1080-s137_STFP_ASV2055,Cetraspora_gilmorei_P1-bc1091-1080-s137_STFP_ASV2055_CCAMF,Cetraspora,gilmorei,P1-bc1091-1080-s137,STFP,CCAMF,ASV2055,Fungi,Mucoromycota,Glomeromycetes,Diversisporales,Gigasporaceae,Scutellospora,VTX00041,0.8,Fungi,Glomeromycota,Glomeromycetes,Gigasporales,Racocetraceae,Cetraspora,NA,0.9,Highly|_Probable,arbuscular_mycorrhizal,root-associated,Glomeromycota,Gigasporaceae,Cetraspora,yes,yes,yes,primer
Cetraspora_gilmorei_P1-bc1091-1080-s180_STFP_ASV2089,Cetraspora_gilmorei_P1-bc1091-1080-s180_STFP_ASV2089_CCAMF,Cetraspora,gilmorei,P1-bc1091-1080-s180,STFP,CCAMF,ASV2089,Fungi,Mucoromycota,Glomeromycetes,Diversisporales,Gigasporaceae,Scutellospora,VTX00041,0.8,Fungi,Glomeromycota,Glomeromycetes,Gigasporales,Racocetraceae,Cetraspora,NA,0.9,Highly|_Probable,arbuscular_mycorrhizal,root-associated,Glomeromycota,Gigasporaceae,Cetraspora,yes,yes,yes,primer
Cetraspora_gilmorei_P1-bc1091-1080-s275_STFP_ASV2033,Cetraspora_gilmorei_P1-bc1091-1080-s275_STFP_ASV2033_CCAMF,Cetraspora,gilmorei,P1-bc1091-1080-s275,STFP,CCAMF,ASV2033,Fungi,Mucoromycota,Glomeromycetes,Diversisporales,Gigasporaceae,Scutellospora,VTX00041,0.8,Fungi,Glomeromycota,Glomeromycetes,Gigasporales,Racocetraceae,Cetraspora,NA,0.9,Highly|_Probable,arbuscular_mycorrhizal,root-associated,Glomeromycota,Gigasporaceae,Cetraspora,yes,yes,yes,primer
Cetraspora_gilmorei_P1-bc1091-1080-s282_STFP_ASV2075,Cetraspora_gilmorei_P1-bc1091-1080-s282_STFP_ASV2075_CCAMF,Cetraspora,gilmorei,P1-bc1091-1080-s282,STFP,CCAMF,ASV2075,Fungi,Mucoromycota,Glomeromycetes,Diversisporales,Gigasporaceae,Scutellospora,VTX00041,0.8,Fungi,Glomeromycota,Glomeromycetes,Gigasporales,Racocetraceae,Cetraspora,NA,0.9,Highly|_Probable,arbuscular_mycorrhizal,root-associated,Glomeromycota,Gigasporaceae,Cetraspora,yes,yes,yes,primer
Cetraspora_gilmorei_P1-bc1091-1080-s31_STFP_ASV2043,Cetraspora_gilmorei_P1-bc1091-1080-s31_STFP_ASV2043_CCAMF,Cetraspora,gilmorei,P1-bc1091-1080-s31,STFP,CCAMF,ASV2043,Fungi,Mucoromycota,Glomeromycetes,Diversisporales,Gigasporaceae,Scutellospora,VTX00041,0.8,Fungi,Glomeromycota,Glomeromycetes,Gigasporales,Racocetraceae,Cetraspora,NA,1,Highly|_Probable,arbuscular_mycorrhizal,root-associated,Glomeromycota,Gigasporaceae,Cetraspora,yes,yes,yes,primer
Cetraspora_gilmorei_P1-bc1091-1080-s32_STFP_ASV2614,Cetraspora_gilmorei_P1-bc1091-1080-s32_STFP_ASV2614_CCAMF,Cetraspora,gilmorei,P1-bc1091-1080-s32,STFP,CCAMF,ASV2614,Fungi,Mucoromycota,Glomeromycetes,Diversisporales,Gigasporaceae,Scutellospora,VTX00041,0.8,Fungi,Glomeromycota,Glomeromycetes,Gigasporales,Racocetraceae,Cetraspora,NA,0.9,Highly|_Probable,arbuscular_mycorrhizal,root-associated,Glomeromycota,Gigasporaceae,Cetraspora,yes,yes,yes,primer
Cetraspora_gilmorei_P1-bc1091-1080-s33_STFP_ASV2025,Cetraspora_gilmorei_P1-bc1091-1080-s33_STFP_ASV2025_CCAMF,Cetraspora,gilmorei,P1-bc1091-1080-s33,STFP,CCAMF,ASV2025,Fungi,Mucoromycota,Glomeromycetes,Diversisporales,Gigasporaceae,Scutellospora,VTX00041,0.8,Fungi,Glomeromycota,Glomeromycetes,Gigasporales,Racocetraceae,Cetraspora,NA,0.9,Highly|_Probable,arbuscular_mycorrhizal,root-associated,Glomeromycota,Gigasporaceae,Cetraspora,yes,yes,yes,primer
Cetraspora_gilmorei_P1-bc1091-1080-s55_STFP_ASV2078,Cetraspora_gilmorei_P1-bc1091-1080-s55_STFP_ASV2078_CCAMF,Cetraspora,gilmorei,P1-bc1091-1080-s55,STFP,CCAMF,ASV2078,Fungi,Mucoromycota,Glomeromycetes,Diversisporales,Gigasporaceae,Scutellospora,VTX00041,0.8,Fungi,Glomeromycota,Glomeromycetes,Gigasporales,Racocetraceae,Cetraspora,NA,1,Highly|_Probable,arbuscular_mycorrhizal,root-associated,Glomeromycota,Gigasporaceae,Cetraspora,yes,yes,yes,primer
Cetraspora_gilmorei_P1-bc1091-1080-s80_STFP_ASV2002,Cetraspora_gilmorei_P1-bc1091-1080-s80_STFP_ASV2002_CCAMF,Cetraspora,gilmorei,P1-bc1091-1080-s80,STFP,CCAMF,ASV2002,Fungi,Mucoromycota,Glomeromycetes,Diversisporales,Gigasporaceae,Scutellospora,VTX00041,0.8,Fungi,Glomeromycota,Glomeromycetes,Gigasporales,Racocetraceae,Cetraspora,NA,0.9,Highly|_Probable,arbuscular_mycorrhizal,root-associated,Glomeromycota,Gigasporaceae,Cetraspora,yes,yes,yes,primer
Rhizophagus_irregularis_P1-bc1096-CC4-s152_STFP_ASV2435,Rhizophagus_irregularis_P1-bc1096-CC4-s152_STFP_ASV2435_CCAMF,Rhizophagus,irregularis,P1-bc1096-CC4-s152,STFP,CCAMF,ASV2435,Fungi,Mucoromycota,Glomeromycetes,Glomerales,Glomeraceae,Glomus,VTX00113,0.8,Fungi,Glomeromycota,Glomeromycetes,Glomerales,Glomeraceae,Rhizophagus,NA,0.6,Highly|_Probable,arbuscular_mycorrhizal,root-associated,Glomeromycota,Sclerocystaceae_Kamienskiaceae,Rhizophagus,yes,yes,yes,primer
Rhizophagus_irregularis_P1-bc1096-CC4-s161_STFP_ASV2426,Rhizophagus_irregularis_P1-bc1096-CC4-s161_STFP_ASV2426_CCAMF,Rhizophagus,irregularis,P1-bc1096-CC4-s161,STFP,CCAMF,ASV2426,Fungi,Mucoromycota,Glomeromycetes,Glomerales,Glomeraceae,Glomus,VTX00113,0.8,Fungi,Glomeromycota,Glomeromycetes,Glomerales,Glomeraceae,Rhizophagus,irregularis,0.6,Highly|_Probable,arbuscular_mycorrhizal,root-associated,Glomeromycota,Sclerocystaceae_Kamienskiaceae,Rhizophagus,yes,yes,yes,primer
Rhizophagus_irregularis_P1-bc1096-CC4-s162_STFP_ASV2430,Rhizophagus_irregularis_P1-bc1096-CC4-s162_STFP_ASV2430_CCAMF,Rhizophagus,irregularis,P1-bc1096-CC4-s162,STFP,CCAMF,ASV2430,Fungi,Mucoromycota,Glomeromycetes,Glomerales,Glomeraceae,Glomus,VTX00113,0.8,Fungi,Glomeromycota,Glomeromycetes,Glomerales,Glomeraceae,NA,NA,0.8,Highly|_Probable,NA,NA,Glomeromycota,Sclerocystaceae_Kamienskiaceae,Rhizophagus,yes,yes,yes,primer
Rhizophagus_irregularis_P1-bc1096-CC4-s53_STFP_ASV2429,Rhizophagus_irregularis_P1-bc1096-CC4-s53_STFP_ASV2429_CCAMF,Rhizophagus,irregularis,P1-bc1096-CC4-s53,STFP,CCAMF,ASV2429,Fungi,Mucoromycota,Glomeromycetes,Glomerales,Glomeraceae,Glomus,VTX00113,1,Fungi,Glomeromycota,Glomeromycetes,Glomerales,Glomeraceae,NA,NA,0.8,Highly|_Probable,NA,NA,Glomeromycota,Sclerocystaceae_Kamienskiaceae,Rhizophagus,yes,yes,yes,primer
Funneliformis_mosseae_P2-bc1001-314-s1051_STFP_ASV2220,Funneliformis_mosseae_P2-bc1001-314-s1051_STFP_ASV2220_CCAMF,Funneliformis,mosseae,P2-bc1001-314-s1051,STFP,CCAMF,ASV2220,Fungi,Mucoromycota,Glomeromycetes,Glomerales,Glomeraceae,Glomus,VTX00067,1,Fungi,Glomeromycota,Glomeromycetes,Glomerales,Glomeraceae,Funneliformis,NA,0.9,Highly|_Probable,arbuscular_mycorrhizal,root-associated,Glomeromycota,Septoglomeraceae,Funneliformis,yes,yes,yes,primer
Funneliformis_mosseae_P2-bc1001-314-s2024_STFP_ASV2254,Funneliformis_mosseae_P2-bc1001-314-s2024_STFP_ASV2254_CCAMF,Funneliformis,mosseae,P2-bc1001-314-s2024,STFP,CCAMF,ASV2254,Fungi,Mucoromycota,Glomeromycetes,Glomerales,Glomeraceae,Glomus,VTX00067,1,Fungi,Glomeromycota,Glomeromycetes,Glomerales,Glomeraceae,Funneliformis,mosseae,0.6,Highly|_Probable,arbuscular_mycorrhizal,root-associated,Glomeromycota,Septoglomeraceae,Funneliformis,yes,yes,yes,primer
Funneliformis_mosseae_P2-bc1001-314-s369_STFP_ASV2208,Funneliformis_mosseae_P2-bc1001-314-s369_STFP_ASV2208_CCAMF,Funneliformis,mosseae,P2-bc1001-314-s369,STFP,CCAMF,ASV2208,Fungi,Mucoromycota,Glomeromycetes,Glomerales,Glomeraceae,Glomus,VTX00067,1,Fungi,Glomeromycota,Glomeromycetes,Glomerales,Glomeraceae,Funneliformis,NA,0.9,Highly|_Probable,arbuscular_mycorrhizal,root-associated,Glomeromycota,Septoglomeraceae,Funneliformis,yes,yes,yes,primer
Funneliformis_mosseae_P2-bc1001-314-s406_STFP_ASV2222,Funneliformis_mosseae_P2-bc1001-314-s406_STFP_ASV2222_CCAMF,Funneliformis,mosseae,P2-bc1001-314-s406,STFP,CCAMF,ASV2222,Fungi,Mucoromycota,Glomeromycetes,Glomerales,Glomeraceae,Glomus,VTX00067,1,Fungi,Glomeromycota,Glomeromycetes,Glomerales,Glomeraceae,Funneliformis,NA,0.9,Highly|_Probable,arbuscular_mycorrhizal,root-associated,Glomeromycota,Septoglomeraceae,Funneliformis,yes,yes,yes,primer
Funneliformis_mosseae_P2-bc1001-314-s452_STFP_ASV2209,Funneliformis_mosseae_P2-bc1001-314-s452_STFP_ASV2209_CCAMF,Funneliformis,mosseae,P2-bc1001-314-s452,STFP,CCAMF,ASV2209,Fungi,Mucoromycota,Glomeromycetes,Glomerales,Glomeraceae,Glomus,VTX00067,1,Fungi,Glomeromycota,Glomeromycetes,Glomerales,Glomeraceae,Funneliformis,NA,0.9,Highly|_Probable,arbuscular_mycorrhizal,root-associated,Glomeromycota,Septoglomeraceae,Funneliformis,yes,yes,yes,primer
Funneliformis_mosseae_P2-bc1001-314-s462_STFP_ASV2212,Funneliformis_mosseae_P2-bc1001-314-s462_STFP_ASV2212_CCAMF,Funneliformis,mosseae,P2-bc1001-314-s462,STFP,CCAMF,ASV2212,Fungi,Mucoromycota,Glomeromycetes,Glomerales,Glomeraceae,Glomus,VTX00067,1,Fungi,Glomeromycota,Glomeromycetes,Glomerales,Glomeraceae,Funneliformis,NA,0.9,Highly|_Probable,arbuscular_mycorrhizal,root-associated,Glomeromycota,Septoglomeraceae,Funneliformis,yes,yes,yes,primer
Funneliformis_mosseae_P2-bc1001-314-s4798_STFP_ASV2207,Funneliformis_mosseae_P2-bc1001-314-s4798_STFP_ASV2207_CCAMF,Funneliformis,mosseae,P2-bc1001-314-s4798,STFP,CCAMF,ASV2207,Fungi,Mucoromycota,Glomeromycetes,Glomerales,Glomeraceae,Glomus,VTX00067,1,Fungi,Glomeromycota,Glomeromycetes,Glomerales,Glomeraceae,Funneliformis,NA,0.9,Highly|_Probable,arbuscular_mycorrhizal,root-associated,Glomeromycota,Septoglomeraceae,Funneliformis,yes,yes,yes,primer
Funneliformis_mosseae_P2-bc1001-314-s765_STFP_ASV2255,Funneliformis_mosseae_P2-bc1001-314-s765_STFP_ASV2255_CCAMF,Funneliformis,mosseae,P2-bc1001-314-s765,STFP,CCAMF,ASV2255,Fungi,Mucoromycota,Glomeromycetes,Glomerales,Glomeraceae,Glomus,VTX00067,1,Fungi,Glomeromycota,Glomeromycetes,Glomerales,Glomeraceae,Funneliformis,NA,0.9,Highly|_Probable,arbuscular_mycorrhizal,root-associated,Glomeromycota,Septoglomeraceae,Funneliformis,yes,yes,yes,primer
Funneliformis_mosseae_P2-bc1001-314-s988_STFP_ASV2221,Funneliformis_mosseae_P2-bc1001-314-s988_STFP_ASV2221_CCAMF,Funneliformis,mosseae,P2-bc1001-314-s988,STFP,CCAMF,ASV2221,Fungi,Mucoromycota,Glomeromycetes,Glomerales,Glomeraceae,Glomus,VTX00067,1,Fungi,Glomeromycota,Glomeromycetes,Glomerales,Glomeraceae,Funneliformis,NA,0.9,Highly|_Probable,arbuscular_mycorrhizal,root-associated,Glomeromycota,Septoglomeraceae,Funneliformis,yes,yes,yes,primer
Funneliformis_mosseae_P2-bc1003-398-s1153_STFP_ASV2275,Funneliformis_mosseae_P2-bc1003-398-s1153_STFP_ASV2275_CCAMF,Funneliformis,mosseae,P2-bc1003-398-s1153,STFP,CCAMF,ASV2275,Fungi,Mucoromycota,Glomeromycetes,Glomerales,Glomeraceae,Glomus,VTX00067,1,Fungi,Glomeromycota,Glomeromycetes,Glomerales,Glomeraceae,Funneliformis,sp,0.6,Highly|_Probable,arbuscular_mycorrhizal,root-associated,Glomeromycota,Septoglomeraceae,Funneliformis,yes,yes,yes,primer
Funneliformis_mosseae_P2-bc1003-398-s145_STFP_ASV2239,Funneliformis_mosseae_P2-bc1003-398-s145_STFP_ASV2239_CCAMF,Funneliformis,mosseae,P2-bc1003-398-s145,STFP,CCAMF,ASV2239,Fungi,Mucoromycota,Glomeromycetes,Glomerales,Glomeraceae,Glomus,VTX00067,1,Fungi,Glomeromycota,Glomeromycetes,Glomerales,Glomeraceae,Funneliformis,mosseae,0.8,Highly|_Probable,arbuscular_mycorrhizal,root-associated,Glomeromycota,Septoglomeraceae,Funneliformis,yes,yes,yes,primer
Funneliformis_mosseae_P2-bc1003-398-s150_STFP_ASV2278,Funneliformis_mosseae_P2-bc1003-398-s150_STFP_ASV2278_CCAMF,Funneliformis,mosseae,P2-bc1003-398-s150,STFP,CCAMF,ASV2278,Fungi,Mucoromycota,Glomeromycetes,Glomerales,Glomeraceae,Glomus,VTX00067,1,Fungi,Glomeromycota,Glomeromycetes,Glomerales,Glomeraceae,Funneliformis,sp,0.6,Highly|_Probable,arbuscular_mycorrhizal,root-associated,Glomeromycota,Septoglomeraceae,Funneliformis,yes,yes,yes,primer
Funneliformis_mosseae_P2-bc1003-398-s156_STFP_ASV2240,Funneliformis_mosseae_P2-bc1003-398-s156_STFP_ASV2240_CCAMF,Funneliformis,mosseae,P2-bc1003-398-s156,STFP,CCAMF,ASV2240,Fungi,Mucoromycota,Glomeromycetes,Glomerales,Glomeraceae,Glomus,VTX00067,1,Fungi,Glomeromycota,Glomeromycetes,Glomerales,Glomeraceae,Funneliformis,mosseae,0.8,Highly|_Probable,arbuscular_mycorrhizal,root-associated,Glomeromycota,Septoglomeraceae,Funneliformis,yes,yes,yes,primer
Funneliformis_mosseae_P2-bc1003-398-s170_STFP_ASV2238,Funneliformis_mosseae_P2-bc1003-398-s170_STFP_ASV2238_CCAMF,Funneliformis,mosseae,P2-bc1003-398-s170,STFP,CCAMF,ASV2238,Fungi,Mucoromycota,Glomeromycetes,Glomerales,Glomeraceae,Glomus,VTX00067,1,Fungi,Glomeromycota,Glomeromycetes,Glomerales,Glomeraceae,Funneliformis,mosseae,0.9,Highly|_Probable,arbuscular_mycorrhizal,root-associated,Glomeromycota,Septoglomeraceae,Funneliformis,yes,yes,yes,primer
Funneliformis_mosseae_P2-bc1003-398-s176_STFP_ASV2237,Funneliformis_mosseae_P2-bc1003-398-s176_STFP_ASV2237_CCAMF,Funneliformis,mosseae,P2-bc1003-398-s176,STFP,CCAMF,ASV2237,Fungi,Mucoromycota,Glomeromycetes,Glomerales,Glomeraceae,Glomus,VTX00067,1,Fungi,Glomeromycota,Glomeromycetes,Glomerales,Glomeraceae,Funneliformis,mosseae,0.8,Highly|_Probable,arbuscular_mycorrhizal,root-associated,Glomeromycota,Septoglomeraceae,Funneliformis,yes,yes,yes,primer
Funneliformis_mosseae_P2-bc1003-398-s1825_STFP_ASV2274,Funneliformis_mosseae_P2-bc1003-398-s1825_STFP_ASV2274_CCAMF,Funneliformis,mosseae,P2-bc1003-398-s1825,STFP,CCAMF,ASV2274,Fungi,Mucoromycota,Glomeromycetes,Glomerales,Glomeraceae,Glomus,VTX00067,1,Fungi,Glomeromycota,Glomeromycetes,Glomerales,Glomeraceae,Funneliformis,NA,1,Highly|_Probable,arbuscular_mycorrhizal,root-associated,Glomeromycota,Septoglomeraceae,Funneliformis,yes,yes,yes,primer
Funneliformis_mosseae_P2-bc1003-398-s268_STFP_ASV2276,Funneliformis_mosseae_P2-bc1003-398-s268_STFP_ASV2276_CCAMF,Funneliformis,mosseae,P2-bc1003-398-s268,STFP,CCAMF,ASV2276,Fungi,Mucoromycota,Glomeromycetes,Glomerales,Glomeraceae,Glomus,VTX00067,1,Fungi,Glomeromycota,Glomeromycetes,Glomerales,Glomeraceae,Funneliformis,NA,1,Highly|_Probable,arbuscular_mycorrhizal,root-associated,Glomeromycota,Septoglomeraceae,Funneliformis,yes,yes,yes,primer
Funneliformis_mosseae_P2-bc1003-398-s632_STFP_ASV2277,Funneliformis_mosseae_P2-bc1003-398-s632_STFP_ASV2277_CCAMF,Funneliformis,mosseae,P2-bc1003-398-s632,STFP,CCAMF,ASV2277,Fungi,Mucoromycota,Glomeromycetes,Glomerales,Glomeraceae,Glomus,VTX00067,1,Fungi,Glomeromycota,Glomeromycetes,Glomerales,Glomeraceae,Funneliformis,sp,0.6,Highly|_Probable,arbuscular_mycorrhizal,root-associated,Glomeromycota,Septoglomeraceae,Funneliformis,yes,yes,yes,primer
Funneliformis_coronatus_P2-bc1004-402-s165_STFP_ASV2199,Funneliformis_coronatum_P2-bc1004-402-s165_STFP_ASV2199_CCAMF,Funneliformis,coronatum,P2-bc1004-402-s165,STFP,CCAMF,ASV2199,Fungi,Mucoromycota,Glomeromycetes,Glomerales,Glomeraceae,Glomus,VTX00265,0.9,Fungi,Glomeromycota,Glomeromycetes,Glomerales,Glomeraceae,Funneliformis,NA,1,Highly|_Probable,arbuscular_mycorrhizal,root-associated,Glomeromycota,Septoglomeraceae,Funneliformis,yes,yes,yes,primer
Funneliformis_coronatus_P2-bc1004-402-s174_STFP_ASV2198,Funneliformis_coronatum_P2-bc1004-402-s174_STFP_ASV2198_CCAMF,Funneliformis,coronatum,P2-bc1004-402-s174,STFP,CCAMF,ASV2198,Fungi,Mucoromycota,Glomeromycetes,Glomerales,Glomeraceae,Glomus,VTX00265,0.9,Fungi,Glomeromycota,Glomeromycetes,Glomerales,Glomeraceae,Funneliformis,NA,1,Highly|_Probable,arbuscular_mycorrhizal,root-associated,Glomeromycota,Septoglomeraceae,Funneliformis,yes,yes,yes,primer
Funneliformis_coronatus_P2-bc1004-402-s176_STFP_ASV2197,Funneliformis_coronatum_P2-bc1004-402-s176_STFP_ASV2197_CCAMF,Funneliformis,coronatum,P2-bc1004-402-s176,STFP,CCAMF,ASV2197,Fungi,Mucoromycota,Glomeromycetes,Glomerales,Glomeraceae,Glomus,VTX00265,0.9,Fungi,Glomeromycota,Glomeromycetes,Glomerales,Glomeraceae,Funneliformis,NA,1,Highly|_Probable,arbuscular_mycorrhizal,root-associated,Glomeromycota,Septoglomeraceae,Funneliformis,yes,yes,yes,primer
Funneliformis_coronatus_P2-bc1004-402-s182_STFP_ASV2196,Funneliformis_coronatum_P2-bc1004-402-s182_STFP_ASV2196_CCAMF,Funneliformis,coronatum,P2-bc1004-402-s182,STFP,CCAMF,ASV2196,Fungi,Mucoromycota,Glomeromycetes,Glomerales,Glomeraceae,Glomus,VTX00265,0.9,Fungi,Glomeromycota,Glomeromycetes,Glomerales,Glomeraceae,Funneliformis,NA,1,Highly|_Probable,arbuscular_mycorrhizal,root-associated,Glomeromycota,Septoglomeraceae,Funneliformis,yes,yes,yes,primer
Funneliformis_coronatus_P2-bc1004-402-s206_STFP_ASV2195,Funneliformis_coronatum_P2-bc1004-402-s206_STFP_ASV2195_CCAMF,Funneliformis,coronatum,P2-bc1004-402-s206,STFP,CCAMF,ASV2195,Fungi,Mucoromycota,Glomeromycetes,Glomerales,Glomeraceae,Glomus,VTX00265,0.9,Fungi,Glomeromycota,Glomeromycetes,Glomerales,Glomeraceae,Funneliformis,NA,1,Highly|_Probable,arbuscular_mycorrhizal,root-associated,Glomeromycota,Septoglomeraceae,Funneliformis,yes,yes,yes,primer
Funneliformis_coronatus_P2-bc1004-402-s2396_STFP_ASV2194,Funneliformis_coronatum_P2-bc1004-402-s2396_STFP_ASV2194_CCAMF,Funneliformis,coronatum,P2-bc1004-402-s2396,STFP,CCAMF,ASV2194,Fungi,Mucoromycota,Glomeromycetes,Glomerales,Glomeraceae,Glomus,VTX00265,0.9,Fungi,Glomeromycota,Glomeromycetes,Glomerales,Glomeraceae,Funneliformis,NA,0.9,Highly|_Probable,arbuscular_mycorrhizal,root-associated,Glomeromycota,Septoglomeraceae,Funneliformis,yes,yes,yes,primer
Funneliformis_coronatus_P2-bc1004-402-s300_STFP_ASV2200,Funneliformis_coronatum_P2-bc1004-402-s300_STFP_ASV2200_CCAMF,Funneliformis,coronatum,P2-bc1004-402-s300,STFP,CCAMF,ASV2200,Fungi,Mucoromycota,Glomeromycetes,Glomerales,Glomeraceae,Glomus,VTX00265,0.9,Fungi,Glomeromycota,Glomeromycetes,Glomerales,Glomeraceae,Funneliformis,NA,0.9,Highly|_Probable,arbuscular_mycorrhizal,root-associated,Glomeromycota,Septoglomeraceae,Funneliformis,yes,yes,yes,primer
Funneliformis_coronatus_P2-bc1004-402-s439_STFP_ASV2201,Funneliformis_coronatum_P2-bc1004-402-s439_STFP_ASV2201_CCAMF,Funneliformis,coronatum,P2-bc1004-402-s439,STFP,CCAMF,ASV2201,Fungi,Mucoromycota,Glomeromycetes,Glomerales,Glomeraceae,Glomus,VTX00265,0.9,Fungi,Glomeromycota,Glomeromycetes,Glomerales,Glomeraceae,Funneliformis,NA,1,Highly|_Probable,arbuscular_mycorrhizal,root-associated,Glomeromycota,Septoglomeraceae,Funneliformis,yes,yes,yes,primer
Funneliformis_coronatus_P2-bc1005-405-s1117_STFP_ASV2186,Funneliformis_coronatum_P2-bc1005-405-s1117_STFP_ASV2186_CCAMF,Funneliformis,coronatum,P2-bc1005-405-s1117,STFP,CCAMF,ASV2186,Fungi,Mucoromycota,Glomeromycetes,Glomerales,Glomeraceae,Glomus,VTX00265,0.9,Fungi,Glomeromycota,Glomeromycetes,Glomerales,Glomeraceae,Funneliformis,NA,0.9,Highly|_Probable,arbuscular_mycorrhizal,root-associated,Glomeromycota,Septoglomeraceae,Funneliformis,yes,yes,yes,primer
Funneliformis_coronatus_P2-bc1005-405-s1335_STFP_ASV2185,Funneliformis_coronatum_P2-bc1005-405-s1335_STFP_ASV2185_CCAMF,Funneliformis,coronatum,P2-bc1005-405-s1335,STFP,CCAMF,ASV2185,Fungi,Mucoromycota,Glomeromycetes,Glomerales,Glomeraceae,Glomus,VTX00265,0.9,Fungi,Glomeromycota,Glomeromycetes,Glomerales,Glomeraceae,Funneliformis,NA,1,Highly|_Probable,arbuscular_mycorrhizal,root-associated,Glomeromycota,Septoglomeraceae,Funneliformis,yes,yes,yes,primer
Funneliformis_coronatus_P2-bc1005-405-s1546_STFP_ASV2183,Funneliformis_coronatum_P2-bc1005-405-s1546_STFP_ASV2183_CCAMF,Funneliformis,coronatum,P2-bc1005-405-s1546,STFP,CCAMF,ASV2183,Fungi,Mucoromycota,Glomeromycetes,Glomerales,Glomeraceae,Glomus,VTX00265,0.9,Fungi,Glomeromycota,Glomeromycetes,Glomerales,Glomeraceae,Funneliformis,NA,1,Highly|_Probable,arbuscular_mycorrhizal,root-associated,Glomeromycota,Septoglomeraceae,Funneliformis,yes,yes,yes,primer
Funneliformis_coronatus_P2-bc1005-405-s176_STFP_ASV2184,Funneliformis_coronatum_P2-bc1005-405-s176_STFP_ASV2184_CCAMF,Funneliformis,coronatum,P2-bc1005-405-s176,STFP,CCAMF,ASV2184,Fungi,Mucoromycota,Glomeromycetes,Glomerales,Glomeraceae,Glomus,VTX00265,0.9,Fungi,Glomeromycota,Glomeromycetes,Glomerales,Glomeraceae,Funneliformis,NA,1,Highly|_Probable,arbuscular_mycorrhizal,root-associated,Glomeromycota,Septoglomeraceae,Funneliformis,yes,yes,yes,primer
Funneliformis_coronatus_P2-bc1005-405-s181_STFP_ASV2187,Funneliformis_coronatum_P2-bc1005-405-s181_STFP_ASV2187_CCAMF,Funneliformis,coronatum,P2-bc1005-405-s181,STFP,CCAMF,ASV2187,Fungi,Mucoromycota,Glomeromycetes,Glomerales,Glomeraceae,Glomus,VTX00265,0.9,Fungi,Glomeromycota,Glomeromycetes,Glomerales,Glomeraceae,Funneliformis,NA,1,Highly|_Probable,arbuscular_mycorrhizal,root-associated,Glomeromycota,Septoglomeraceae,Funneliformis,yes,yes,yes,primer
Funneliformis_coronatus_P2-bc1005-405-s195_STFP_ASV2188,Funneliformis_coronatum_P2-bc1005-405-s195_STFP_ASV2188_CCAMF,Funneliformis,coronatum,P2-bc1005-405-s195,STFP,CCAMF,ASV2188,Fungi,Mucoromycota,Glomeromycetes,Glomerales,Glomeraceae,Glomus,VTX00265,0.9,Fungi,Glomeromycota,Glomeromycetes,Glomerales,Glomeraceae,Funneliformis,NA,1,Highly|_Probable,arbuscular_mycorrhizal,root-associated,Glomeromycota,Septoglomeraceae,Funneliformis,yes,yes,yes,primer
Funneliformis_coronatus_P2-bc1005-405-s794_STFP_ASV2189,Funneliformis_coronatum_P2-bc1005-405-s794_STFP_ASV2189_CCAMF,Funneliformis,coronatum,P2-bc1005-405-s794,STFP,CCAMF,ASV2189,Fungi,Mucoromycota,Glomeromycetes,Glomerales,Glomeraceae,Glomus,VTX00265,0.9,Fungi,Glomeromycota,Glomeromycetes,Glomerales,Glomeraceae,Funneliformis,NA,1,Highly|_Probable,arbuscular_mycorrhizal,root-associated,Glomeromycota,Septoglomeraceae,Funneliformis,yes,yes,yes,primer
Gigaspora_rosea_P2-bc1006-407-s1076_STFP_ASV2632,Gigaspora_rosea_P2-bc1006-407-s1076_STFP_ASV2632_CCAMF,Gigaspora,rosea,P2-bc1006-407-s1076,STFP,CCAMF,ASV2632,Fungi,Mucoromycota,Glomeromycetes,Diversisporales,Gigasporaceae,Gigaspora,VTX00039,1,Fungi,Glomeromycota,Glomeromycetes,Gigasporales,Gigasporaceae,Gigaspora,NA,1,Highly|_Probable,arbuscular_mycorrhizal,root-associated,Glomeromycota,Gigasporaceae,Gigaspora,yes,yes,yes,primer
Gigaspora_rosea_P2-bc1006-407-s381_STFP_ASV2641,Gigaspora_rosea_P2-bc1006-407-s381_STFP_ASV2641_CCAMF,Gigaspora,rosea,P2-bc1006-407-s381,STFP,CCAMF,ASV2641,Fungi,Mucoromycota,Glomeromycetes,Diversisporales,Gigasporaceae,Gigaspora,VTX00039,1,Fungi,Glomeromycota,Glomeromycetes,Gigasporales,Gigasporaceae,Gigaspora,NA,1,Highly|_Probable,arbuscular_mycorrhizal,root-associated,Glomeromycota,Gigasporaceae,Gigaspora,yes,yes,yes,primer
Gigaspora_rosea_P2-bc1006-407-s54_STFP_ASV2635,Gigaspora_rosea_P2-bc1006-407-s54_STFP_ASV2635_CCAMF,Gigaspora,rosea,P2-bc1006-407-s54,STFP,CCAMF,ASV2635,Fungi,Mucoromycota,Glomeromycetes,Diversisporales,Gigasporaceae,Gigaspora,VTX00039,1,Fungi,Glomeromycota,Glomeromycetes,Gigasporales,Gigasporaceae,Gigaspora,NA,1,Highly|_Probable,arbuscular_mycorrhizal,root-associated,Glomeromycota,Gigasporaceae,Gigaspora,yes,yes,yes,primer
Gigaspora_rosea_P2-bc1006-407-s66_STFP_ASV2633,Gigaspora_rosea_P2-bc1006-407-s66_STFP_ASV2633_CCAMF,Gigaspora,rosea,P2-bc1006-407-s66,STFP,CCAMF,ASV2633,Fungi,Mucoromycota,Glomeromycetes,Diversisporales,Gigasporaceae,Gigaspora,VTX00039,1,Fungi,Glomeromycota,Glomeromycetes,Gigasporales,Gigasporaceae,Gigaspora,NA,1,Highly|_Probable,arbuscular_mycorrhizal,root-associated,Glomeromycota,Gigasporaceae,Gigaspora,yes,yes,yes,primer
Gigaspora_rosea_P2-bc1006-407-s920_STFP_ASV2636,Gigaspora_rosea_P2-bc1006-407-s920_STFP_ASV2636_CCAMF,Gigaspora,rosea,P2-bc1006-407-s920,STFP,CCAMF,ASV2636,Fungi,Mucoromycota,Glomeromycetes,Diversisporales,Gigasporaceae,Gigaspora,VTX00039,1,Fungi,Glomeromycota,Glomeromycetes,Gigasporales,Gigasporaceae,Gigaspora,NA,1,Highly|_Probable,arbuscular_mycorrhizal,root-associated,Glomeromycota,Gigasporaceae,Gigaspora,yes,yes,yes,primer
Gigaspora_rosea_P2-bc1006-407-s939_STFP_ASV2634,Gigaspora_rosea_P2-bc1006-407-s939_STFP_ASV2634_CCAMF,Gigaspora,rosea,P2-bc1006-407-s939,STFP,CCAMF,ASV2634,Fungi,Mucoromycota,Glomeromycetes,Diversisporales,Gigasporaceae,Gigaspora,VTX00039,1,Fungi,Glomeromycota,Glomeromycetes,Gigasporales,Gigasporaceae,Gigaspora,NA,1,Highly|_Probable,arbuscular_mycorrhizal,root-associated,Glomeromycota,Gigasporaceae,Gigaspora,yes,yes,yes,primer
Funneliformis_coronatus_P2-bc1007-408-s13291_STFP_ASV2190,Funneliformis_coronatum_P2-bc1007-408-s13291_STFP_ASV2190_CCAMF,Funneliformis,coronatum,P2-bc1007-408-s13291,STFP,CCAMF,ASV2190,Fungi,Mucoromycota,Glomeromycetes,Glomerales,Glomeraceae,Glomus,VTX00265,0.9,Fungi,Glomeromycota,Glomeromycetes,Glomerales,Glomeraceae,Funneliformis,NA,1,Highly|_Probable,arbuscular_mycorrhizal,root-associated,Glomeromycota,Septoglomeraceae,Funneliformis,yes,yes,yes,primer
Funneliformis_coronatus_P2-bc1007-408-s3658_STFP_ASV2191,Funneliformis_coronatum_P2-bc1007-408-s3658_STFP_ASV2191_CCAMF,Funneliformis,coronatum,P2-bc1007-408-s3658,STFP,CCAMF,ASV2191,Fungi,Mucoromycota,Glomeromycetes,Glomerales,Glomeraceae,Glomus,VTX00265,0.9,Fungi,Glomeromycota,Glomeromycetes,Glomerales,Glomeraceae,Funneliformis,NA,1,Highly|_Probable,arbuscular_mycorrhizal,root-associated,Glomeromycota,Septoglomeraceae,Funneliformis,yes,yes,yes,primer
Funneliformis_coronatus_P2-bc1007-408-s401_STFP_ASV2193,Funneliformis_coronatum_P2-bc1007-408-s401_STFP_ASV2193_CCAMF,Funneliformis,coronatum,P2-bc1007-408-s401,STFP,CCAMF,ASV2193,Fungi,Mucoromycota,Glomeromycetes,Glomerales,Glomeraceae,Glomus,VTX00265,0.9,Fungi,Glomeromycota,Glomeromycetes,Glomerales,Glomeraceae,Funneliformis,NA,1,Highly|_Probable,arbuscular_mycorrhizal,root-associated,Glomeromycota,Septoglomeraceae,Funneliformis,yes,yes,yes,primer
Funneliformis_coronatus_P2-bc1007-408-s524_STFP_ASV2192,Funneliformis_coronatum_P2-bc1007-408-s524_STFP_ASV2192_CCAMF,Funneliformis,coronatum,P2-bc1007-408-s524,STFP,CCAMF,ASV2192,Fungi,Mucoromycota,Glomeromycetes,Glomerales,Glomeraceae,Glomus,VTX00265,0.9,Fungi,Glomeromycota,Glomeromycetes,Glomerales,Glomeraceae,Funneliformis,NA,1,Highly|_Probable,arbuscular_mycorrhizal,root-associated,Glomeromycota,Septoglomeraceae,Funneliformis,yes,yes,yes,primer
Cetraspora_gilmorei_P2-bc1009-172-s173_STFP_ASV2002,Cetraspora_gilmorei_P2-bc1009-172-s173_STFP_ASV2002_CCAMF,Cetraspora,gilmorei,P2-bc1009-172-s173,STFP,CCAMF,ASV2002,Fungi,Mucoromycota,Glomeromycetes,Diversisporales,Gigasporaceae,Scutellospora,VTX00041,0.8,Fungi,Glomeromycota,Glomeromycetes,Gigasporales,Racocetraceae,Cetraspora,NA,0.9,Highly|_Probable,arbuscular_mycorrhizal,root-associated,Glomeromycota,Gigasporaceae,Cetraspora,yes,yes,yes,primer
Cetraspora_gilmorei_P2-bc1009-172-s174_STFP_ASV2078,Cetraspora_gilmorei_P2-bc1009-172-s174_STFP_ASV2078_CCAMF,Cetraspora,gilmorei,P2-bc1009-172-s174,STFP,CCAMF,ASV2078,Fungi,Mucoromycota,Glomeromycetes,Diversisporales,Gigasporaceae,Scutellospora,VTX00041,0.8,Fungi,Glomeromycota,Glomeromycetes,Gigasporales,Racocetraceae,Cetraspora,NA,1,Highly|_Probable,arbuscular_mycorrhizal,root-associated,Glomeromycota,Gigasporaceae,Cetraspora,yes,yes,yes,primer
Cetraspora_gilmorei_P2-bc1009-172-s242_STFP_ASV2066,Cetraspora_gilmorei_P2-bc1009-172-s242_STFP_ASV2066_CCAMF,Cetraspora,gilmorei,P2-bc1009-172-s242,STFP,CCAMF,ASV2066,Fungi,Mucoromycota,Glomeromycetes,Diversisporales,Gigasporaceae,Scutellospora,VTX00041,0.8,Fungi,Glomeromycota,Glomeromycetes,Gigasporales,Racocetraceae,Cetraspora,NA,1,Highly|_Probable,arbuscular_mycorrhizal,root-associated,Glomeromycota,Gigasporaceae,Cetraspora,yes,yes,yes,primer
Cetraspora_gilmorei_P2-bc1009-172-s381_STFP_ASV2043,Cetraspora_gilmorei_P2-bc1009-172-s381_STFP_ASV2043_CCAMF,Cetraspora,gilmorei,P2-bc1009-172-s381,STFP,CCAMF,ASV2043,Fungi,Mucoromycota,Glomeromycetes,Diversisporales,Gigasporaceae,Scutellospora,VTX00041,0.8,Fungi,Glomeromycota,Glomeromycetes,Gigasporales,Racocetraceae,Cetraspora,NA,1,Highly|_Probable,arbuscular_mycorrhizal,root-associated,Glomeromycota,Gigasporaceae,Cetraspora,yes,yes,yes,primer
Cetraspora_gilmorei_P2-bc1009-172-s392_STFP_ASV2055,Cetraspora_gilmorei_P2-bc1009-172-s392_STFP_ASV2055_CCAMF,Cetraspora,gilmorei,P2-bc1009-172-s392,STFP,CCAMF,ASV2055,Fungi,Mucoromycota,Glomeromycetes,Diversisporales,Gigasporaceae,Scutellospora,VTX00041,0.8,Fungi,Glomeromycota,Glomeromycetes,Gigasporales,Racocetraceae,Cetraspora,NA,0.9,Highly|_Probable,arbuscular_mycorrhizal,root-associated,Glomeromycota,Gigasporaceae,Cetraspora,yes,yes,yes,primer
Cetraspora_gilmorei_P2-bc1009-172-s509_STFP_ASV2089,Cetraspora_gilmorei_P2-bc1009-172-s509_STFP_ASV2089_CCAMF,Cetraspora,gilmorei,P2-bc1009-172-s509,STFP,CCAMF,ASV2089,Fungi,Mucoromycota,Glomeromycetes,Diversisporales,Gigasporaceae,Scutellospora,VTX00041,0.8,Fungi,Glomeromycota,Glomeromycetes,Gigasporales,Racocetraceae,Cetraspora,NA,0.9,Highly|_Probable,arbuscular_mycorrhizal,root-associated,Glomeromycota,Gigasporaceae,Cetraspora,yes,yes,yes,primer
Cetraspora_gilmorei_P2-bc1009-172-s749_STFP_ASV2075,Cetraspora_gilmorei_P2-bc1009-172-s749_STFP_ASV2075_CCAMF,Cetraspora,gilmorei,P2-bc1009-172-s749,STFP,CCAMF,ASV2075,Fungi,Mucoromycota,Glomeromycetes,Diversisporales,Gigasporaceae,Scutellospora,VTX00041,0.8,Fungi,Glomeromycota,Glomeromycetes,Gigasporales,Racocetraceae,Cetraspora,NA,0.9,Highly|_Probable,arbuscular_mycorrhizal,root-associated,Glomeromycota,Gigasporaceae,Cetraspora,yes,yes,yes,primer
Cetraspora_gilmorei_P2-bc1009-172-s952_STFP_ASV2033,Cetraspora_gilmorei_P2-bc1009-172-s952_STFP_ASV2033_CCAMF,Cetraspora,gilmorei,P2-bc1009-172-s952,STFP,CCAMF,ASV2033,Fungi,Mucoromycota,Glomeromycetes,Diversisporales,Gigasporaceae,Scutellospora,VTX00041,0.8,Fungi,Glomeromycota,Glomeromycetes,Gigasporales,Racocetraceae,Cetraspora,NA,0.9,Highly|_Probable,arbuscular_mycorrhizal,root-associated,Glomeromycota,Gigasporaceae,Cetraspora,yes,yes,yes,primer
Funneliformis_mosseae_P2-bc1010-180-s101_STFP_ASV2236,Funneliformis_mosseae_P2-bc1010-180-s101_STFP_ASV2236_CCAMF,Funneliformis,mosseae,P2-bc1010-180-s101,STFP,CCAMF,ASV2236,Fungi,Mucoromycota,Glomeromycetes,Glomerales,Glomeraceae,Glomus,VTX00067,1,Fungi,Glomeromycota,Glomeromycetes,Glomerales,Glomeraceae,Funneliformis,NA,0.9,Highly|_Probable,arbuscular_mycorrhizal,root-associated,Glomeromycota,Septoglomeraceae,Funneliformis,yes,yes,yes,primer
Funneliformis_mosseae_P2-bc1010-180-s103_STFP_ASV2253,Funneliformis_mosseae_P2-bc1010-180-s103_STFP_ASV2253_CCAMF,Funneliformis,mosseae,P2-bc1010-180-s103,STFP,CCAMF,ASV2253,Fungi,Mucoromycota,Glomeromycetes,Glomerales,Glomeraceae,Glomus,VTX00067,1,Fungi,Glomeromycota,Glomeromycetes,Glomerales,Glomeraceae,Funneliformis,NA,0.9,Highly|_Probable,arbuscular_mycorrhizal,root-associated,Glomeromycota,Septoglomeraceae,Funneliformis,yes,yes,yes,primer
Funneliformis_mosseae_P2-bc1010-180-s126_STFP_ASV2210,Funneliformis_mosseae_P2-bc1010-180-s126_STFP_ASV2210_CCAMF,Funneliformis,mosseae,P2-bc1010-180-s126,STFP,CCAMF,ASV2210,Fungi,Mucoromycota,Glomeromycetes,Glomerales,Glomeraceae,Glomus,VTX00067,1,Fungi,Glomeromycota,Glomeromycetes,Glomerales,Glomeraceae,Funneliformis,NA,0.9,Highly|_Probable,arbuscular_mycorrhizal,root-associated,Glomeromycota,Septoglomeraceae,Funneliformis,yes,yes,yes,primer
Funneliformis_mosseae_P2-bc1010-180-s146_STFP_ASV2215,Funneliformis_mosseae_P2-bc1010-180-s146_STFP_ASV2215_CCAMF,Funneliformis,mosseae,P2-bc1010-180-s146,STFP,CCAMF,ASV2215,Fungi,Mucoromycota,Glomeromycetes,Glomerales,Glomeraceae,Glomus,VTX00067,1,Fungi,Glomeromycota,Glomeromycetes,Glomerales,Glomeraceae,Funneliformis,NA,0.9,Highly|_Probable,arbuscular_mycorrhizal,root-associated,Glomeromycota,Septoglomeraceae,Funneliformis,yes,yes,yes,primer
Funneliformis_mosseae_P2-bc1010-180-s445_STFP_ASV2214,Funneliformis_mosseae_P2-bc1010-180-s445_STFP_ASV2214_CCAMF,Funneliformis,mosseae,P2-bc1010-180-s445,STFP,CCAMF,ASV2214,Fungi,Mucoromycota,Glomeromycetes,Glomerales,Glomeraceae,Glomus,VTX00067,1,Fungi,Glomeromycota,Glomeromycetes,Glomerales,Glomeraceae,Funneliformis,NA,0.9,Highly|_Probable,arbuscular_mycorrhizal,root-associated,Glomeromycota,Septoglomeraceae,Funneliformis,yes,yes,yes,primer
Funneliformis_mosseae_P2-bc1012-306-s1320_STFP_ASV2229,Funneliformis_mosseae_P2-bc1012-306-s1320_STFP_ASV2229_CCAMF,Funneliformis,mosseae,P2-bc1012-306-s1320,STFP,CCAMF,ASV2229,Fungi,Mucoromycota,Glomeromycetes,Glomerales,Glomeraceae,Glomus,VTX00067,1,Fungi,Glomeromycota,Glomeromycetes,Glomerales,Glomeraceae,Funneliformis,NA,0.9,Highly|_Probable,arbuscular_mycorrhizal,root-associated,Glomeromycota,Septoglomeraceae,Funneliformis,yes,yes,yes,primer
Funneliformis_mosseae_P2-bc1012-306-s373_STFP_ASV2232,Funneliformis_mosseae_P2-bc1012-306-s373_STFP_ASV2232_CCAMF,Funneliformis,mosseae,P2-bc1012-306-s373,STFP,CCAMF,ASV2232,Fungi,Mucoromycota,Glomeromycetes,Glomerales,Glomeraceae,Glomus,VTX00067,1,Fungi,Glomeromycota,Glomeromycetes,Glomerales,Glomeraceae,Funneliformis,NA,0.9,Highly|_Probable,arbuscular_mycorrhizal,root-associated,Glomeromycota,Septoglomeraceae,Funneliformis,yes,yes,yes,primer
Funneliformis_mosseae_P2-bc1012-306-s411_STFP_ASV2073,Funneliformis_mosseae_P2-bc1012-306-s411_STFP_ASV2073_CCAMF,Funneliformis,mosseae,P2-bc1012-306-s411,STFP,CCAMF,ASV2073,Fungi,Mucoromycota,Glomeromycetes,Glomerales,Glomeraceae,Glomus,VTX00067,1,Fungi,Glomeromycota,Glomeromycetes,Glomerales,Glomeraceae,Funneliformis,NA,0.9,Highly|_Probable,arbuscular_mycorrhizal,root-associated,Glomeromycota,Septoglomeraceae,Funneliformis,yes,yes,yes,primer
Funneliformis_mosseae_P2-bc1012-306-s445_STFP_ASV2223,Funneliformis_mosseae_P2-bc1012-306-s445_STFP_ASV2223_CCAMF,Funneliformis,mosseae,P2-bc1012-306-s445,STFP,CCAMF,ASV2223,Fungi,Mucoromycota,Glomeromycetes,Glomerales,Glomeraceae,Glomus,VTX00067,1,Fungi,Glomeromycota,Glomeromycetes,Glomerales,Glomeraceae,Funneliformis,NA,0.9,Highly|_Probable,arbuscular_mycorrhizal,root-associated,Glomeromycota,Septoglomeraceae,Funneliformis,yes,yes,yes,primer
Funneliformis_mosseae_P2-bc1012-306-s502_STFP_ASV2031,Funneliformis_mosseae_P2-bc1012-306-s502_STFP_ASV2031_CCAMF,Funneliformis,mosseae,P2-bc1012-306-s502,STFP,CCAMF,ASV2031,Fungi,Mucoromycota,Glomeromycetes,Glomerales,Glomeraceae,Glomus,VTX00067,1,Fungi,Glomeromycota,Glomeromycetes,Glomerales,Glomeraceae,Funneliformis,NA,0.9,Highly|_Probable,arbuscular_mycorrhizal,root-associated,Glomeromycota,Septoglomeraceae,Funneliformis,yes,yes,yes,primer
Funneliformis_mosseae_P2-bc1012-306-s7626_STFP_ASV2228,Funneliformis_mosseae_P2-bc1012-306-s7626_STFP_ASV2228_CCAMF,Funneliformis,mosseae,P2-bc1012-306-s7626,STFP,CCAMF,ASV2228,Fungi,Mucoromycota,Glomeromycetes,Glomerales,Glomeraceae,Glomus,VTX00067,1,Fungi,Glomeromycota,Glomeromycetes,Glomerales,Glomeraceae,Funneliformis,NA,0.9,Highly|_Probable,arbuscular_mycorrhizal,root-associated,Glomeromycota,Septoglomeraceae,Funneliformis,yes,yes,yes,primer
Funneliformis_mosseae_P2-bc1012-306-s899_STFP_ASV2231,Funneliformis_mosseae_P2-bc1012-306-s899_STFP_ASV2231_CCAMF,Funneliformis,mosseae,P2-bc1012-306-s899,STFP,CCAMF,ASV2231,Fungi,Mucoromycota,Glomeromycetes,Glomerales,Glomeraceae,Glomus,VTX00067,1,Fungi,Glomeromycota,Glomeromycetes,Glomerales,Glomeraceae,Funneliformis,NA,0.9,Highly|_Probable,arbuscular_mycorrhizal,root-associated,Glomeromycota,Septoglomeraceae,Funneliformis,yes,yes,yes,primer
Rhizophagus_irregularis_P2-bc1026-SPU4-59-GC-2-IVT11-s1181_STFI_ASV2030,Rhizophagus_irregularis_P2-bc1026-SPU4-59-GC-2-IVT11-s1181_STFI_ASV2030_CCAMF,Rhizophagus,irregularis,P2-bc1026-SPU4-59-GC-2-IVT11-s1181,STFI,CCAMF,ASV2030,Fungi,Mucoromycota,Glomeromycetes,Glomerales,Glomeraceae,Glomus,VTX00114,0.8,Fungi,Glomeromycota,Glomeromycetes,Glomerales,Glomeraceae,NA,NA,0.7,Highly|_Probable,NA,NA,Glomeromycota,Sclerocystaceae_Kamienskiaceae,Rhizophagus,yes,yes,yes,primer
Rhizophagus_irregularis_P2-bc1026-SPU4-59-GC-2-IVT11-s2634_STFI_ASV2103,Rhizophagus_irregularis_P2-bc1026-SPU4-59-GC-2-IVT11-s2634_STFI_ASV2103_CCAMF,Rhizophagus,irregularis,P2-bc1026-SPU4-59-GC-2-IVT11-s2634,STFI,CCAMF,ASV2103,Fungi,Mucoromycota,Glomeromycetes,Glomerales,Glomeraceae,Glomus,VTX00114,0.8,Fungi,Glomeromycota,Glomeromycetes,Glomerales,Glomeraceae,NA,NA,0.7,Highly|_Probable,NA,NA,Glomeromycota,Sclerocystaceae_Kamienskiaceae,Rhizophagus,yes,yes,yes,primer
Rhizophagus_irregularis_P2-bc1026-SPU4-59-GC-2-IVT11-s494_STFI_ASV2096,Rhizophagus_irregularis_P2-bc1026-SPU4-59-GC-2-IVT11-s494_STFI_ASV2096_CCAMF,Rhizophagus,irregularis,P2-bc1026-SPU4-59-GC-2-IVT11-s494,STFI,CCAMF,ASV2096,Fungi,Mucoromycota,Glomeromycetes,Glomerales,Glomeraceae,Glomus,VTX00114,0.8,Fungi,Glomeromycota,Glomeromycetes,Glomerales,Glomeraceae,Rhizophagus,irregularis,0.6,Highly|_Probable,arbuscular_mycorrhizal,root-associated,Glomeromycota,Sclerocystaceae_Kamienskiaceae,Rhizophagus,yes,yes,yes,primer
Rhizophagus_irregularis_P2-bc1026-SPU4-59-GC-2-IVT11-s703_STFI_ASV2000,Rhizophagus_irregularis_P2-bc1026-SPU4-59-GC-2-IVT11-s703_STFI_ASV2000_CCAMF,Rhizophagus,irregularis,P2-bc1026-SPU4-59-GC-2-IVT11-s703,STFI,CCAMF,ASV2000,Fungi,Mucoromycota,Glomeromycetes,Glomerales,Glomeraceae,Glomus,VTX00114,0.8,Fungi,Glomeromycota,Glomeromycetes,Glomerales,Glomeraceae,Rhizophagus,irregularis,0.7,Highly|_Probable,arbuscular_mycorrhizal,root-associated,Glomeromycota,Sclerocystaceae_Kamienskiaceae,Rhizophagus,yes,yes,yes,primer
Rhizophagus_irregularis_P2-bc1026-SPU4-59-GC-2-IVT11-s894_STFI_ASV2047,Rhizophagus_irregularis_P2-bc1026-SPU4-59-GC-2-IVT11-s894_STFI_ASV2047_CCAMF,Rhizophagus,irregularis,P2-bc1026-SPU4-59-GC-2-IVT11-s894,STFI,CCAMF,ASV2047,Fungi,Mucoromycota,Glomeromycetes,Glomerales,Glomeraceae,Glomus,VTX00114,0.8,Fungi,Glomeromycota,Glomeromycetes,Glomerales,Glomeraceae,NA,NA,0.7,Highly|_Probable,NA,NA,Glomeromycota,Sclerocystaceae_Kamienskiaceae,Rhizophagus,yes,yes,yes,primer
Rhizophagus_irregularis_P2-bc1027-SPU4-60-GC-2-IVT11-s1137_STFI_ASV2030,Rhizophagus_irregularis_P2-bc1027-SPU4-60-GC-2-IVT11-s1137_STFI_ASV2030_CCAMF,Rhizophagus,irregularis,P2-bc1027-SPU4-60-GC-2-IVT11-s1137,STFI,CCAMF,ASV2030,Fungi,Mucoromycota,Glomeromycetes,Glomerales,Glomeraceae,Glomus,VTX00114,0.8,Fungi,Glomeromycota,Glomeromycetes,Glomerales,Glomeraceae,NA,NA,0.7,Highly|_Probable,NA,NA,Glomeromycota,Sclerocystaceae_Kamienskiaceae,Rhizophagus,yes,yes,yes,primer
Rhizophagus_irregularis_P2-bc1027-SPU4-60-GC-2-IVT11-s2097_STFI_ASV2103,Rhizophagus_irregularis_P2-bc1027-SPU4-60-GC-2-IVT11-s2097_STFI_ASV2103_CCAMF,Rhizophagus,irregularis,P2-bc1027-SPU4-60-GC-2-IVT11-s2097,STFI,CCAMF,ASV2103,Fungi,Mucoromycota,Glomeromycetes,Glomerales,Glomeraceae,Glomus,VTX00114,0.8,Fungi,Glomeromycota,Glomeromycetes,Glomerales,Glomeraceae,NA,NA,0.7,Highly|_Probable,NA,NA,Glomeromycota,Sclerocystaceae_Kamienskiaceae,Rhizophagus,yes,yes,yes,primer
Rhizophagus_irregularis_P2-bc1027-SPU4-60-GC-2-IVT11-s377_STFI_ASV2096,Rhizophagus_irregularis_P2-bc1027-SPU4-60-GC-2-IVT11-s377_STFI_ASV2096_CCAMF,Rhizophagus,irregularis,P2-bc1027-SPU4-60-GC-2-IVT11-s377,STFI,CCAMF,ASV2096,Fungi,Mucoromycota,Glomeromycetes,Glomerales,Glomeraceae,Glomus,VTX00114,0.8,Fungi,Glomeromycota,Glomeromycetes,Glomerales,Glomeraceae,Rhizophagus,irregularis,0.6,Highly|_Probable,arbuscular_mycorrhizal,root-associated,Glomeromycota,Sclerocystaceae_Kamienskiaceae,Rhizophagus,yes,yes,yes,primer
Rhizophagus_irregularis_P2-bc1027-SPU4-60-GC-2-IVT11-s596_STFI_ASV2047,Rhizophagus_irregularis_P2-bc1027-SPU4-60-GC-2-IVT11-s596_STFI_ASV2047_CCAMF,Rhizophagus,irregularis,P2-bc1027-SPU4-60-GC-2-IVT11-s596,STFI,CCAMF,ASV2047,Fungi,Mucoromycota,Glomeromycetes,Glomerales,Glomeraceae,Glomus,VTX00114,0.8,Fungi,Glomeromycota,Glomeromycetes,Glomerales,Glomeraceae,NA,NA,0.7,Highly|_Probable,NA,NA,Glomeromycota,Sclerocystaceae_Kamienskiaceae,Rhizophagus,yes,yes,yes,primer
Rhizophagus_irregularis_P2-bc1027-SPU4-60-GC-2-IVT11-s673_STFI_ASV2000,Rhizophagus_irregularis_P2-bc1027-SPU4-60-GC-2-IVT11-s673_STFI_ASV2000_CCAMF,Rhizophagus,irregularis,P2-bc1027-SPU4-60-GC-2-IVT11-s673,STFI,CCAMF,ASV2000,Fungi,Mucoromycota,Glomeromycetes,Glomerales,Glomeraceae,Glomus,VTX00114,0.8,Fungi,Glomeromycota,Glomeromycetes,Glomerales,Glomeraceae,Rhizophagus,irregularis,0.7,Highly|_Probable,arbuscular_mycorrhizal,root-associated,Glomeromycota,Sclerocystaceae_Kamienskiaceae,Rhizophagus,yes,yes,yes,primer
Funneliformis_mosseae_P2-bc1028-SPU4-89-FS-29-2726A-s1014_STFI_ASV2094,Funneliformis_mosseae_P2-bc1028-SPU4-89-FS-29-2726A-s1014_STFI_ASV2094_CCAMF,Funneliformis,mosseae,P2-bc1028-SPU4-89-FS-29-2726A-s1014,STFI,CCAMF,ASV2094,Fungi,Mucoromycota,Glomeromycetes,Glomerales,Glomeraceae,Glomus,VTX00067,1,Fungi,Glomeromycota,Glomeromycetes,Glomerales,Glomeraceae,Funneliformis,NA,0.9,Highly|_Probable,arbuscular_mycorrhizal,root-associated,Glomeromycota,Septoglomeraceae,Funneliformis,yes,yes,yes,primer
Funneliformis_mosseae_P2-bc1028-SPU4-89-FS-29-2726A-s163-1_STFI_ASV2091,Funneliformis_mosseae_P2-bc1028-SPU4-89-FS-29-2726A-s163-1_STFI_ASV2091_CCAMF,Funneliformis,mosseae,P2-bc1028-SPU4-89-FS-29-2726A-s163-1,STFI,CCAMF,ASV2091,Fungi,Mucoromycota,Glomeromycetes,Glomerales,Glomeraceae,Glomus,VTX00067,1,Fungi,Glomeromycota,Glomeromycetes,Glomerales,Glomeraceae,Funneliformis,NA,0.9,Highly|_Probable,arbuscular_mycorrhizal,root-associated,Glomeromycota,Septoglomeraceae,Funneliformis,yes,yes,yes,primer
Funneliformis_mosseae_P2-bc1028-SPU4-89-FS-29-2726A-s163-2_STFI_ASV2014,Funneliformis_mosseae_P2-bc1028-SPU4-89-FS-29-2726A-s163-2_STFI_ASV2014_CCAMF,Funneliformis,mosseae,P2-bc1028-SPU4-89-FS-29-2726A-s163-2,STFI,CCAMF,ASV2014,Fungi,Mucoromycota,Glomeromycetes,Glomerales,Glomeraceae,Glomus,VTX00067,1,Fungi,Glomeromycota,Glomeromycetes,Glomerales,Glomeraceae,Funneliformis,NA,0.9,Highly|_Probable,arbuscular_mycorrhizal,root-associated,Glomeromycota,Septoglomeraceae,Funneliformis,yes,yes,yes,primer
Funneliformis_mosseae_P2-bc1028-SPU4-89-FS-29-2726A-s183_STFI_ASV2153,Funneliformis_mosseae_P2-bc1028-SPU4-89-FS-29-2726A-s183_STFI_ASV2153_CCAMF,Funneliformis,mosseae,P2-bc1028-SPU4-89-FS-29-2726A-s183,STFI,CCAMF,ASV2153,Fungi,Mucoromycota,Glomeromycetes,Glomerales,Glomeraceae,Glomus,VTX00067,1,Fungi,Glomeromycota,Glomeromycetes,Glomerales,Glomeraceae,Funneliformis,NA,0.9,Highly|_Probable,arbuscular_mycorrhizal,root-associated,Glomeromycota,Septoglomeraceae,Funneliformis,yes,yes,yes,primer
Funneliformis_mosseae_P2-bc1028-SPU4-89-FS-29-2726A-s194_STFI_ASV2024,Funneliformis_mosseae_P2-bc1028-SPU4-89-FS-29-2726A-s194_STFI_ASV2024_CCAMF,Funneliformis,mosseae,P2-bc1028-SPU4-89-FS-29-2726A-s194,STFI,CCAMF,ASV2024,Fungi,Mucoromycota,Glomeromycetes,Glomerales,Glomeraceae,Glomus,VTX00067,1,Fungi,Glomeromycota,Glomeromycetes,Glomerales,Glomeraceae,Funneliformis,NA,0.9,Highly|_Probable,arbuscular_mycorrhizal,root-associated,Glomeromycota,Septoglomeraceae,Funneliformis,yes,yes,yes,primer
Funneliformis_mosseae_P2-bc1028-SPU4-89-FS-29-2726A-s205_STFI_ASV2027,Funneliformis_mosseae_P2-bc1028-SPU4-89-FS-29-2726A-s205_STFI_ASV2027_CCAMF,Funneliformis,mosseae,P2-bc1028-SPU4-89-FS-29-2726A-s205,STFI,CCAMF,ASV2027,Fungi,Mucoromycota,Glomeromycetes,Glomerales,Glomeraceae,Glomus,VTX00067,1,Fungi,Glomeromycota,Glomeromycetes,Glomerales,Glomeraceae,Funneliformis,NA,0.9,Highly|_Probable,arbuscular_mycorrhizal,root-associated,Glomeromycota,Septoglomeraceae,Funneliformis,yes,yes,yes,primer
Funneliformis_mosseae_P2-bc1028-SPU4-89-FS-29-2726A-s281_STFI_ASV2059,Funneliformis_mosseae_P2-bc1028-SPU4-89-FS-29-2726A-s281_STFI_ASV2059_CCAMF,Funneliformis,mosseae,P2-bc1028-SPU4-89-FS-29-2726A-s281,STFI,CCAMF,ASV2059,Fungi,Mucoromycota,Glomeromycetes,Glomerales,Glomeraceae,Glomus,VTX00067,1,Fungi,Glomeromycota,Glomeromycetes,Glomerales,Glomeraceae,Funneliformis,NA,0.9,Highly|_Probable,arbuscular_mycorrhizal,root-associated,Glomeromycota,Septoglomeraceae,Funneliformis,yes,yes,yes,primer
Funneliformis_mosseae_P2-bc1028-SPU4-89-FS-29-2726A-s323_STFI_ASV2020,Funneliformis_mosseae_P2-bc1028-SPU4-89-FS-29-2726A-s323_STFI_ASV2020_CCAMF,Funneliformis,mosseae,P2-bc1028-SPU4-89-FS-29-2726A-s323,STFI,CCAMF,ASV2020,Fungi,Mucoromycota,Glomeromycetes,Glomerales,Glomeraceae,Glomus,VTX00067,1,Fungi,Glomeromycota,Glomeromycetes,Glomerales,Glomeraceae,Funneliformis,NA,0.9,Highly|_Probable,arbuscular_mycorrhizal,root-associated,Glomeromycota,Septoglomeraceae,Funneliformis,yes,yes,yes,primer
Funneliformis_mosseae_P2-bc1028-SPU4-89-FS-29-2726A-s351_STFI_ASV2029,Funneliformis_mosseae_P2-bc1028-SPU4-89-FS-29-2726A-s351_STFI_ASV2029_CCAMF,Funneliformis,mosseae,P2-bc1028-SPU4-89-FS-29-2726A-s351,STFI,CCAMF,ASV2029,Fungi,Mucoromycota,Glomeromycetes,Glomerales,Glomeraceae,Glomus,VTX00067,1,Fungi,Glomeromycota,Glomeromycetes,Glomerales,Glomeraceae,Funneliformis,mosseae,0.7,Highly|_Probable,arbuscular_mycorrhizal,root-associated,Glomeromycota,Septoglomeraceae,Funneliformis,yes,yes,yes,primer
Funneliformis_mosseae_P2-bc1028-SPU4-89-FS-29-2726A-s525_STFI_ASV2077,Funneliformis_mosseae_P2-bc1028-SPU4-89-FS-29-2726A-s525_STFI_ASV2077_CCAMF,Funneliformis,mosseae,P2-bc1028-SPU4-89-FS-29-2726A-s525,STFI,CCAMF,ASV2077,Fungi,Mucoromycota,Glomeromycetes,Glomerales,Glomeraceae,Glomus,VTX00067,1,Fungi,Glomeromycota,Glomeromycetes,Glomerales,Glomeraceae,Funneliformis,NA,0.9,Highly|_Probable,arbuscular_mycorrhizal,root-associated,Glomeromycota,Septoglomeraceae,Funneliformis,yes,yes,yes,primer
Funneliformis_mosseae_P2-bc1029-SPU4-92-FS-29-2726A-s1063_STFI_ASV2094,Funneliformis_mosseae_P2-bc1029-SPU4-92-FS-29-2726A-s1063_STFI_ASV2094_CCAMF,Funneliformis,mosseae,P2-bc1029-SPU4-92-FS-29-2726A-s1063,STFI,CCAMF,ASV2094,Fungi,Mucoromycota,Glomeromycetes,Glomerales,Glomeraceae,Glomus,VTX00067,1,Fungi,Glomeromycota,Glomeromycetes,Glomerales,Glomeraceae,Funneliformis,NA,0.9,Highly|_Probable,arbuscular_mycorrhizal,root-associated,Glomeromycota,Septoglomeraceae,Funneliformis,yes,yes,yes,primer
Funneliformis_mosseae_P2-bc1029-SPU4-92-FS-29-2726A-s151_STFI_ASV2091,Funneliformis_mosseae_P2-bc1029-SPU4-92-FS-29-2726A-s151_STFI_ASV2091_CCAMF,Funneliformis,mosseae,P2-bc1029-SPU4-92-FS-29-2726A-s151,STFI,CCAMF,ASV2091,Fungi,Mucoromycota,Glomeromycetes,Glomerales,Glomeraceae,Glomus,VTX00067,1,Fungi,Glomeromycota,Glomeromycetes,Glomerales,Glomeraceae,Funneliformis,NA,0.9,Highly|_Probable,arbuscular_mycorrhizal,root-associated,Glomeromycota,Septoglomeraceae,Funneliformis,yes,yes,yes,primer
Funneliformis_mosseae_P2-bc1029-SPU4-92-FS-29-2726A-s152_STFI_ASV2027,Funneliformis_mosseae_P2-bc1029-SPU4-92-FS-29-2726A-s152_STFI_ASV2027_CCAMF,Funneliformis,mosseae,P2-bc1029-SPU4-92-FS-29-2726A-s152,STFI,CCAMF,ASV2027,Fungi,Mucoromycota,Glomeromycetes,Glomerales,Glomeraceae,Glomus,VTX00067,1,Fungi,Glomeromycota,Glomeromycetes,Glomerales,Glomeraceae,Funneliformis,NA,0.9,Highly|_Probable,arbuscular_mycorrhizal,root-associated,Glomeromycota,Septoglomeraceae,Funneliformis,yes,yes,yes,primer
Funneliformis_mosseae_P2-bc1029-SPU4-92-FS-29-2726A-s165_STFI_ASV2152,Funneliformis_mosseae_P2-bc1029-SPU4-92-FS-29-2726A-s165_STFI_ASV2152_CCAMF,Funneliformis,mosseae,P2-bc1029-SPU4-92-FS-29-2726A-s165,STFI,CCAMF,ASV2152,Fungi,Mucoromycota,Glomeromycetes,Glomerales,Glomeraceae,Glomus,VTX00067,1,Fungi,Glomeromycota,Glomeromycetes,Glomerales,Glomeraceae,Funneliformis,mosseae,0.7,Highly|_Probable,arbuscular_mycorrhizal,root-associated,Glomeromycota,Septoglomeraceae,Funneliformis,yes,yes,yes,primer
Funneliformis_mosseae_P2-bc1029-SPU4-92-FS-29-2726A-s170_STFI_ASV2024,Funneliformis_mosseae_P2-bc1029-SPU4-92-FS-29-2726A-s170_STFI_ASV2024_CCAMF,Funneliformis,mosseae,P2-bc1029-SPU4-92-FS-29-2726A-s170,STFI,CCAMF,ASV2024,Fungi,Mucoromycota,Glomeromycetes,Glomerales,Glomeraceae,Glomus,VTX00067,1,Fungi,Glomeromycota,Glomeromycetes,Glomerales,Glomeraceae,Funneliformis,NA,0.9,Highly|_Probable,arbuscular_mycorrhizal,root-associated,Glomeromycota,Septoglomeraceae,Funneliformis,yes,yes,yes,primer
Funneliformis_mosseae_P2-bc1029-SPU4-92-FS-29-2726A-s181_STFI_ASV2151,Funneliformis_mosseae_P2-bc1029-SPU4-92-FS-29-2726A-s181_STFI_ASV2151_CCAMF,Funneliformis,mosseae,P2-bc1029-SPU4-92-FS-29-2726A-s181,STFI,CCAMF,ASV2151,Fungi,Mucoromycota,Glomeromycetes,Glomerales,Glomeraceae,Glomus,VTX00067,1,Fungi,Glomeromycota,Glomeromycetes,Glomerales,Glomeraceae,Funneliformis,NA,0.9,Highly|_Probable,arbuscular_mycorrhizal,root-associated,Glomeromycota,Septoglomeraceae,Funneliformis,yes,yes,yes,primer
Funneliformis_mosseae_P2-bc1029-SPU4-92-FS-29-2726A-s186_STFI_ASV2020,Funneliformis_mosseae_P2-bc1029-SPU4-92-FS-29-2726A-s186_STFI_ASV2020_CCAMF,Funneliformis,mosseae,P2-bc1029-SPU4-92-FS-29-2726A-s186,STFI,CCAMF,ASV2020,Fungi,Mucoromycota,Glomeromycetes,Glomerales,Glomeraceae,Glomus,VTX00067,1,Fungi,Glomeromycota,Glomeromycetes,Glomerales,Glomeraceae,Funneliformis,NA,0.9,Highly|_Probable,arbuscular_mycorrhizal,root-associated,Glomeromycota,Septoglomeraceae,Funneliformis,yes,yes,yes,primer
Funneliformis_mosseae_P2-bc1029-SPU4-92-FS-29-2726A-s259_STFI_ASV2059,Funneliformis_mosseae_P2-bc1029-SPU4-92-FS-29-2726A-s259_STFI_ASV2059_CCAMF,Funneliformis,mosseae,P2-bc1029-SPU4-92-FS-29-2726A-s259,STFI,CCAMF,ASV2059,Fungi,Mucoromycota,Glomeromycetes,Glomerales,Glomeraceae,Glomus,VTX00067,1,Fungi,Glomeromycota,Glomeromycetes,Glomerales,Glomeraceae,Funneliformis,NA,0.9,Highly|_Probable,arbuscular_mycorrhizal,root-associated,Glomeromycota,Septoglomeraceae,Funneliformis,yes,yes,yes,primer
Funneliformis_mosseae_P2-bc1029-SPU4-92-FS-29-2726A-s374_STFI_ASV2029,Funneliformis_mosseae_P2-bc1029-SPU4-92-FS-29-2726A-s374_STFI_ASV2029_CCAMF,Funneliformis,mosseae,P2-bc1029-SPU4-92-FS-29-2726A-s374,STFI,CCAMF,ASV2029,Fungi,Mucoromycota,Glomeromycetes,Glomerales,Glomeraceae,Glomus,VTX00067,1,Fungi,Glomeromycota,Glomeromycetes,Glomerales,Glomeraceae,Funneliformis,mosseae,0.7,Highly|_Probable,arbuscular_mycorrhizal,root-associated,Glomeromycota,Septoglomeraceae,Funneliformis,yes,yes,yes,primer
Funneliformis_mosseae_P2-bc1029-SPU4-92-FS-29-2726A-s381_STFI_ASV2077,Funneliformis_mosseae_P2-bc1029-SPU4-92-FS-29-2726A-s381_STFI_ASV2077_CCAMF,Funneliformis,mosseae,P2-bc1029-SPU4-92-FS-29-2726A-s381,STFI,CCAMF,ASV2077,Fungi,Mucoromycota,Glomeromycetes,Glomerales,Glomeraceae,Glomus,VTX00067,1,Fungi,Glomeromycota,Glomeromycetes,Glomerales,Glomeraceae,Funneliformis,NA,0.9,Highly|_Probable,arbuscular_mycorrhizal,root-associated,Glomeromycota,Septoglomeraceae,Funneliformis,yes,yes,yes,primer
Funneliformis_mosseae_P2-bc1030-SPU4-9-2231-1079F-s124_STFI_ASV2070,Funneliformis_mosseae_P2-bc1030-SPU4-9-2231-1079F-s124_STFI_ASV2070_CCAMF,Funneliformis,mosseae,P2-bc1030-SPU4-9-2231-1079F-s124,STFI,CCAMF,ASV2070,Fungi,Mucoromycota,Glomeromycetes,Glomerales,Glomeraceae,Glomus,VTX00067,1,Fungi,Glomeromycota,Glomeromycetes,Glomerales,Glomeraceae,Funneliformis,NA,0.9,Highly|_Probable,arbuscular_mycorrhizal,root-associated,Glomeromycota,Septoglomeraceae,Funneliformis,yes,yes,yes,primer
Funneliformis_mosseae_P2-bc1030-SPU4-9-2231-1079F-s132_STFI_ASV2014,Funneliformis_mosseae_P2-bc1030-SPU4-9-2231-1079F-s132_STFI_ASV2014_CCAMF,Funneliformis,mosseae,P2-bc1030-SPU4-9-2231-1079F-s132,STFI,CCAMF,ASV2014,Fungi,Mucoromycota,Glomeromycetes,Glomerales,Glomeraceae,Glomus,VTX00067,1,Fungi,Glomeromycota,Glomeromycetes,Glomerales,Glomeraceae,Funneliformis,NA,0.9,Highly|_Probable,arbuscular_mycorrhizal,root-associated,Glomeromycota,Septoglomeraceae,Funneliformis,yes,yes,yes,primer
Funneliformis_mosseae_P2-bc1030-SPU4-9-2231-1079F-s135_STFI_ASV2022,Funneliformis_mosseae_P2-bc1030-SPU4-9-2231-1079F-s135_STFI_ASV2022_CCAMF,Funneliformis,mosseae,P2-bc1030-SPU4-9-2231-1079F-s135,STFI,CCAMF,ASV2022,Fungi,Mucoromycota,Glomeromycetes,Glomerales,Glomeraceae,Glomus,VTX00067,1,Fungi,Glomeromycota,Glomeromycetes,Glomerales,Glomeraceae,Funneliformis,NA,0.9,Highly|_Probable,arbuscular_mycorrhizal,root-associated,Glomeromycota,Septoglomeraceae,Funneliformis,yes,yes,yes,primer
Funneliformis_mosseae_P2-bc1030-SPU4-9-2231-1079F-s177_STFI_ASV2062,Funneliformis_mosseae_P2-bc1030-SPU4-9-2231-1079F-s177_STFI_ASV2062_CCAMF,Funneliformis,mosseae,P2-bc1030-SPU4-9-2231-1079F-s177,STFI,CCAMF,ASV2062,Fungi,Mucoromycota,Glomeromycetes,Glomerales,Glomeraceae,Glomus,VTX00067,1,Fungi,Glomeromycota,Glomeromycetes,Glomerales,Glomeraceae,Funneliformis,mosseae,0.6,Highly|_Probable,arbuscular_mycorrhizal,root-associated,Glomeromycota,Septoglomeraceae,Funneliformis,yes,yes,yes,primer
Funneliformis_mosseae_P2-bc1030-SPU4-9-2231-1079F-s178_STFI_ASV2109,Funneliformis_mosseae_P2-bc1030-SPU4-9-2231-1079F-s178_STFI_ASV2109_CCAMF,Funneliformis,mosseae,P2-bc1030-SPU4-9-2231-1079F-s178,STFI,CCAMF,ASV2109,Fungi,Mucoromycota,Glomeromycetes,Glomerales,Glomeraceae,Glomus,VTX00067,1,Fungi,Glomeromycota,Glomeromycetes,Glomerales,Glomeraceae,Funneliformis,mosseae,0.6,Highly|_Probable,arbuscular_mycorrhizal,root-associated,Glomeromycota,Septoglomeraceae,Funneliformis,yes,yes,yes,primer
Funneliformis_mosseae_P2-bc1030-SPU4-9-2231-1079F-s214_STFI_ASV2149,Funneliformis_mosseae_P2-bc1030-SPU4-9-2231-1079F-s214_STFI_ASV2149_CCAMF,Funneliformis,mosseae,P2-bc1030-SPU4-9-2231-1079F-s214,STFI,CCAMF,ASV2149,Fungi,Mucoromycota,Glomeromycetes,Glomerales,Glomeraceae,Glomus,VTX00067,1,Fungi,Glomeromycota,Glomeromycetes,Glomerales,Glomeraceae,Funneliformis,NA,0.9,Highly|_Probable,arbuscular_mycorrhizal,root-associated,Glomeromycota,Septoglomeraceae,Funneliformis,yes,yes,yes,primer
Funneliformis_mosseae_P2-bc1030-SPU4-9-2231-1079F-s239_STFI_ASV2148,Funneliformis_mosseae_P2-bc1030-SPU4-9-2231-1079F-s239_STFI_ASV2148_CCAMF,Funneliformis,mosseae,P2-bc1030-SPU4-9-2231-1079F-s239,STFI,CCAMF,ASV2148,Fungi,Mucoromycota,Glomeromycetes,Glomerales,Glomeraceae,Glomus,VTX00067,1,Fungi,Glomeromycota,Glomeromycetes,Glomerales,Glomeraceae,Funneliformis,NA,0.9,Highly|_Probable,arbuscular_mycorrhizal,root-associated,Glomeromycota,Septoglomeraceae,Funneliformis,yes,yes,yes,primer
Funneliformis_mosseae_P2-bc1030-SPU4-9-2231-1079F-s446_STFI_ASV2007,Funneliformis_mosseae_P2-bc1030-SPU4-9-2231-1079F-s446_STFI_ASV2007_CCAMF,Funneliformis,mosseae,P2-bc1030-SPU4-9-2231-1079F-s446,STFI,CCAMF,ASV2007,Fungi,Mucoromycota,Glomeromycetes,Glomerales,Glomeraceae,Glomus,VTX00067,1,Fungi,Glomeromycota,Glomeromycetes,Glomerales,Glomeraceae,Funneliformis,mosseae,0.7,Highly|_Probable,arbuscular_mycorrhizal,root-associated,Glomeromycota,Septoglomeraceae,Funneliformis,yes,yes,yes,primer
Funneliformis_mosseae_P2-bc1030-SPU4-9-2231-1079F-s522_STFI_ASV2106,Funneliformis_mosseae_P2-bc1030-SPU4-9-2231-1079F-s522_STFI_ASV2106_CCAMF,Funneliformis,mosseae,P2-bc1030-SPU4-9-2231-1079F-s522,STFI,CCAMF,ASV2106,Fungi,Mucoromycota,Glomeromycetes,Glomerales,Glomeraceae,Glomus,VTX00067,1,Fungi,Glomeromycota,Glomeromycetes,Glomerales,Glomeraceae,Funneliformis,NA,0.9,Highly|_Probable,arbuscular_mycorrhizal,root-associated,Glomeromycota,Septoglomeraceae,Funneliformis,yes,yes,yes,primer
Funneliformis_mosseae_P2-bc1030-SPU4-9-2231-1079F-s629_STFI_ASV2079,Funneliformis_mosseae_P2-bc1030-SPU4-9-2231-1079F-s629_STFI_ASV2079_CCAMF,Funneliformis,mosseae,P2-bc1030-SPU4-9-2231-1079F-s629,STFI,CCAMF,ASV2079,Fungi,Mucoromycota,Glomeromycetes,Glomerales,Glomeraceae,Glomus,VTX00067,1,Fungi,Glomeromycota,Glomeromycetes,Glomerales,Glomeraceae,Funneliformis,sp,0.6,Highly|_Probable,arbuscular_mycorrhizal,root-associated,Glomeromycota,Septoglomeraceae,Funneliformis,yes,yes,yes,primer
Funneliformis_mosseae_P2-bc1031-SPU4-12-2231-1079F-s1051_STFI_ASV2106,Funneliformis_mosseae_P2-bc1031-SPU4-12-2231-1079F-s1051_STFI_ASV2106_CCAMF,Funneliformis,mosseae,P2-bc1031-SPU4-12-2231-1079F-s1051,STFI,CCAMF,ASV2106,Fungi,Mucoromycota,Glomeromycetes,Glomerales,Glomeraceae,Glomus,VTX00067,1,Fungi,Glomeromycota,Glomeromycetes,Glomerales,Glomeraceae,Funneliformis,NA,0.9,Highly|_Probable,arbuscular_mycorrhizal,root-associated,Glomeromycota,Septoglomeraceae,Funneliformis,yes,yes,yes,primer
Funneliformis_mosseae_P2-bc1031-SPU4-12-2231-1079F-s1207_STFI_ASV2079,Funneliformis_mosseae_P2-bc1031-SPU4-12-2231-1079F-s1207_STFI_ASV2079_CCAMF,Funneliformis,mosseae,P2-bc1031-SPU4-12-2231-1079F-s1207,STFI,CCAMF,ASV2079,Fungi,Mucoromycota,Glomeromycetes,Glomerales,Glomeraceae,Glomus,VTX00067,1,Fungi,Glomeromycota,Glomeromycetes,Glomerales,Glomeraceae,Funneliformis,sp,0.6,Highly|_Probable,arbuscular_mycorrhizal,root-associated,Glomeromycota,Septoglomeraceae,Funneliformis,yes,yes,yes,primer
Funneliformis_mosseae_P2-bc1031-SPU4-12-2231-1079F-s189_STFI_ASV2014,Funneliformis_mosseae_P2-bc1031-SPU4-12-2231-1079F-s189_STFI_ASV2014_CCAMF,Funneliformis,mosseae,P2-bc1031-SPU4-12-2231-1079F-s189,STFI,CCAMF,ASV2014,Fungi,Mucoromycota,Glomeromycetes,Glomerales,Glomeraceae,Glomus,VTX00067,1,Fungi,Glomeromycota,Glomeromycetes,Glomerales,Glomeraceae,Funneliformis,NA,0.9,Highly|_Probable,arbuscular_mycorrhizal,root-associated,Glomeromycota,Septoglomeraceae,Funneliformis,yes,yes,yes,primer
Funneliformis_mosseae_P2-bc1031-SPU4-12-2231-1079F-s202_STFI_ASV2070,Funneliformis_mosseae_P2-bc1031-SPU4-12-2231-1079F-s202_STFI_ASV2070_CCAMF,Funneliformis,mosseae,P2-bc1031-SPU4-12-2231-1079F-s202,STFI,CCAMF,ASV2070,Fungi,Mucoromycota,Glomeromycetes,Glomerales,Glomeraceae,Glomus,VTX00067,1,Fungi,Glomeromycota,Glomeromycetes,Glomerales,Glomeraceae,Funneliformis,NA,0.9,Highly|_Probable,arbuscular_mycorrhizal,root-associated,Glomeromycota,Septoglomeraceae,Funneliformis,yes,yes,yes,primer
Funneliformis_mosseae_P2-bc1031-SPU4-12-2231-1079F-s242_STFI_ASV2150,Funneliformis_mosseae_P2-bc1031-SPU4-12-2231-1079F-s242_STFI_ASV2150_CCAMF,Funneliformis,mosseae,P2-bc1031-SPU4-12-2231-1079F-s242,STFI,CCAMF,ASV2150,Fungi,Mucoromycota,Glomeromycetes,Glomerales,Glomeraceae,Glomus,VTX00067,1,Fungi,Glomeromycota,Glomeromycetes,Glomerales,Glomeraceae,Funneliformis,NA,0.9,Highly|_Probable,arbuscular_mycorrhizal,root-associated,Glomeromycota,Septoglomeraceae,Funneliformis,yes,yes,yes,primer
Funneliformis_mosseae_P2-bc1031-SPU4-12-2231-1079F-s248-1_STFI_ASV2109,Funneliformis_mosseae_P2-bc1031-SPU4-12-2231-1079F-s248-1_STFI_ASV2109_CCAMF,Funneliformis,mosseae,P2-bc1031-SPU4-12-2231-1079F-s248-1,STFI,CCAMF,ASV2109,Fungi,Mucoromycota,Glomeromycetes,Glomerales,Glomeraceae,Glomus,VTX00067,1,Fungi,Glomeromycota,Glomeromycetes,Glomerales,Glomeraceae,Funneliformis,mosseae,0.6,Highly|_Probable,arbuscular_mycorrhizal,root-associated,Glomeromycota,Septoglomeraceae,Funneliformis,yes,yes,yes,primer
Funneliformis_mosseae_P2-bc1031-SPU4-12-2231-1079F-s248-2_STFI_ASV2022,Funneliformis_mosseae_P2-bc1031-SPU4-12-2231-1079F-s248-2_STFI_ASV2022_CCAMF,Funneliformis,mosseae,P2-bc1031-SPU4-12-2231-1079F-s248-2,STFI,CCAMF,ASV2022,Fungi,Mucoromycota,Glomeromycetes,Glomerales,Glomeraceae,Glomus,VTX00067,1,Fungi,Glomeromycota,Glomeromycetes,Glomerales,Glomeraceae,Funneliformis,NA,0.9,Highly|_Probable,arbuscular_mycorrhizal,root-associated,Glomeromycota,Septoglomeraceae,Funneliformis,yes,yes,yes,primer
Funneliformis_mosseae_P2-bc1031-SPU4-12-2231-1079F-s273_STFI_ASV2062,Funneliformis_mosseae_P2-bc1031-SPU4-12-2231-1079F-s273_STFI_ASV2062_CCAMF,Funneliformis,mosseae,P2-bc1031-SPU4-12-2231-1079F-s273,STFI,CCAMF,ASV2062,Fungi,Mucoromycota,Glomeromycetes,Glomerales,Glomeraceae,Glomus,VTX00067,1,Fungi,Glomeromycota,Glomeromycetes,Glomerales,Glomeraceae,Funneliformis,mosseae,0.6,Highly|_Probable,arbuscular_mycorrhizal,root-associated,Glomeromycota,Septoglomeraceae,Funneliformis,yes,yes,yes,primer
Funneliformis_mosseae_P2-bc1031-SPU4-12-2231-1079F-s607_STFI_ASV2007,Funneliformis_mosseae_P2-bc1031-SPU4-12-2231-1079F-s607_STFI_ASV2007_CCAMF,Funneliformis,mosseae,P2-bc1031-SPU4-12-2231-1079F-s607,STFI,CCAMF,ASV2007,Fungi,Mucoromycota,Glomeromycetes,Glomerales,Glomeraceae,Glomus,VTX00067,1,Fungi,Glomeromycota,Glomeromycetes,Glomerales,Glomeraceae,Funneliformis,mosseae,0.7,Highly|_Probable,arbuscular_mycorrhizal,root-associated,Glomeromycota,Septoglomeraceae,Funneliformis,yes,yes,yes,primer
Gigaspora_rosea_P2-bc1032-SPU4-25-4292-708F-s125_STFI_ASV2069,Gigaspora_rosea_P2-bc1032-SPU4-25-4292-708F-s125_STFI_ASV2069_CCAMF,Gigaspora,rosea,P2-bc1032-SPU4-25-4292-708F-s125,STFI,CCAMF,ASV2069,Fungi,Mucoromycota,Glomeromycetes,Diversisporales,Gigasporaceae,Gigaspora,VTX00039,1,Fungi,Glomeromycota,Glomeromycetes,Gigasporales,Gigasporaceae,Gigaspora,margarita,0.778,Highly|_Probable,arbuscular_mycorrhizal,root-associated,Glomeromycota,Gigasporaceae,Gigaspora,yes,yes,yes,primer
Gigaspora_rosea_P2-bc1032-SPU4-25-4292-708F-s143_STFI_ASV2065,Gigaspora_rosea_P2-bc1032-SPU4-25-4292-708F-s143_STFI_ASV2065_CCAMF,Gigaspora,rosea,P2-bc1032-SPU4-25-4292-708F-s143,STFI,CCAMF,ASV2065,Fungi,Mucoromycota,Glomeromycetes,Diversisporales,Gigasporaceae,Gigaspora,VTX00039,1,Fungi,Glomeromycota,Glomeromycetes,Gigasporales,Gigasporaceae,Gigaspora,NA,1,Highly|_Probable,arbuscular_mycorrhizal,root-associated,Glomeromycota,Gigasporaceae,Gigaspora,yes,yes,yes,primer
Gigaspora_rosea_P2-bc1032-SPU4-25-4292-708F-s2131_STFI_ASV2010,Gigaspora_rosea_P2-bc1032-SPU4-25-4292-708F-s2131_STFI_ASV2010_CCAMF,Gigaspora,rosea,P2-bc1032-SPU4-25-4292-708F-s2131,STFI,CCAMF,ASV2010,Fungi,Mucoromycota,Glomeromycetes,Diversisporales,Gigasporaceae,Gigaspora,VTX00039,1,Fungi,Glomeromycota,Glomeromycetes,Gigasporales,Gigasporaceae,Gigaspora,margarita,0.778,Highly|_Probable,arbuscular_mycorrhizal,root-associated,Glomeromycota,Gigasporaceae,Gigaspora,yes,yes,yes,primer
Gigaspora_rosea_P2-bc1032-SPU4-25-4292-708F-s243_STFI_ASV2058,Gigaspora_rosea_P2-bc1032-SPU4-25-4292-708F-s243_STFI_ASV2058_CCAMF,Gigaspora,rosea,P2-bc1032-SPU4-25-4292-708F-s243,STFI,CCAMF,ASV2058,Fungi,Mucoromycota,Glomeromycetes,Diversisporales,Gigasporaceae,Gigaspora,VTX00039,1,Fungi,Glomeromycota,Glomeromycetes,Gigasporales,Gigasporaceae,Gigaspora,NA,1,Highly|_Probable,arbuscular_mycorrhizal,root-associated,Glomeromycota,Gigasporaceae,Gigaspora,yes,yes,yes,primer
Gigaspora_rosea_P2-bc1032-SPU4-25-4292-708F-s347_STFI_ASV2036,Gigaspora_rosea_P2-bc1032-SPU4-25-4292-708F-s347_STFI_ASV2036_CCAMF,Gigaspora,rosea,P2-bc1032-SPU4-25-4292-708F-s347,STFI,CCAMF,ASV2036,Fungi,Mucoromycota,Glomeromycetes,Diversisporales,Gigasporaceae,Gigaspora,VTX00039,1,Fungi,Glomeromycota,Glomeromycetes,Gigasporales,Gigasporaceae,Gigaspora,margarita,0.778,Highly|_Probable,arbuscular_mycorrhizal,root-associated,Glomeromycota,Gigasporaceae,Gigaspora,yes,yes,yes,primer
Gigaspora_rosea_P2-bc1033-SPU4-28-4292-708F-s112_STFI_ASV2069,Gigaspora_rosea_P2-bc1033-SPU4-28-4292-708F-s112_STFI_ASV2069_CCAMF,Gigaspora,rosea,P2-bc1033-SPU4-28-4292-708F-s112,STFI,CCAMF,ASV2069,Fungi,Mucoromycota,Glomeromycetes,Diversisporales,Gigasporaceae,Gigaspora,VTX00039,1,Fungi,Glomeromycota,Glomeromycetes,Gigasporales,Gigasporaceae,Gigaspora,margarita,0.778,Highly|_Probable,arbuscular_mycorrhizal,root-associated,Glomeromycota,Gigasporaceae,Gigaspora,yes,yes,yes,primer
Gigaspora_rosea_P2-bc1033-SPU4-28-4292-708F-s119_STFI_ASV2127,Gigaspora_rosea_P2-bc1033-SPU4-28-4292-708F-s119_STFI_ASV2127_CCAMF,Gigaspora,rosea,P2-bc1033-SPU4-28-4292-708F-s119,STFI,CCAMF,ASV2127,Fungi,Mucoromycota,Glomeromycetes,Diversisporales,Gigasporaceae,Gigaspora,VTX00039,1,Fungi,Glomeromycota,Glomeromycetes,Gigasporales,Gigasporaceae,Gigaspora,margarita,0.778,Highly|_Probable,arbuscular_mycorrhizal,root-associated,Glomeromycota,Gigasporaceae,Gigaspora,yes,yes,yes,primer
Gigaspora_rosea_P2-bc1033-SPU4-28-4292-708F-s122_STFI_ASV2128,Gigaspora_rosea_P2-bc1033-SPU4-28-4292-708F-s122_STFI_ASV2128_CCAMF,Gigaspora,rosea,P2-bc1033-SPU4-28-4292-708F-s122,STFI,CCAMF,ASV2128,Fungi,Mucoromycota,Glomeromycetes,Diversisporales,Gigasporaceae,Gigaspora,VTX00039,1,Fungi,Glomeromycota,Glomeromycetes,Gigasporales,Gigasporaceae,Gigaspora,NA,1,Highly|_Probable,arbuscular_mycorrhizal,root-associated,Glomeromycota,Gigasporaceae,Gigaspora,yes,yes,yes,primer
Gigaspora_rosea_P2-bc1033-SPU4-28-4292-708F-s149_STFI_ASV2036,Gigaspora_rosea_P2-bc1033-SPU4-28-4292-708F-s149_STFI_ASV2036_CCAMF,Gigaspora,rosea,P2-bc1033-SPU4-28-4292-708F-s149,STFI,CCAMF,ASV2036,Fungi,Mucoromycota,Glomeromycetes,Diversisporales,Gigasporaceae,Gigaspora,VTX00039,1,Fungi,Glomeromycota,Glomeromycetes,Gigasporales,Gigasporaceae,Gigaspora,margarita,0.778,Highly|_Probable,arbuscular_mycorrhizal,root-associated,Glomeromycota,Gigasporaceae,Gigaspora,yes,yes,yes,primer
Gigaspora_rosea_P2-bc1033-SPU4-28-4292-708F-s255_STFI_ASV2058,Gigaspora_rosea_P2-bc1033-SPU4-28-4292-708F-s255_STFI_ASV2058_CCAMF,Gigaspora,rosea,P2-bc1033-SPU4-28-4292-708F-s255,STFI,CCAMF,ASV2058,Fungi,Mucoromycota,Glomeromycetes,Diversisporales,Gigasporaceae,Gigaspora,VTX00039,1,Fungi,Glomeromycota,Glomeromycetes,Gigasporales,Gigasporaceae,Gigaspora,NA,1,Highly|_Probable,arbuscular_mycorrhizal,root-associated,Glomeromycota,Gigasporaceae,Gigaspora,yes,yes,yes,primer
Gigaspora_rosea_P2-bc1033-SPU4-28-4292-708F-s267_STFI_ASV2065,Gigaspora_rosea_P2-bc1033-SPU4-28-4292-708F-s267_STFI_ASV2065_CCAMF,Gigaspora,rosea,P2-bc1033-SPU4-28-4292-708F-s267,STFI,CCAMF,ASV2065,Fungi,Mucoromycota,Glomeromycetes,Diversisporales,Gigasporaceae,Gigaspora,VTX00039,1,Fungi,Glomeromycota,Glomeromycetes,Gigasporales,Gigasporaceae,Gigaspora,NA,1,Highly|_Probable,arbuscular_mycorrhizal,root-associated,Glomeromycota,Gigasporaceae,Gigaspora,yes,yes,yes,primer
Gigaspora_rosea_P2-bc1033-SPU4-28-4292-708F-s3609_STFI_ASV2010,Gigaspora_rosea_P2-bc1033-SPU4-28-4292-708F-s3609_STFI_ASV2010_CCAMF,Gigaspora,rosea,P2-bc1033-SPU4-28-4292-708F-s3609,STFI,CCAMF,ASV2010,Fungi,Mucoromycota,Glomeromycetes,Diversisporales,Gigasporaceae,Gigaspora,VTX00039,1,Fungi,Glomeromycota,Glomeromycetes,Gigasporales,Gigasporaceae,Gigaspora,margarita,0.778,Highly|_Probable,arbuscular_mycorrhizal,root-associated,Glomeromycota,Gigasporaceae,Gigaspora,yes,yes,yes,primer
Ambispora_callosa_P2-bc1036-1582-s11_STFP_ASV2657,Ambispora_callosa_P2-bc1036-1582-s11_STFP_ASV2657_CCAMF,Ambispora,callosa,P2-bc1036-1582-s11,STFP,CCAMF,ASV2657,Fungi,Mucoromycota,Archaeosporomycetes,Archaeosporales,Ambisporaceae,Ambispora,VTX00242,1,Fungi,Glomeromycota,Archaeosporomycetes,Archaeosporales,Ambisporaceae,Ambispora,NA,1,Highly|_Probable,arbuscular_mycorrhizal,root-associated,Glomeromycota,Ambisporaceae,Ambispora,yes,yes,yes,primer
Ambispora_callosa_P2-bc1036-1582-s27_STFP_ASV2649,Ambispora_callosa_P2-bc1036-1582-s27_STFP_ASV2649_CCAMF,Ambispora,callosa,P2-bc1036-1582-s27,STFP,CCAMF,ASV2649,Fungi,Mucoromycota,Archaeosporomycetes,Archaeosporales,Ambisporaceae,Ambispora,VTX00242,1,Fungi,Glomeromycota,Archaeosporomycetes,Archaeosporales,Ambisporaceae,Ambispora,NA,1,Highly|_Probable,arbuscular_mycorrhizal,root-associated,Glomeromycota,Ambisporaceae,Ambispora,yes,yes,yes,primer
Ambispora_callosa_P2-bc1036-1582-s28_STFP_ASV2658,Ambispora_callosa_P2-bc1036-1582-s28_STFP_ASV2658_CCAMF,Ambispora,callosa,P2-bc1036-1582-s28,STFP,CCAMF,ASV2658,Fungi,Mucoromycota,Archaeosporomycetes,Archaeosporales,Ambisporaceae,Ambispora,VTX00242,1,Fungi,Glomeromycota,Archaeosporomycetes,Archaeosporales,Ambisporaceae,Ambispora,NA,1,Highly|_Probable,arbuscular_mycorrhizal,root-associated,Glomeromycota,Ambisporaceae,Ambispora,yes,yes,yes,primer
Ambispora_callosa_P2-bc1036-1582-s33_STFP_ASV2656,Ambispora_callosa_P2-bc1036-1582-s33_STFP_ASV2656_CCAMF,Ambispora,callosa,P2-bc1036-1582-s33,STFP,CCAMF,ASV2656,Fungi,Mucoromycota,Archaeosporomycetes,Archaeosporales,Ambisporaceae,Ambispora,VTX00242,1,Fungi,Glomeromycota,Archaeosporomycetes,Archaeosporales,Ambisporaceae,Ambispora,NA,1,Highly|_Probable,arbuscular_mycorrhizal,root-associated,Glomeromycota,Ambisporaceae,Ambispora,yes,yes,yes,primer
Ambispora_callosa_P2-bc1037-1584-2_STFP_ASV2653,Ambispora_callosa_P2-bc1037-1584-2_STFP_ASV2653_CCAMF,Ambispora,callosa,P2-bc1037-1584-2,STFP,CCAMF,ASV2653,Fungi,Mucoromycota,Archaeosporomycetes,Archaeosporales,Ambisporaceae,Ambispora,VTX00242,1,Fungi,Glomeromycota,Archaeosporomycetes,Archaeosporales,Ambisporaceae,Ambispora,NA,1,Highly|_Probable,arbuscular_mycorrhizal,root-associated,Glomeromycota,Ambisporaceae,Ambispora,yes,yes,yes,primer
Ambispora_callosa_P2-bc1037-1584-s13_STFP_ASV2650,Ambispora_callosa_P2-bc1037-1584-s13_STFP_ASV2650_CCAMF,Ambispora,callosa,P2-bc1037-1584-s13,STFP,CCAMF,ASV2650,Fungi,Mucoromycota,Archaeosporomycetes,Archaeosporales,Ambisporaceae,Ambispora,VTX00242,1,Fungi,Glomeromycota,Archaeosporomycetes,Archaeosporales,Ambisporaceae,Ambispora,NA,1,Highly|_Probable,arbuscular_mycorrhizal,root-associated,Glomeromycota,Ambisporaceae,Ambispora,yes,yes,yes,primer
Ambispora_callosa_P2-bc1037-1584-s14_STFP_ASV2652,Ambispora_callosa_P2-bc1037-1584-s14_STFP_ASV2652_CCAMF,Ambispora,callosa,P2-bc1037-1584-s14,STFP,CCAMF,ASV2652,Fungi,Mucoromycota,Archaeosporomycetes,Archaeosporales,Ambisporaceae,Ambispora,VTX00242,1,Fungi,Glomeromycota,Archaeosporomycetes,Archaeosporales,Ambisporaceae,Ambispora,NA,1,Highly|_Probable,arbuscular_mycorrhizal,root-associated,Glomeromycota,Ambisporaceae,Ambispora,yes,yes,yes,primer
Ambispora_callosa_P2-bc1037-1584-s17_STFP_ASV2647,Ambispora_callosa_P2-bc1037-1584-s17_STFP_ASV2647_CCAMF,Ambispora,callosa,P2-bc1037-1584-s17,STFP,CCAMF,ASV2647,Fungi,Mucoromycota,Archaeosporomycetes,Archaeosporales,Ambisporaceae,Ambispora,VTX00242,1,Fungi,Glomeromycota,Archaeosporomycetes,Archaeosporales,Ambisporaceae,Ambispora,NA,1,Highly|_Probable,arbuscular_mycorrhizal,root-associated,Glomeromycota,Ambisporaceae,Ambispora,yes,yes,yes,primer
Ambispora_callosa_P2-bc1037-1584-s21_STFP_ASV2048,Ambispora_callosa_P2-bc1037-1584-s21_STFP_ASV2048_CCAMF,Ambispora,callosa,P2-bc1037-1584-s21,STFP,CCAMF,ASV2048,Fungi,Mucoromycota,Archaeosporomycetes,Archaeosporales,Ambisporaceae,Ambispora,VTX00242,1,Fungi,Glomeromycota,Archaeosporomycetes,Archaeosporales,Ambisporaceae,Ambispora,NA,1,Highly|_Probable,arbuscular_mycorrhizal,root-associated,Glomeromycota,Ambisporaceae,Ambispora,yes,yes,yes,primer
Ambispora_callosa_P2-bc1037-1584-s312_STFP_ASV2021,Ambispora_callosa_P2-bc1037-1584-s312_STFP_ASV2021_CCAMF,Ambispora,callosa,P2-bc1037-1584-s312,STFP,CCAMF,ASV2021,Fungi,Mucoromycota,Archaeosporomycetes,Archaeosporales,Ambisporaceae,Ambispora,VTX00242,1,Fungi,Glomeromycota,Archaeosporomycetes,Archaeosporales,Ambisporaceae,Ambispora,NA,1,Highly|_Probable,arbuscular_mycorrhizal,root-associated,Glomeromycota,Ambisporaceae,Ambispora,yes,yes,yes,primer
Ambispora_callosa_P2-bc1037-1584-s34_STFP_ASV2648,Ambispora_callosa_P2-bc1037-1584-s34_STFP_ASV2648_CCAMF,Ambispora,callosa,P2-bc1037-1584-s34,STFP,CCAMF,ASV2648,Fungi,Mucoromycota,Archaeosporomycetes,Archaeosporales,Ambisporaceae,Ambispora,VTX00242,1,Fungi,Glomeromycota,Archaeosporomycetes,Archaeosporales,Ambisporaceae,Ambispora,NA,1,Highly|_Probable,arbuscular_mycorrhizal,root-associated,Glomeromycota,Ambisporaceae,Ambispora,yes,yes,yes,primer
Ambispora_callosa_P2-bc1037-1584-s37_STFP_ASV2035,Ambispora_callosa_P2-bc1037-1584-s37_STFP_ASV2035_CCAMF,Ambispora,callosa,P2-bc1037-1584-s37,STFP,CCAMF,ASV2035,Fungi,Mucoromycota,Archaeosporomycetes,Archaeosporales,Ambisporaceae,Ambispora,VTX00242,1,Fungi,Glomeromycota,Archaeosporomycetes,Archaeosporales,Ambisporaceae,Ambispora,NA,1,Highly|_Probable,arbuscular_mycorrhizal,root-associated,Glomeromycota,Ambisporaceae,Ambispora,yes,yes,yes,primer
Ambispora_callosa_P2-bc1037-1584-s57_STFP_ASV2654,Ambispora_callosa_P2-bc1037-1584-s57_STFP_ASV2654_CCAMF,Ambispora,callosa,P2-bc1037-1584-s57,STFP,CCAMF,ASV2654,Fungi,Mucoromycota,Archaeosporomycetes,Archaeosporales,Ambisporaceae,Ambispora,VTX00242,1,Fungi,Glomeromycota,Archaeosporomycetes,Archaeosporales,Ambisporaceae,Ambispora,NA,1,Highly|_Probable,arbuscular_mycorrhizal,root-associated,Glomeromycota,Ambisporaceae,Ambispora,yes,yes,yes,primer
Ambispora_leptoticha_P2-bc1038-1583-s199_STFP_ASV2661,Ambispora_leptoticha_P2-bc1038-1583-s199_STFP_ASV2661_CCAMF,Ambispora,leptoticha,P2-bc1038-1583-s199,STFP,CCAMF,ASV2661,Fungi,Mucoromycota,Archaeosporomycetes,Archaeosporales,Ambisporaceae,Ambispora,VTX00242,1,Fungi,Glomeromycota,Archaeosporomycetes,Archaeosporales,Ambisporaceae,Ambispora,NA,1,Highly|_Probable,arbuscular_mycorrhizal,root-associated,Glomeromycota,Ambisporaceae,Ambispora,yes,yes,yes,primer
Gigaspora_rosea_P2-bc1040-1625-s116_STFP_ASV2628,Gigaspora_rosea_P2-bc1040-1625-s116_STFP_ASV2628_CCAMF,Gigaspora,rosea,P2-bc1040-1625-s116,STFP,CCAMF,ASV2628,Fungi,Mucoromycota,Glomeromycetes,Diversisporales,Gigasporaceae,Gigaspora,VTX00039,1,Fungi,Glomeromycota,Glomeromycetes,Gigasporales,Gigasporaceae,Gigaspora,rosea,0.8,Highly|_Probable,arbuscular_mycorrhizal,root-associated,Glomeromycota,Gigasporaceae,Gigaspora,yes,yes,yes,primer
Gigaspora_rosea_P2-bc1040-1625-s146_STFP_ASV2642,Gigaspora_rosea_P2-bc1040-1625-s146_STFP_ASV2642_CCAMF,Gigaspora,rosea,P2-bc1040-1625-s146,STFP,CCAMF,ASV2642,Fungi,Mucoromycota,Glomeromycetes,Diversisporales,Gigasporaceae,Gigaspora,VTX00039,1,Fungi,Glomeromycota,Glomeromycetes,Gigasporales,Gigasporaceae,Gigaspora,rosea,0.6,Highly|_Probable,arbuscular_mycorrhizal,root-associated,Glomeromycota,Gigasporaceae,Gigaspora,yes,yes,yes,primer
Gigaspora_rosea_P2-bc1040-1625-s193_STFP_ASV2625,Gigaspora_rosea_P2-bc1040-1625-s193_STFP_ASV2625_CCAMF,Gigaspora,rosea,P2-bc1040-1625-s193,STFP,CCAMF,ASV2625,Fungi,Mucoromycota,Glomeromycetes,Diversisporales,Gigasporaceae,Gigaspora,VTX00039,1,Fungi,Glomeromycota,Glomeromycetes,Gigasporales,Gigasporaceae,Gigaspora,rosea,0.7,Highly|_Probable,arbuscular_mycorrhizal,root-associated,Glomeromycota,Gigasporaceae,Gigaspora,yes,yes,yes,primer
Gigaspora_rosea_P2-bc1040-1625-s45_STFP_ASV2643,Gigaspora_rosea_P2-bc1040-1625-s45_STFP_ASV2643_CCAMF,Gigaspora,rosea,P2-bc1040-1625-s45,STFP,CCAMF,ASV2643,Fungi,Mucoromycota,Glomeromycetes,Diversisporales,Gigasporaceae,Gigaspora,VTX00039,1,Fungi,Glomeromycota,Glomeromycetes,Gigasporales,Gigasporaceae,Gigaspora,rosea,0.6,Highly|_Probable,arbuscular_mycorrhizal,root-associated,Glomeromycota,Gigasporaceae,Gigaspora,yes,yes,yes,primer
Gigaspora_rosea_P2-bc1040-1625-s455_STFP_ASV2631,Gigaspora_rosea_P2-bc1040-1625-s455_STFP_ASV2631_CCAMF,Gigaspora,rosea,P2-bc1040-1625-s455,STFP,CCAMF,ASV2631,Fungi,Mucoromycota,Glomeromycetes,Diversisporales,Gigasporaceae,Gigaspora,VTX00039,1,Fungi,Glomeromycota,Glomeromycetes,Gigasporales,Gigasporaceae,Gigaspora,NA,1,Highly|_Probable,arbuscular_mycorrhizal,root-associated,Glomeromycota,Gigasporaceae,Gigaspora,yes,yes,yes,primer
Cetraspora_gilmorei_P2-bc1042-1613-s278_STFP_ASV2108,Cetraspora_gilmorei_P2-bc1042-1613-s278_STFP_ASV2108_CCAMF,Cetraspora,gilmorei,P2-bc1042-1613-s278,STFP,CCAMF,ASV2108,Fungi,Mucoromycota,Glomeromycetes,Diversisporales,Gigasporaceae,Scutellospora,VTX00041,0.8,Fungi,Glomeromycota,Glomeromycetes,Gigasporales,Racocetraceae,Cetraspora,NA,0.9,Highly|_Probable,arbuscular_mycorrhizal,root-associated,Glomeromycota,Gigasporaceae,Cetraspora,yes,yes,yes,primer
Cetraspora_gilmorei_P2-bc1042-1613-s33_STFP_ASV2621,Cetraspora_gilmorei_P2-bc1042-1613-s33_STFP_ASV2621_CCAMF,Cetraspora,gilmorei,P2-bc1042-1613-s33,STFP,CCAMF,ASV2621,Fungi,Mucoromycota,Glomeromycetes,Diversisporales,Gigasporaceae,Scutellospora,VTX00041,0.8,Fungi,Glomeromycota,Glomeromycetes,Gigasporales,Racocetraceae,Cetraspora,NA,0.9,Highly|_Probable,arbuscular_mycorrhizal,root-associated,Glomeromycota,Gigasporaceae,Cetraspora,yes,yes,yes,primer
Cetraspora_gilmorei_P2-bc1042-1613-s36_STFP_ASV2005,Cetraspora_gilmorei_P2-bc1042-1613-s36_STFP_ASV2005_CCAMF,Cetraspora,gilmorei,P2-bc1042-1613-s36,STFP,CCAMF,ASV2005,Fungi,Mucoromycota,Glomeromycetes,Diversisporales,Gigasporaceae,Scutellospora,VTX00041,0.8,Fungi,Glomeromycota,Glomeromycetes,Gigasporales,Racocetraceae,Cetraspora,NA,0.9,Highly|_Probable,arbuscular_mycorrhizal,root-associated,Glomeromycota,Gigasporaceae,Cetraspora,yes,yes,yes,primer
Cetraspora_gilmorei_P2-bc1042-1613-s65_STFP_ASV2084,Cetraspora_gilmorei_P2-bc1042-1613-s65_STFP_ASV2084_CCAMF,Cetraspora,gilmorei,P2-bc1042-1613-s65,STFP,CCAMF,ASV2084,Fungi,Mucoromycota,Glomeromycetes,Diversisporales,Gigasporaceae,Scutellospora,VTX00041,0.8,Fungi,Glomeromycota,Glomeromycetes,Gigasporales,Racocetraceae,Cetraspora,NA,0.9,Highly|_Probable,arbuscular_mycorrhizal,root-associated,Glomeromycota,Gigasporaceae,Cetraspora,yes,yes,yes,primer
Diversispora_varaderana_P2-bc1043-1630-s15_STFP_ASV2576,Diversispora_varaderana_P2-bc1043-1630-s15_STFP_ASV2576_CCAMF,Diversispora,varaderana,P2-bc1043-1630-s15,STFP,CCAMF,ASV2576,Fungi,Mucoromycota,Glomeromycetes,Diversisporales,Diversisporaceae,Diversispora,VTX00062,0.9,Fungi,Glomeromycota,Glomeromycetes,Diversisporales,Diversisporaceae,Diversispora,sp,0.6,Highly|_Probable,arbuscular_mycorrhizal,root-associated,Glomeromycota,Diversisporaceae,Diversispora,yes,yes,yes,primer
Diversispora_varaderana_P2-bc1043-1630-s16_STFP_ASV2086,Diversispora_varaderana_P2-bc1043-1630-s16_STFP_ASV2086_CCAMF,Diversispora,varaderana,P2-bc1043-1630-s16,STFP,CCAMF,ASV2086,Fungi,Mucoromycota,Glomeromycetes,Diversisporales,Diversisporaceae,Diversispora,VTX00062,0.9,Fungi,Glomeromycota,Glomeromycetes,Diversisporales,Diversisporaceae,Diversispora,NA,0.8,Highly|_Probable,arbuscular_mycorrhizal,root-associated,Glomeromycota,Diversisporaceae,Diversispora,yes,yes,yes,primer
Diversispora_varaderana_P2-bc1043-1630-s30_STFP_ASV2575,Diversispora_varaderana_P2-bc1043-1630-s30_STFP_ASV2575_CCAMF,Diversispora,varaderana,P2-bc1043-1630-s30,STFP,CCAMF,ASV2575,Fungi,Mucoromycota,Glomeromycetes,Diversisporales,Diversisporaceae,Diversispora,VTX00062,0.9,Fungi,Glomeromycota,Glomeromycetes,Diversisporales,Diversisporaceae,Diversispora,sp,0.6,Highly|_Probable,arbuscular_mycorrhizal,root-associated,Glomeromycota,Diversisporaceae,Diversispora,yes,yes,yes,primer
Diversispora_varaderana_P2-bc1043-1630-s390_STFP_ASV2574,Diversispora_varaderana_P2-bc1043-1630-s390_STFP_ASV2574_CCAMF,Diversispora,varaderana,P2-bc1043-1630-s390,STFP,CCAMF,ASV2574,Fungi,Mucoromycota,Glomeromycetes,Diversisporales,Diversisporaceae,Diversispora,VTX00062,0.9,Fungi,Glomeromycota,Glomeromycetes,Diversisporales,Diversisporaceae,Diversispora,sp,0.6,Highly|_Probable,arbuscular_mycorrhizal,root-associated,Glomeromycota,Diversisporaceae,Diversispora,yes,yes,yes,primer
Ambispora_leptoticha_P2-bc1044-1635-s51_STFP_ASV2049,Ambispora_leptoticha_P2-bc1044-1635-s51_STFP_ASV2049_CCAMF,Ambispora,leptoticha,P2-bc1044-1635-s51,STFP,CCAMF,ASV2049,Fungi,Mucoromycota,Archaeosporomycetes,Archaeosporales,Ambisporaceae,Ambispora,VTX00242,1,Fungi,Glomeromycota,Archaeosporomycetes,Archaeosporales,Ambisporaceae,Ambispora,NA,1,Highly|_Probable,arbuscular_mycorrhizal,root-associated,Glomeromycota,Ambisporaceae,Ambispora,yes,yes,yes,primer
Septoglomus_viscosum_P2-bc1053-1618-s45_STFP_ASV2001,Septoglomus_viscosum_P2-bc1053-1618-s45_STFP_ASV2001_CCAMF,Septoglomus,viscosum,P2-bc1053-1618-s45,STFP,CCAMF,ASV2001,Fungi,Mucoromycota,Glomeromycetes,Glomerales,Glomeraceae,Glomus,VTX00063,1,Fungi,Glomeromycota,Glomeromycetes,Glomerales,Glomeraceae,Septoglomus,NA,0.7,Highly|_Probable,arbuscular_mycorrhizal,root-associated,Glomeromycota,Septoglomeraceae,Septoglomus,yes,yes,yes,primer
Septoglomus_viscosum_P2-bc1053-1618-s50_STFP_ASV2054,Septoglomus_viscosum_P2-bc1053-1618-s50_STFP_ASV2054_CCAMF,Septoglomus,viscosum,P2-bc1053-1618-s50,STFP,CCAMF,ASV2054,Fungi,Mucoromycota,Glomeromycetes,Glomerales,Glomeraceae,Glomus,VTX00063,1,Fungi,Glomeromycota,Glomeromycetes,Glomerales,Glomeraceae,Septoglomus,NA,0.7,Highly|_Probable,arbuscular_mycorrhizal,root-associated,Glomeromycota,Septoglomeraceae,Septoglomus,yes,yes,yes,primer
Septoglomus_viscosum_P2-bc1055-1605-s247_STFP_ASV2286,Septoglomus_viscosum_P2-bc1055-1605-s247_STFP_ASV2286_CCAMF,Septoglomus,viscosum,P2-bc1055-1605-s247,STFP,CCAMF,ASV2286,Fungi,Mucoromycota,Glomeromycetes,Glomerales,Glomeraceae,Glomus,VTX00063,1,Fungi,Glomeromycota,Glomeromycetes,Glomerales,Glomeraceae,Septoglomus,NA,0.7,Highly|_Probable,arbuscular_mycorrhizal,root-associated,Glomeromycota,Septoglomeraceae,Septoglomus,yes,yes,yes,primer
Septoglomus_viscosum_P2-bc1055-1605-s707_STFP_ASV2288,Septoglomus_viscosum_P2-bc1055-1605-s707_STFP_ASV2288_CCAMF,Septoglomus,viscosum,P2-bc1055-1605-s707,STFP,CCAMF,ASV2288,Fungi,Mucoromycota,Glomeromycetes,Glomerales,Glomeraceae,Glomus,VTX00063,1,Fungi,Glomeromycota,Glomeromycetes,Glomerales,Glomeraceae,Septoglomus,NA,0.7,Highly|_Probable,arbuscular_mycorrhizal,root-associated,Glomeromycota,Septoglomeraceae,Septoglomus,yes,yes,yes,primer
Septoglomus_viscosum_P2-bc1055-1605-s91_STFP_ASV2292,Septoglomus_viscosum_P2-bc1055-1605-s91_STFP_ASV2292_CCAMF,Septoglomus,viscosum,P2-bc1055-1605-s91,STFP,CCAMF,ASV2292,Fungi,Mucoromycota,Glomeromycetes,Glomerales,Glomeraceae,Glomus,VTX00409,1,Fungi,Glomeromycota,Glomeromycetes,Glomerales,Glomeraceae,Septoglomus,NA,0.7,Highly|_Probable,arbuscular_mycorrhizal,root-associated,Glomeromycota,Septoglomeraceae,Septoglomus,yes,yes,yes,primer
Septoglomus_viscosum_P2-bc1055-1605-s99_STFP_ASV2287,Septoglomus_viscosum_P2-bc1055-1605-s99_STFP_ASV2287_CCAMF,Septoglomus,viscosum,P2-bc1055-1605-s99,STFP,CCAMF,ASV2287,Fungi,Mucoromycota,Glomeromycetes,Glomerales,Glomeraceae,Glomus,VTX00063,1,Fungi,Glomeromycota,Glomeromycetes,Glomerales,Glomeraceae,Septoglomus,NA,0.7,Highly|_Probable,arbuscular_mycorrhizal,root-associated,Glomeromycota,Septoglomeraceae,Septoglomus,yes,yes,yes,primer
Septoglomus_viscosum_P2-bc1056-1614-s161_STFP_ASV2291,Septoglomus_viscosum_P2-bc1056-1614-s161_STFP_ASV2291_CCAMF,Septoglomus,viscosum,P2-bc1056-1614-s161,STFP,CCAMF,ASV2291,Fungi,Mucoromycota,Glomeromycetes,Glomerales,Glomeraceae,Glomus,VTX00063,1,Fungi,Glomeromycota,Glomeromycetes,Glomerales,Glomeraceae,Septoglomus,NA,0.7,Highly|_Probable,arbuscular_mycorrhizal,root-associated,Glomeromycota,Septoglomeraceae,Septoglomus,yes,yes,yes,primer
Septoglomus_viscosum_P2-bc1056-1614-s2194_STFP_ASV2289,Septoglomus_viscosum_P2-bc1056-1614-s2194_STFP_ASV2289_CCAMF,Septoglomus,viscosum,P2-bc1056-1614-s2194,STFP,CCAMF,ASV2289,Fungi,Mucoromycota,Glomeromycetes,Glomerales,Glomeraceae,Glomus,VTX00063,1,Fungi,Glomeromycota,Glomeromycetes,Glomerales,Glomeraceae,Septoglomus,NA,0.7,Highly|_Probable,arbuscular_mycorrhizal,root-associated,Glomeromycota,Septoglomeraceae,Septoglomus,yes,yes,yes,primer
Septoglomus_viscosum_P2-bc1056-1614-s324_STFP_ASV2290,Septoglomus_viscosum_P2-bc1056-1614-s324_STFP_ASV2290_CCAMF,Septoglomus,viscosum,P2-bc1056-1614-s324,STFP,CCAMF,ASV2290,Fungi,Mucoromycota,Glomeromycetes,Glomerales,Glomeraceae,Glomus,VTX00063,1,Fungi,Glomeromycota,Glomeromycetes,Glomerales,Glomeraceae,Septoglomus,NA,0.7,Highly|_Probable,arbuscular_mycorrhizal,root-associated,Glomeromycota,Septoglomeraceae,Septoglomus,yes,yes,yes,primer
Glomus_tetrastratosum_P2-bc1057-1631-s17_STFP_ASV2327,Glomus_tetrastratosum_P2-bc1057-1631-s17_STFP_ASV2327_CCAMF,Glomus,tetrastratosum,P2-bc1057-1631-s17,STFP,CCAMF,ASV2327,Fungi,Mucoromycota,Glomeromycetes,Glomerales,Glomeraceae,Glomus,VTX00199,1,Fungi,Glomeromycota,Glomeromycetes,Glomerales,Glomeraceae,Glomus,NA,0.8,Highly|_Probable,arbuscular_mycorrhizal,root-associated,Glomeromycota,Glomeraceae,Glomus,yes,yes,yes,primer
Glomus_tetrastratosum_P2-bc1057-1631-s329_STFP_ASV2322,Glomus_tetrastratosum_P2-bc1057-1631-s329_STFP_ASV2322_CCAMF,Glomus,tetrastratosum,P2-bc1057-1631-s329,STFP,CCAMF,ASV2322,Fungi,Mucoromycota,Glomeromycetes,Glomerales,Glomeraceae,Glomus,VTX00199,1,Fungi,Glomeromycota,Glomeromycetes,Glomerales,Glomeraceae,Glomus,NA,0.8,Highly|_Probable,arbuscular_mycorrhizal,root-associated,Glomeromycota,Glomeraceae,Glomus,yes,yes,yes,primer
Glomus_tetrastratosum_P2-bc1057-1631-s37_STFP_ASV2323,Glomus_tetrastratosum_P2-bc1057-1631-s37_STFP_ASV2323_CCAMF,Glomus,tetrastratosum,P2-bc1057-1631-s37,STFP,CCAMF,ASV2323,Fungi,Mucoromycota,Glomeromycetes,Glomerales,Glomeraceae,Glomus,VTX00199,1,Fungi,Glomeromycota,Glomeromycetes,Glomerales,Glomeraceae,Glomus,NA,0.8,Highly|_Probable,arbuscular_mycorrhizal,root-associated,Glomeromycota,Glomeraceae,Glomus,yes,yes,yes,primer
Cetraspora_gilmorei_P2-bc1063-1193-s105_STFP_ASV2025,Cetraspora_gilmorei_P2-bc1063-1193-s105_STFP_ASV2025_CCAMF,Cetraspora,gilmorei,P2-bc1063-1193-s105,STFP,CCAMF,ASV2025,Fungi,Mucoromycota,Glomeromycetes,Diversisporales,Gigasporaceae,Scutellospora,VTX00041,0.8,Fungi,Glomeromycota,Glomeromycetes,Gigasporales,Racocetraceae,Cetraspora,NA,0.9,Highly|_Probable,arbuscular_mycorrhizal,root-associated,Glomeromycota,Gigasporaceae,Cetraspora,yes,yes,yes,primer
Cetraspora_gilmorei_P2-bc1063-1193-s361_STFP_ASV2066,Cetraspora_gilmorei_P2-bc1063-1193-s361_STFP_ASV2066_CCAMF,Cetraspora,gilmorei,P2-bc1063-1193-s361,STFP,CCAMF,ASV2066,Fungi,Mucoromycota,Glomeromycetes,Diversisporales,Gigasporaceae,Scutellospora,VTX00041,0.8,Fungi,Glomeromycota,Glomeromycetes,Gigasporales,Racocetraceae,Cetraspora,NA,1,Highly|_Probable,arbuscular_mycorrhizal,root-associated,Glomeromycota,Gigasporaceae,Cetraspora,yes,yes,yes,primer
Cetraspora_gilmorei_P2-bc1063-1193-s377_STFP_ASV2055,Cetraspora_gilmorei_P2-bc1063-1193-s377_STFP_ASV2055_CCAMF,Cetraspora,gilmorei,P2-bc1063-1193-s377,STFP,CCAMF,ASV2055,Fungi,Mucoromycota,Glomeromycetes,Diversisporales,Gigasporaceae,Scutellospora,VTX00041,0.8,Fungi,Glomeromycota,Glomeromycetes,Gigasporales,Racocetraceae,Cetraspora,NA,0.9,Highly|_Probable,arbuscular_mycorrhizal,root-associated,Glomeromycota,Gigasporaceae,Cetraspora,yes,yes,yes,primer
Cetraspora_gilmorei_P2-bc1063-1193-s476_STFP_ASV2043,Cetraspora_gilmorei_P2-bc1063-1193-s476_STFP_ASV2043_CCAMF,Cetraspora,gilmorei,P2-bc1063-1193-s476,STFP,CCAMF,ASV2043,Fungi,Mucoromycota,Glomeromycetes,Diversisporales,Gigasporaceae,Scutellospora,VTX00041,0.8,Fungi,Glomeromycota,Glomeromycetes,Gigasporales,Racocetraceae,Cetraspora,NA,1,Highly|_Probable,arbuscular_mycorrhizal,root-associated,Glomeromycota,Gigasporaceae,Cetraspora,yes,yes,yes,primer
Cetraspora_gilmorei_P2-bc1063-1193-s492_STFP_ASV2089,Cetraspora_gilmorei_P2-bc1063-1193-s492_STFP_ASV2089_CCAMF,Cetraspora,gilmorei,P2-bc1063-1193-s492,STFP,CCAMF,ASV2089,Fungi,Mucoromycota,Glomeromycetes,Diversisporales,Gigasporaceae,Scutellospora,VTX00041,0.8,Fungi,Glomeromycota,Glomeromycetes,Gigasporales,Racocetraceae,Cetraspora,NA,0.9,Highly|_Probable,arbuscular_mycorrhizal,root-associated,Glomeromycota,Gigasporaceae,Cetraspora,yes,yes,yes,primer
Cetraspora_gilmorei_P2-bc1063-1193-s533_STFP_ASV2033,Cetraspora_gilmorei_P2-bc1063-1193-s533_STFP_ASV2033_CCAMF,Cetraspora,gilmorei,P2-bc1063-1193-s533,STFP,CCAMF,ASV2033,Fungi,Mucoromycota,Glomeromycetes,Diversisporales,Gigasporaceae,Scutellospora,VTX00041,0.8,Fungi,Glomeromycota,Glomeromycetes,Gigasporales,Racocetraceae,Cetraspora,NA,0.9,Highly|_Probable,arbuscular_mycorrhizal,root-associated,Glomeromycota,Gigasporaceae,Cetraspora,yes,yes,yes,primer
Cetraspora_gilmorei_P2-bc1063-1193-s955_STFP_ASV2075,Cetraspora_gilmorei_P2-bc1063-1193-s955_STFP_ASV2075_CCAMF,Cetraspora,gilmorei,P2-bc1063-1193-s955,STFP,CCAMF,ASV2075,Fungi,Mucoromycota,Glomeromycetes,Diversisporales,Gigasporaceae,Scutellospora,VTX00041,0.8,Fungi,Glomeromycota,Glomeromycetes,Gigasporales,Racocetraceae,Cetraspora,NA,0.9,Highly|_Probable,arbuscular_mycorrhizal,root-associated,Glomeromycota,Gigasporaceae,Cetraspora,yes,yes,yes,primer
Diversispora_jakucsiae_P2-bc1067-1020-s142_STFP_ASV2544,Diversispora_jakucsiae_P2-bc1067-1020-s142_STFP_ASV2544_CCAMF,Diversispora,jakucsiae,P2-bc1067-1020-s142,STFP,CCAMF,ASV2544,Fungi,Mucoromycota,Glomeromycetes,Diversisporales,Diversisporaceae,Diversispora,VTX00054,0.8,Fungi,Glomeromycota,Glomeromycetes,Diversisporales,Diversisporaceae,Diversispora,sp,0.7,Highly|_Probable,arbuscular_mycorrhizal,root-associated,Glomeromycota,Diversisporaceae,Diversispora,yes,yes,yes,primer
Diversispora_jakucsiae_P2-bc1067-1020-s1514_STFP_ASV2545,Diversispora_jakucsiae_P2-bc1067-1020-s1514_STFP_ASV2545_CCAMF,Diversispora,jakucsiae,P2-bc1067-1020-s1514,STFP,CCAMF,ASV2545,Fungi,Mucoromycota,Glomeromycetes,Diversisporales,Diversisporaceae,Diversispora,VTX00054,0.8,Fungi,Glomeromycota,Glomeromycetes,Diversisporales,Diversisporaceae,Diversispora,sp,0.7,Highly|_Probable,arbuscular_mycorrhizal,root-associated,Glomeromycota,Diversisporaceae,Diversispora,yes,yes,yes,primer
Diversispora_jakucsiae_P2-bc1067-1020-s237_STFP_ASV2546,Diversispora_jakucsiae_P2-bc1067-1020-s237_STFP_ASV2546_CCAMF,Diversispora,jakucsiae,P2-bc1067-1020-s237,STFP,CCAMF,ASV2546,Fungi,Mucoromycota,Glomeromycetes,Diversisporales,Diversisporaceae,Diversispora,VTX00054,0.8,Fungi,Glomeromycota,Glomeromycetes,Diversisporales,Diversisporaceae,Diversispora,sp,0.7,Highly|_Probable,arbuscular_mycorrhizal,root-associated,Glomeromycota,Diversisporaceae,Diversispora,yes,yes,yes,primer
Diversispora_jakucsiae_P2-bc1067-1020-s2399_STFP_ASV2543,Diversispora_jakucsiae_P2-bc1067-1020-s2399_STFP_ASV2543_CCAMF,Diversispora,jakucsiae,P2-bc1067-1020-s2399,STFP,CCAMF,ASV2543,Fungi,Mucoromycota,Glomeromycetes,Diversisporales,Diversisporaceae,Diversispora,VTX00054,0.8,Fungi,Glomeromycota,Glomeromycetes,Diversisporales,Diversisporaceae,Diversispora,sp,0.7,Highly|_Probable,arbuscular_mycorrhizal,root-associated,Glomeromycota,Diversisporaceae,Diversispora,yes,yes,yes,primer
Diversispora_arenaria_P2-bc1068-1135-s498_STFP_ASV2549,Diversispora_arenaria_P2-bc1068-1135-s498_STFP_ASV2549_CCAMF,Diversispora,arenaria,P2-bc1068-1135-s498,STFP,CCAMF,ASV2549,Fungi,Mucoromycota,Glomeromycetes,Diversisporales,Diversisporaceae,Diversispora,VTX00054,0.9,Fungi,Glomeromycota,Glomeromycetes,Diversisporales,Diversisporaceae,Diversispora,sp,0.7,Highly|_Probable,arbuscular_mycorrhizal,root-associated,Glomeromycota,Diversisporaceae,Diversispora,yes,yes,yes,primer
Diversispora_arenaria_P2-bc1068-1135-s52_STFP_ASV2550,Diversispora_arenaria_P2-bc1068-1135-s52_STFP_ASV2550_CCAMF,Diversispora,arenaria,P2-bc1068-1135-s52,STFP,CCAMF,ASV2550,Fungi,Mucoromycota,Glomeromycetes,Diversisporales,Diversisporaceae,Diversispora,VTX00054,0.9,Fungi,Glomeromycota,Glomeromycetes,Diversisporales,Diversisporaceae,Diversispora,sp,0.7,Highly|_Probable,arbuscular_mycorrhizal,root-associated,Glomeromycota,Diversisporaceae,Diversispora,yes,yes,yes,primer
Diversispora_arenaria_P2-bc1068-1135-s559_STFP_ASV2547,Diversispora_arenaria_P2-bc1068-1135-s559_STFP_ASV2547_CCAMF,Diversispora,arenaria,P2-bc1068-1135-s559,STFP,CCAMF,ASV2547,Fungi,Mucoromycota,Glomeromycetes,Diversisporales,Diversisporaceae,Diversispora,VTX00054,0.8,Fungi,Glomeromycota,Glomeromycetes,Diversisporales,Diversisporaceae,Diversispora,sp,0.7,Highly|_Probable,arbuscular_mycorrhizal,root-associated,Glomeromycota,Diversisporaceae,Diversispora,yes,yes,yes,primer
Diversispora_arenaria_P2-bc1068-1135-s92_STFP_ASV2548,Diversispora_arenaria_P2-bc1068-1135-s92_STFP_ASV2548_CCAMF,Diversispora,arenaria,P2-bc1068-1135-s92,STFP,CCAMF,ASV2548,Fungi,Mucoromycota,Glomeromycetes,Diversisporales,Diversisporaceae,Diversispora,VTX00054,0.9,Fungi,Glomeromycota,Glomeromycetes,Diversisporales,Diversisporaceae,Diversispora,sp,0.7,Highly|_Probable,arbuscular_mycorrhizal,root-associated,Glomeromycota,Diversisporaceae,Diversispora,yes,yes,yes,primer
Diversispora_epigaea_P2-bc1073-1145-2_STFP_ASV2562,Diversispora_epigaea_P2-bc1073-1145-2_STFP_ASV2562_CCAMF,Diversispora,epigaea,P2-bc1073-1145-2,STFP,CCAMF,ASV2562,Fungi,Mucoromycota,Glomeromycetes,Diversisporales,Diversisporaceae,Diversispora,VTX00061,0.8,Fungi,Glomeromycota,Glomeromycetes,Diversisporales,Diversisporaceae,Diversispora,epigaea,0.7,Highly|_Probable,arbuscular_mycorrhizal,root-associated,Glomeromycota,Diversisporaceae,Diversispora,yes,yes,yes,primer
Diversispora_epigaea_P2-bc1073-1145-s22_STFP_ASV2555,Diversispora_epigaea_P2-bc1073-1145-s22_STFP_ASV2555_CCAMF,Diversispora,epigaea,P2-bc1073-1145-s22,STFP,CCAMF,ASV2555,Fungi,Mucoromycota,Glomeromycetes,Diversisporales,Diversisporaceae,Diversispora,VTX00061,1,Fungi,Glomeromycota,Glomeromycetes,Diversisporales,Diversisporaceae,Diversispora,epigaea,0.8,Highly|_Probable,arbuscular_mycorrhizal,root-associated,Glomeromycota,Diversisporaceae,Diversispora,yes,yes,yes,primer
Diversispora_epigaea_P2-bc1073-1145-s41_STFP_ASV2554,Diversispora_epigaea_P2-bc1073-1145-s41_STFP_ASV2554_CCAMF,Diversispora,epigaea,P2-bc1073-1145-s41,STFP,CCAMF,ASV2554,Fungi,Mucoromycota,Glomeromycetes,Diversisporales,Diversisporaceae,Diversispora,VTX00061,0.9,Fungi,Glomeromycota,Glomeromycetes,Diversisporales,Diversisporaceae,Diversispora,epigaea,0.8,Highly|_Probable,arbuscular_mycorrhizal,root-associated,Glomeromycota,Diversisporaceae,Diversispora,yes,yes,yes,primer
Diversispora_epigaea_P2-bc1073-1145-s44_STFP_ASV2552,Diversispora_epigaea_P2-bc1073-1145-s44_STFP_ASV2552_CCAMF,Diversispora,epigaea,P2-bc1073-1145-s44,STFP,CCAMF,ASV2552,Fungi,Mucoromycota,Glomeromycetes,Diversisporales,Diversisporaceae,Diversispora,VTX00061,0.9,Fungi,Glomeromycota,Glomeromycetes,Diversisporales,Diversisporaceae,Diversispora,epigaea,0.9,Highly|_Probable,arbuscular_mycorrhizal,root-associated,Glomeromycota,Diversisporaceae,Diversispora,yes,yes,yes,primer
Diversispora_epigaea_P2-bc1073-1145-s48_STFP_ASV2551,Diversispora_epigaea_P2-bc1073-1145-s48_STFP_ASV2551_CCAMF,Diversispora,epigaea,P2-bc1073-1145-s48,STFP,CCAMF,ASV2551,Fungi,Mucoromycota,Glomeromycetes,Diversisporales,Diversisporaceae,Diversispora,VTX00061,1,Fungi,Glomeromycota,Glomeromycetes,Diversisporales,Diversisporaceae,Diversispora,epigaea,0.8,Highly|_Probable,arbuscular_mycorrhizal,root-associated,Glomeromycota,Diversisporaceae,Diversispora,yes,yes,yes,primer
Dominikia_duoreactiva_P2-bc1080-348-s175_STFP_ASV2403,Dominikia_duoreactiva_P2-bc1080-348-s175_STFP_ASV2403_CCAMF,Dominikia,duoreactiva,P2-bc1080-348-s175,STFP,CCAMF,ASV2403,Fungi,Mucoromycota,Glomeromycetes,Glomerales,Glomeraceae,Glomus,VTX00153,1,Fungi,Glomeromycota,Glomeromycetes,Glomerales,Glomeraceae,Glomus,sp,1,Highly|_Probable,arbuscular_mycorrhizal,root-associated,Glomeromycota,Dominikiaceae,Dominikia,yes,yes,yes,primer
Dominikia_duoreactiva_P2-bc1080-348-s188_STFP_ASV2401,Dominikia_duoreactiva_P2-bc1080-348-s188_STFP_ASV2401_CCAMF,Dominikia,duoreactiva,P2-bc1080-348-s188,STFP,CCAMF,ASV2401,Fungi,Mucoromycota,Glomeromycetes,Glomerales,Glomeraceae,Glomus,VTX00153,1,Fungi,Glomeromycota,Glomeromycetes,Glomerales,Glomeraceae,Dominikia,NA,0.6,Probable,arbuscular_mycorrhizal,root-associated,Glomeromycota,Dominikiaceae,Dominikia,yes,yes,yes,primer
Dominikia_duoreactiva_P2-bc1080-348-s268_STFP_ASV2399,Dominikia_duoreactiva_P2-bc1080-348-s268_STFP_ASV2399_CCAMF,Dominikia,duoreactiva,P2-bc1080-348-s268,STFP,CCAMF,ASV2399,Fungi,Mucoromycota,Glomeromycetes,Glomerales,Glomeraceae,Glomus,VTX00153,1,Fungi,Glomeromycota,Glomeromycetes,Glomerales,Glomeraceae,Dominikia,NA,0.6,Probable,arbuscular_mycorrhizal,root-associated,Glomeromycota,Dominikiaceae,Dominikia,yes,yes,yes,primer
Dominikia_duoreactiva_P2-bc1080-348-s4127_STFP_ASV2397,Dominikia_duoreactiva_P2-bc1080-348-s4127_STFP_ASV2397_CCAMF,Dominikia,duoreactiva,P2-bc1080-348-s4127,STFP,CCAMF,ASV2397,Fungi,Mucoromycota,Glomeromycetes,Glomerales,Glomeraceae,Glomus,VTX00153,1,Fungi,Glomeromycota,Glomeromycetes,Glomerales,Glomeraceae,Dominikia,NA,0.6,Probable,arbuscular_mycorrhizal,root-associated,Glomeromycota,Dominikiaceae,Dominikia,yes,yes,yes,primer
Dominikia_duoreactiva_P2-bc1080-348-s531_STFP_ASV2080,Dominikia_duoreactiva_P2-bc1080-348-s531_STFP_ASV2080_CCAMF,Dominikia,duoreactiva,P2-bc1080-348-s531,STFP,CCAMF,ASV2080,Fungi,Mucoromycota,Glomeromycetes,Glomerales,Glomeraceae,Glomus,VTX00153,1,Fungi,Glomeromycota,Glomeromycetes,Glomerales,Glomeraceae,Glomus,sp,1,Highly|_Probable,arbuscular_mycorrhizal,root-associated,Glomeromycota,Dominikiaceae,Dominikia,yes,yes,yes,primer
Septoglomus_sp._P2-bc1084-652-s204_STFP_ASV2306,Septoglomus_sp._P2-bc1084-652-s204_STFP_ASV2306_CCAMF,Septoglomus,sp.,P2-bc1084-652-s204,STFP,CCAMF,ASV2306,Fungi,Mucoromycota,Glomeromycetes,Glomerales,Glomeraceae,Glomus,VTX00064,0.9,Fungi,Glomeromycota,Glomeromycetes,Glomerales,Glomeraceae,NA,NA,0.6,Highly|_Probable,NA,NA,Glomeromycota,Septoglomeraceae,Septoglomus,yes,yes,yes,primer
Septoglomus_sp._P2-bc1084-652-s420_STFP_ASV2302,Septoglomus_sp._P2-bc1084-652-s420_STFP_ASV2302_CCAMF,Septoglomus,sp.,P2-bc1084-652-s420,STFP,CCAMF,ASV2302,Fungi,Mucoromycota,Glomeromycetes,Glomerales,Glomeraceae,Glomus,VTX00064,1,Fungi,Glomeromycota,Glomeromycetes,Glomerales,Glomeraceae,Septoglomus,sp,0.7,Highly|_Probable,arbuscular_mycorrhizal,root-associated,Glomeromycota,Septoglomeraceae,Septoglomus,yes,yes,yes,primer
Septoglomus_sp._P2-bc1084-652-s70_STFP_ASV2307,Septoglomus_sp._P2-bc1084-652-s70_STFP_ASV2307_CCAMF,Septoglomus,sp.,P2-bc1084-652-s70,STFP,CCAMF,ASV2307,Fungi,Mucoromycota,Glomeromycetes,Glomerales,Glomeraceae,Glomus,VTX00064,0.9,Fungi,Glomeromycota,Glomeromycetes,Glomerales,Glomeraceae,NA,NA,0.6,Highly|_Probable,NA,NA,Glomeromycota,Septoglomeraceae,Septoglomus,yes,yes,yes,primer
Septoglomus_sp._P2-bc1086-960-s229_STFP_ASV2293,Septoglomus_sp._P2-bc1086-960-s229_STFP_ASV2293_CCAMF,Septoglomus,sp.,P2-bc1086-960-s229,STFP,CCAMF,ASV2293,Fungi,Mucoromycota,Glomeromycetes,Glomerales,Glomeraceae,Glomus,VTX00063,0.9,Fungi,Glomeromycota,Glomeromycetes,Glomerales,Glomeraceae,Glomus,NA,0.667,Highly|_Probable,arbuscular_mycorrhizal,root-associated,Glomeromycota,Septoglomeraceae,Septoglomus,yes,yes,yes,primer
Septoglomus_sp._P2-bc1086-960-s35_STFP_ASV2298,Septoglomus_sp._P2-bc1086-960-s35_STFP_ASV2298_CCAMF,Septoglomus,sp.,P2-bc1086-960-s35,STFP,CCAMF,ASV2298,Fungi,Mucoromycota,Glomeromycetes,Glomerales,Glomeraceae,Glomus,VTX00063,1,Fungi,Glomeromycota,Glomeromycetes,Glomerales,Glomeraceae,Glomus,NA,0.667,Highly|_Probable,arbuscular_mycorrhizal,root-associated,Glomeromycota,Septoglomeraceae,Septoglomus,yes,yes,yes,primer
Septoglomus_sp._P2-bc1086-960-s88_STFP_ASV2016,Septoglomus_sp._P2-bc1086-960-s88_STFP_ASV2016_CCAMF,Septoglomus,sp.,P2-bc1086-960-s88,STFP,CCAMF,ASV2016,Fungi,Mucoromycota,Glomeromycetes,Glomerales,Glomeraceae,Glomus,VTX00063,0.9,Fungi,Glomeromycota,Glomeromycetes,Glomerales,Glomeraceae,Glomus,NA,0.571,Highly|_Probable,arbuscular_mycorrhizal,root-associated,Glomeromycota,Septoglomeraceae,Septoglomus,yes,yes,yes,primer
Glomus_chinense_P2-bc1087-1177-s112_STFP_ASV2097,Glomus_chinense_P2-bc1087-1177-s112_STFP_ASV2097_CCAMF,Glomus,chinense,P2-bc1087-1177-s112,STFP,CCAMF,ASV2097,Fungi,Mucoromycota,Glomeromycetes,Glomerales,Glomeraceae,Glomus,VTX00199,0.9,Fungi,Glomeromycota,Glomeromycetes,Glomerales,Glomeraceae,Glomus,NA,0.8,Highly|_Probable,arbuscular_mycorrhizal,root-associated,Glomeromycota,Glomeraceae,Glomus,yes,yes,yes,primer
Glomus_chinense_P2-bc1087-1177-s136_STFP_ASV2337,Glomus_chinense_P2-bc1087-1177-s136_STFP_ASV2337_CCAMF,Glomus,chinense,P2-bc1087-1177-s136,STFP,CCAMF,ASV2337,Fungi,Mucoromycota,Glomeromycetes,Glomerales,Glomeraceae,Glomus,VTX00199,0.9,Fungi,Glomeromycota,Glomeromycetes,Glomerales,Glomeraceae,Glomus,NA,0.8,Highly|_Probable,arbuscular_mycorrhizal,root-associated,Glomeromycota,Glomeraceae,Glomus,yes,yes,yes,primer
Glomus_chinense_P2-bc1087-1177-s1451_STFP_ASV2053,Glomus_chinense_P2-bc1087-1177-s1451_STFP_ASV2053_CCAMF,Glomus,chinense,P2-bc1087-1177-s1451,STFP,CCAMF,ASV2053,Fungi,Mucoromycota,Glomeromycetes,Glomerales,Glomeraceae,Glomus,VTX00199,0.9,Fungi,Glomeromycota,Glomeromycetes,Glomerales,Glomeraceae,Glomus,NA,0.8,Highly|_Probable,arbuscular_mycorrhizal,root-associated,Glomeromycota,Glomeraceae,Glomus,yes,yes,yes,primer
Glomus_chinense_P2-bc1087-1177-s165_STFP_ASV2338,Glomus_chinense_P2-bc1087-1177-s165_STFP_ASV2338_CCAMF,Glomus,chinense,P2-bc1087-1177-s165,STFP,CCAMF,ASV2338,Fungi,Mucoromycota,Glomeromycetes,Glomerales,Glomeraceae,Glomus,VTX00199,0.9,Fungi,Glomeromycota,Glomeromycetes,Glomerales,Glomeraceae,Glomus,NA,0.8,Highly|_Probable,arbuscular_mycorrhizal,root-associated,Glomeromycota,Glomeraceae,Glomus,yes,yes,yes,primer
Glomus_chinense_P2-bc1087-1177-s407_STFP_ASV2336,Glomus_chinense_P2-bc1087-1177-s407_STFP_ASV2336_CCAMF,Glomus,chinense,P2-bc1087-1177-s407,STFP,CCAMF,ASV2336,Fungi,Mucoromycota,Glomeromycetes,Glomerales,Glomeraceae,Glomus,VTX00199,0.9,Fungi,Glomeromycota,Glomeromycetes,Glomerales,Glomeraceae,Glomus,NA,0.8,Highly|_Probable,arbuscular_mycorrhizal,root-associated,Glomeromycota,Glomeraceae,Glomus,yes,yes,yes,primer
Glomus_chinense_P2-bc1087-1177-s93_STFP_ASV2088,Glomus_chinense_P2-bc1087-1177-s93_STFP_ASV2088_CCAMF,Glomus,chinense,P2-bc1087-1177-s93,STFP,CCAMF,ASV2088,Fungi,Mucoromycota,Glomeromycetes,Glomerales,Glomeraceae,Glomus,VTX00199,0.9,Fungi,Glomeromycota,Glomeromycetes,Glomerales,Glomeraceae,Glomus,NA,0.8,Highly|_Probable,arbuscular_mycorrhizal,root-associated,Glomeromycota,Glomeraceae,Glomus,yes,yes,yes,primer
Glomus_chinense_P2-bc1087-1177-s96_STFP_ASV2081,Glomus_chinense_P2-bc1087-1177-s96_STFP_ASV2081_CCAMF,Glomus,chinense,P2-bc1087-1177-s96,STFP,CCAMF,ASV2081,Fungi,Mucoromycota,Glomeromycetes,Glomerales,Glomeraceae,Glomus,VTX00199,0.9,Fungi,Glomeromycota,Glomeromycetes,Glomerales,Glomeraceae,Glomus,NA,0.8,Highly|_Probable,arbuscular_mycorrhizal,root-associated,Glomeromycota,Glomeraceae,Glomus,yes,yes,yes,primer
Glomus_chinense_P2-bc1088-1329-s105_STFP_ASV2341,Glomus_chinense_P2-bc1088-1329-s105_STFP_ASV2341_CCAMF,Glomus,chinense,P2-bc1088-1329-s105,STFP,CCAMF,ASV2341,Fungi,Mucoromycota,Glomeromycetes,Glomerales,Glomeraceae,Glomus,VTX00199,0.9,Fungi,Glomeromycota,Glomeromycetes,Glomerales,Glomeraceae,Glomus,NA,0.9,Highly|_Probable,arbuscular_mycorrhizal,root-associated,Glomeromycota,Glomeraceae,Glomus,yes,yes,yes,primer
Glomus_chinense_P2-bc1088-1329-s38_STFP_ASV2355,Glomus_chinense_P2-bc1088-1329-s38_STFP_ASV2355_CCAMF,Glomus,chinense,P2-bc1088-1329-s38,STFP,CCAMF,ASV2355,Fungi,Mucoromycota,Glomeromycetes,Glomerales,Glomeraceae,Glomus,VTX00199,1,Fungi,Glomeromycota,Glomeromycetes,Glomerales,Glomeraceae,Glomus,NA,1,Highly|_Probable,arbuscular_mycorrhizal,root-associated,Glomeromycota,Glomeraceae,Glomus,yes,yes,yes,primer
Glomus_chinense_P2-bc1088-1329-s417_STFP_ASV2343,Glomus_chinense_P2-bc1088-1329-s417_STFP_ASV2343_CCAMF,Glomus,chinense,P2-bc1088-1329-s417,STFP,CCAMF,ASV2343,Fungi,Mucoromycota,Glomeromycetes,Glomerales,Glomeraceae,Glomus,VTX00199,0.9,Fungi,Glomeromycota,Glomeromycetes,Glomerales,Glomeraceae,Glomus,NA,0.8,Highly|_Probable,arbuscular_mycorrhizal,root-associated,Glomeromycota,Glomeraceae,Glomus,yes,yes,yes,primer
Glomus_chinense_P2-bc1088-1329-s49_STFP_ASV2342,Glomus_chinense_P2-bc1088-1329-s49_STFP_ASV2342_CCAMF,Glomus,chinense,P2-bc1088-1329-s49,STFP,CCAMF,ASV2342,Fungi,Mucoromycota,Glomeromycetes,Glomerales,Glomeraceae,Glomus,VTX00199,1,Fungi,Glomeromycota,Glomeromycetes,Glomerales,Glomeraceae,Glomus,NA,0.9,Highly|_Probable,arbuscular_mycorrhizal,root-associated,Glomeromycota,Glomeraceae,Glomus,yes,yes,yes,primer
Glomus_chinense_P2-bc1088-1329-s706_STFP_ASV2340,Glomus_chinense_P2-bc1088-1329-s706_STFP_ASV2340_CCAMF,Glomus,chinense,P2-bc1088-1329-s706,STFP,CCAMF,ASV2340,Fungi,Mucoromycota,Glomeromycetes,Glomerales,Glomeraceae,Glomus,VTX00199,0.9,Fungi,Glomeromycota,Glomeromycetes,Glomerales,Glomeraceae,Glomus,NA,0.9,Highly|_Probable,arbuscular_mycorrhizal,root-associated,Glomeromycota,Glomeraceae,Glomus,yes,yes,yes,primer
Microdominikia_litorea_P2-bc1092-1550-s107_STFP_ASV2413,Microdominikia_litorea_P2-bc1092-1550-s107_STFP_ASV2413_CCAMF,Microdominikia,litorea,P2-bc1092-1550-s107,STFP,CCAMF,ASV2413,Fungi,Mucoromycota,Glomeromycetes,Glomerales,Glomeraceae,Glomus,VTX00222,1,Fungi,Glomeromycota,Glomeromycetes,Glomerales,Glomeraceae,Microdominikia,NA,0.8,Probable,arbuscular_mycorrhizal,root-associated,Glomeromycota,Dominikiaceae,NA,yes,yes,yes,primer
Microdominikia_litorea_P2-bc1092-1550-s228_STFP_ASV2414,Microdominikia_litorea_P2-bc1092-1550-s228_STFP_ASV2414_CCAMF,Microdominikia,litorea,P2-bc1092-1550-s228,STFP,CCAMF,ASV2414,Fungi,Mucoromycota,Glomeromycetes,Glomerales,Glomeraceae,Glomus,VTX00222,1,Fungi,Glomeromycota,Glomeromycetes,Glomerales,Glomeraceae,Microdominikia,NA,0.7,Probable,arbuscular_mycorrhizal,root-associated,Glomeromycota,Dominikiaceae,NA,yes,yes,yes,primer
Microdominikia_litorea_P2-bc1092-1550-s28_STFP_ASV2416,Microdominikia_litorea_P2-bc1092-1550-s28_STFP_ASV2416_CCAMF,Microdominikia,litorea,P2-bc1092-1550-s28,STFP,CCAMF,ASV2416,Fungi,Mucoromycota,Glomeromycetes,Glomerales,Glomeraceae,Glomus,VTX00222,1,Fungi,Glomeromycota,Glomeromycetes,Glomerales,Glomeraceae,Microdominikia,NA,0.7,Probable,arbuscular_mycorrhizal,root-associated,Glomeromycota,Dominikiaceae,NA,yes,yes,yes,primer
Microdominikia_litorea_P2-bc1092-1550-s302_STFP_ASV2412,Microdominikia_litorea_P2-bc1092-1550-s302_STFP_ASV2412_CCAMF,Microdominikia,litorea,P2-bc1092-1550-s302,STFP,CCAMF,ASV2412,Fungi,Mucoromycota,Glomeromycetes,Glomerales,Glomeraceae,Glomus,VTX00222,1,Fungi,Glomeromycota,Glomeromycetes,Glomerales,Glomeraceae,Microdominikia,NA,0.8,Probable,arbuscular_mycorrhizal,root-associated,Glomeromycota,Dominikiaceae,NA,yes,yes,yes,primer
Microdominikia_litorea_P2-bc1092-1550-s31_STFP_ASV2411,Microdominikia_litorea_P2-bc1092-1550-s31_STFP_ASV2411_CCAMF,Microdominikia,litorea,P2-bc1092-1550-s31,STFP,CCAMF,ASV2411,Fungi,Mucoromycota,Glomeromycetes,Glomerales,Glomeraceae,Glomus,VTX00125,1,Fungi,Glomeromycota,Glomeromycetes,Glomerales,Glomeraceae,Microdominikia,NA,0.6,Probable,arbuscular_mycorrhizal,root-associated,Glomeromycota,Dominikiaceae,NA,yes,yes,yes,primer
Microdominikia_litorea_P2-bc1092-1550-s333_STFP_ASV2410,Microdominikia_litorea_P2-bc1092-1550-s333_STFP_ASV2410_CCAMF,Microdominikia,litorea,P2-bc1092-1550-s333,STFP,CCAMF,ASV2410,Fungi,Mucoromycota,Glomeromycetes,Glomerales,Glomeraceae,Glomus,VTX00222,1,Fungi,Glomeromycota,Glomeromycetes,Glomerales,Glomeraceae,NA,NA,1,Highly|_Probable,NA,NA,Glomeromycota,Dominikiaceae,NA,yes,yes,yes,primer
Microdominikia_litorea_P2-bc1092-1550-s67_STFP_ASV2415,Microdominikia_litorea_P2-bc1092-1550-s67_STFP_ASV2415_CCAMF,Microdominikia,litorea,P2-bc1092-1550-s67,STFP,CCAMF,ASV2415,Fungi,Mucoromycota,Glomeromycetes,Glomerales,Glomeraceae,Glomus,VTX00222,1,Fungi,Glomeromycota,Glomeromycetes,Glomerales,Glomeraceae,Microdominikia,NA,0.8,Probable,arbuscular_mycorrhizal,root-associated,Glomeromycota,Dominikiaceae,NA,yes,yes,yes,primer
Microdominikia_litorea_P2-bc1093-1557-2_STFP_ASV2421,Microdominikia_litorea_P2-bc1093-1557-2_STFP_ASV2421_CCAMF,Microdominikia,litorea,P2-bc1093-1557-2,STFP,CCAMF,ASV2421,Fungi,Mucoromycota,Glomeromycetes,Glomerales,Glomeraceae,Glomus,VTX00222,1,Fungi,Glomeromycota,Glomeromycetes,Glomerales,Glomeraceae,NA,NA,1,Highly|_Probable,NA,NA,Glomeromycota,Dominikiaceae,NA,yes,yes,yes,primer
Microdominikia_litorea_P2-bc1093-1557-s13_STFP_ASV2419,Microdominikia_litorea_P2-bc1093-1557-s13_STFP_ASV2419_CCAMF,Microdominikia,litorea,P2-bc1093-1557-s13,STFP,CCAMF,ASV2419,Fungi,Mucoromycota,Glomeromycetes,Glomerales,Glomeraceae,Glomus,VTX00125,1,Fungi,Glomeromycota,Glomeromycetes,Glomerales,Glomeraceae,NA,NA,1,Highly|_Probable,NA,NA,Glomeromycota,Dominikiaceae,NA,yes,yes,yes,primer
Microdominikia_litorea_P2-bc1093-1557-s34_STFP_ASV2420,Microdominikia_litorea_P2-bc1093-1557-s34_STFP_ASV2420_CCAMF,Microdominikia,litorea,P2-bc1093-1557-s34,STFP,CCAMF,ASV2420,Fungi,Mucoromycota,Glomeromycetes,Glomerales,Glomeraceae,Glomus,VTX00222,1,Fungi,Glomeromycota,Glomeromycetes,Glomerales,Glomeraceae,NA,NA,1,Highly|_Probable,NA,NA,Glomeromycota,Dominikiaceae,NA,yes,yes,yes,primer
Microdominikia_litorea_P2-bc1093-1557-s35_STFP_ASV2418,Microdominikia_litorea_P2-bc1093-1557-s35_STFP_ASV2418_CCAMF,Microdominikia,litorea,P2-bc1093-1557-s35,STFP,CCAMF,ASV2418,Fungi,Mucoromycota,Glomeromycetes,Glomerales,Glomeraceae,Glomus,VTX00125,1,Fungi,Glomeromycota,Glomeromycetes,Glomerales,Glomeraceae,NA,NA,1,Highly|_Probable,NA,NA,Glomeromycota,Dominikiaceae,NA,yes,yes,yes,primer
Microdominikia_litorea_P2-bc1093-1557-s37_STFP_ASV2417,Microdominikia_litorea_P2-bc1093-1557-s37_STFP_ASV2417_CCAMF,Microdominikia,litorea,P2-bc1093-1557-s37,STFP,CCAMF,ASV2417,Fungi,Mucoromycota,Glomeromycetes,Glomerales,Glomeraceae,Glomus,VTX00125,1,Fungi,Glomeromycota,Glomeromycetes,Glomerales,Glomeraceae,Microdominikia,NA,0.7,Probable,arbuscular_mycorrhizal,root-associated,Glomeromycota,Dominikiaceae,NA,yes,yes,yes,primer
Dominikia_bonfanteae_P2-bc1095-754-s1072_STFP_ASV2404,Dominikia_bonfanteae_P2-bc1095-754-s1072_STFP_ASV2404_CCAMF,Dominikia,bonfanteae,P2-bc1095-754-s1072,STFP,CCAMF,ASV2404,Fungi,Mucoromycota,Glomeromycetes,Glomerales,Glomeraceae,Glomus,VTX00143,1,Fungi,Glomeromycota,Glomeromycetes,Glomerales,Glomeraceae,NA,NA,1,Highly|_Probable,NA,NA,Glomeromycota,Dominikiaceae,Dominikia,yes,yes,yes,primer
Dominikia_bonfanteae_P2-bc1095-754-s155_STFP_ASV2406,Dominikia_bonfanteae_P2-bc1095-754-s155_STFP_ASV2406_CCAMF,Dominikia,bonfanteae,P2-bc1095-754-s155,STFP,CCAMF,ASV2406,Fungi,Mucoromycota,Glomeromycetes,Glomerales,Glomeraceae,Glomus,VTX00143,1,Fungi,Glomeromycota,Glomeromycetes,Glomerales,Glomeraceae,NA,NA,1,Highly|_Probable,NA,NA,Glomeromycota,Dominikiaceae,Dominikia,yes,yes,yes,primer
Dominikia_bonfanteae_P2-bc1095-754-s274_STFP_ASV2405,Dominikia_bonfanteae_P2-bc1095-754-s274_STFP_ASV2405_CCAMF,Dominikia,bonfanteae,P2-bc1095-754-s274,STFP,CCAMF,ASV2405,Fungi,Mucoromycota,Glomeromycetes,Glomerales,Glomeraceae,Glomus,VTX00143,1,Fungi,Glomeromycota,Glomeromycetes,Glomerales,Glomeraceae,NA,NA,1,Highly|_Probable,NA,NA,Glomeromycota,Dominikiaceae,Dominikia,yes,yes,yes,primer
Dominikia_bonfanteae_P2-bc1096-1522-s217_STFP_ASV2407,Dominikia_duoreactiva_P3-bc1062-1141-s21_STFP_ASV2407_CCAMF,Dominikia,bonfanteae,P2-bc1096-1522-s217,STFP,CCAMF,ASV2407,Fungi,Mucoromycota,Glomeromycetes,Glomerales,Glomeraceae,Glomus,VTX00143,1,Fungi,Glomeromycota,Glomeromycetes,Glomerales,Glomeraceae,Dominikia,sp,0.7,Probable,arbuscular_mycorrhizal,root-associated,Glomeromycota,Dominikiaceae,Dominikia,yes,yes,yes,primer
Dominikia_bonfanteae_P2-bc1096-1522-s46_STFP_ASV2408,Dominikia_bonfanteae_P2-bc1096-1522-s46_STFP_ASV2408_CCAMF,Dominikia,bonfanteae,P2-bc1096-1522-s46,STFP,CCAMF,ASV2408,Fungi,Mucoromycota,Glomeromycetes,Glomerales,Glomeraceae,Glomus,VTX00143,1,Fungi,Glomeromycota,Glomeromycetes,Glomerales,Glomeraceae,Dominikia,sp,0.7,Probable,arbuscular_mycorrhizal,root-associated,Glomeromycota,Dominikiaceae,Dominikia,yes,yes,yes,primer
Dominikia_bonfanteae_P2-bc1096-1522-s69_STFP_ASV2409,Dominikia_bonfanteae_P2-bc1096-1522-s69_STFP_ASV2409_CCAMF,Dominikia,bonfanteae,P2-bc1096-1522-s69,STFP,CCAMF,ASV2409,Fungi,Mucoromycota,Glomeromycetes,Glomerales,Glomeraceae,Glomus,VTX00143,1,Fungi,Glomeromycota,Glomeromycetes,Glomerales,Glomeraceae,Dominikia,sp,0.7,Probable,arbuscular_mycorrhizal,root-associated,Glomeromycota,Dominikiaceae,Dominikia,yes,yes,yes,primer
Rhizophagus_intraradices_P3-bc1004-23-s60_STFP_ASV2488,Rhizophagus_intraradices_P3-bc1004-23-s60_STFP_ASV2488_CCAMF,Rhizophagus,intraradices,P3-bc1004-23-s60,STFP,CCAMF,ASV2488,Fungi,Mucoromycota,Glomeromycetes,Glomerales,Glomeraceae,Glomus,VTX00100,0.9,Fungi,Glomeromycota,Glomeromycetes,Glomerales,Glomeraceae,Rhizoglomus,intraradices,0.8,Probable,arbuscular_mycorrhizal,root-associated,Glomeromycota,Sclerocystaceae_Kamienskiaceae,Rhizophagus,yes,yes,yes,primer
Rhizophagus_sp._P3-bc1005-74-s151_STFP_ASV2042,Rhizophagus_sp._P3-bc1005-74-s151_STFP_ASV2042_CCAMF,Rhizophagus,sp.,P3-bc1005-74-s151,STFP,CCAMF,ASV2042,Fungi,Mucoromycota,Glomeromycetes,Glomerales,Glomeraceae,Glomus,VTX00248,1,Fungi,Glomeromycota,Glomeromycetes,Glomerales,Glomeraceae,NA,NA,0.9,Highly|_Probable,NA,NA,Glomeromycota,Sclerocystaceae_Kamienskiaceae,Rhizophagus,yes,yes,yes,primer
Rhizophagus_sp._P3-bc1005-74-s30_STFP_ASV2095,Rhizophagus_sp._P3-bc1005-74-s30_STFP_ASV2095_CCAMF,Rhizophagus,sp.,P3-bc1005-74-s30,STFP,CCAMF,ASV2095,Fungi,Mucoromycota,Glomeromycetes,Glomerales,Glomeraceae,Glomus,VTX00248,1,Fungi,Glomeromycota,Glomeromycetes,Glomerales,Glomeraceae,NA,NA,0.9,Highly|_Probable,NA,NA,Glomeromycota,Sclerocystaceae_Kamienskiaceae,Rhizophagus,yes,yes,yes,primer
Rhizophagus_sp._P3-bc1005-74-s33_STFP_ASV2110,Rhizophagus_sp._P3-bc1005-74-s33_STFP_ASV2110_CCAMF,Rhizophagus,sp.,P3-bc1005-74-s33,STFP,CCAMF,ASV2110,Fungi,Mucoromycota,Glomeromycetes,Glomerales,Glomeraceae,Glomus,VTX00248,1,Fungi,Glomeromycota,Glomeromycetes,Glomerales,Glomeraceae,NA,NA,0.9,Highly|_Probable,NA,NA,Glomeromycota,Sclerocystaceae_Kamienskiaceae,Rhizophagus,yes,yes,yes,primer
Gigaspora_rosea_P3-bc1021-694-s22_STFP_ASV2009,Gigaspora_rosea_P3-bc1021-694-s22_STFP_ASV2009_CCAMF,Gigaspora,rosea,P3-bc1021-694-s22,STFP,CCAMF,ASV2009,Fungi,Mucoromycota,Glomeromycetes,Diversisporales,Gigasporaceae,Gigaspora,VTX00039,1,Fungi,Glomeromycota,Glomeromycetes,Gigasporales,Gigasporaceae,Gigaspora,NA,1,Highly|_Probable,arbuscular_mycorrhizal,root-associated,Glomeromycota,Gigasporaceae,Gigaspora,yes,yes,yes,primer
Glomus_macrocarpum_P3-bc1031-1214-s13_STFP_ASV2012,Glomus_macrocarpum_P3-bc1031-1214-s13_STFP_ASV2012_CCAMF,Glomus,macrocarpum,P3-bc1031-1214-s13,STFP,CCAMF,ASV2012,Fungi,Mucoromycota,Glomeromycetes,Glomerales,Glomeraceae,Glomus,VTX00199,1,Fungi,Glomeromycota,Glomeromycetes,Glomerales,Glomeraceae,Glomus,NA,1,Highly|_Probable,arbuscular_mycorrhizal,root-associated,Glomeromycota,Glomeraceae,Glomus,yes,yes,yes,primer
Glomus_macrocarpum_P3-bc1031-1214-s38_STFP_ASV2356,Glomus_macrocarpum_P3-bc1031-1214-s38_STFP_ASV2356_CCAMF,Glomus,macrocarpum,P3-bc1031-1214-s38,STFP,CCAMF,ASV2356,Fungi,Mucoromycota,Glomeromycetes,Glomerales,Glomeraceae,Glomus,VTX00199,1,Fungi,Glomeromycota,Glomeromycetes,Glomerales,Glomeraceae,Glomus,macrocarpum,0.7,Highly|_Probable,arbuscular_mycorrhizal,root-associated,Glomeromycota,Glomeraceae,Glomus,yes,yes,yes,primer
Glomus_rugosae_P3-bc1033-65-s103_STFP_ASV2072,Glomus_rugosae_P3-bc1033-65-s103_STFP_ASV2072_CCAMF,Glomus,rugosae,P3-bc1033-65-s103,STFP,CCAMF,ASV2072,Fungi,Mucoromycota,Glomeromycetes,Glomerales,Glomeraceae,Glomus,VTX00199,1,Fungi,Glomeromycota,Glomeromycetes,Glomerales,Glomeraceae,Glomus,macrocarpum,0.6,Highly|_Probable,arbuscular_mycorrhizal,root-associated,Glomeromycota,Glomeraceae,Glomus,yes,yes,yes,primer
Glomus_rugosae_P3-bc1033-65-s155_STFP_ASV2087,Glomus_rugosae_P3-bc1033-65-s155_STFP_ASV2087_CCAMF,Glomus,rugosae,P3-bc1033-65-s155,STFP,CCAMF,ASV2087,Fungi,Mucoromycota,Glomeromycetes,Glomerales,Glomeraceae,Glomus,VTX00199,1,Fungi,Glomeromycota,Glomeromycetes,Glomerales,Glomeraceae,Glomus,sp,0.9,Highly|_Probable,arbuscular_mycorrhizal,root-associated,Glomeromycota,Glomeraceae,Glomus,yes,yes,yes,primer
Glomus_rugosae_P3-bc1033-65-s40_STFP_ASV2068,Glomus_rugosae_P3-bc1033-65-s40_STFP_ASV2068_CCAMF,Glomus,rugosae,P3-bc1033-65-s40,STFP,CCAMF,ASV2068,Fungi,Mucoromycota,Glomeromycetes,Glomerales,Glomeraceae,Glomus,VTX00199,1,Fungi,Glomeromycota,Glomeromycetes,Glomerales,Glomeraceae,Glomus,NA,1,Highly|_Probable,arbuscular_mycorrhizal,root-associated,Glomeromycota,Glomeraceae,Glomus,yes,yes,yes,primer
Glomus_chinense_P3-bc1037-733-s1196_STFP_ASV2053,Glomus_chinense_P3-bc1037-733-s1196_STFP_ASV2053_CCAMF,Glomus,chinense,P3-bc1037-733-s1196,STFP,CCAMF,ASV2053,Fungi,Mucoromycota,Glomeromycetes,Glomerales,Glomeraceae,Glomus,VTX00199,0.9,Fungi,Glomeromycota,Glomeromycetes,Glomerales,Glomeraceae,Glomus,NA,0.8,Highly|_Probable,arbuscular_mycorrhizal,root-associated,Glomeromycota,Glomeraceae,Glomus,yes,yes,yes,primer
Glomus_chinense_P3-bc1037-733-s37_STFP_ASV2335,Glomus_chinense_P3-bc1037-733-s37_STFP_ASV2335_CCAMF,Glomus,chinense,P3-bc1037-733-s37,STFP,CCAMF,ASV2335,Fungi,Mucoromycota,Glomeromycetes,Glomerales,Glomeraceae,Glomus,VTX00199,0.9,Fungi,Glomeromycota,Glomeromycetes,Glomerales,Glomeraceae,Glomus,NA,0.8,Highly|_Probable,arbuscular_mycorrhizal,root-associated,Glomeromycota,Glomeraceae,Glomus,yes,yes,yes,primer
Glomus_chinense_P3-bc1037-733-s65_STFP_ASV2334,Glomus_chinense_P3-bc1037-733-s65_STFP_ASV2334_CCAMF,Glomus,chinense,P3-bc1037-733-s65,STFP,CCAMF,ASV2334,Fungi,Mucoromycota,Glomeromycetes,Glomerales,Glomeraceae,Glomus,VTX00199,0.9,Fungi,Glomeromycota,Glomeromycetes,Glomerales,Glomeraceae,Glomus,NA,0.8,Highly|_Probable,arbuscular_mycorrhizal,root-associated,Glomeromycota,Glomeraceae,Glomus,yes,yes,yes,primer
Paraglomus_brasilianum_P3-bc1043-1464-s190_STFP_ASV2672,Paraglomus_brasilianum_P3-bc1043-1464-s190_STFP_ASV2672_CCAMF,Paraglomus,brasilianum,P3-bc1043-1464-s190,STFP,CCAMF,ASV2672,Fungi,Mucoromycota,Paraglomeromycetes,Paraglomerales,Paraglomeraceae,Paraglomus,VTX00281,1,Fungi,Glomeromycota,Paraglomeromycetes,Paraglomerales,Paraglomeraceae,Paraglomus,NA,0.7,Highly|_Probable,arbuscular_mycorrhizal,root-associated,Glomeromycota,Paraglomeraceae,Paraglomus,yes,yes,yes,primer
Paraglomus_brasilianum_P3-bc1043-1464-s53_STFP_ASV2674,Paraglomus_brasilianum_P3-bc1043-1464-s53_STFP_ASV2674_CCAMF,Paraglomus,brasilianum,P3-bc1043-1464-s53,STFP,CCAMF,ASV2674,Fungi,Mucoromycota,Paraglomeromycetes,Paraglomerales,Paraglomeraceae,Paraglomus,VTX00281,1,Fungi,Glomeromycota,Paraglomeromycetes,Paraglomerales,NA,NA,NA,1,Highly|_Probable,NA,NA,Glomeromycota,Paraglomeraceae,Paraglomus,yes,yes,yes,primer
Paraglomus_brasilianum_P3-bc1043-1464-s54_STFP_ASV2673,Paraglomus_brasilianum_P3-bc1043-1464-s54_STFP_ASV2673_CCAMF,Paraglomus,brasilianum,P3-bc1043-1464-s54,STFP,CCAMF,ASV2673,Fungi,Mucoromycota,Paraglomeromycetes,Paraglomerales,Paraglomeraceae,Paraglomus,VTX00281,1,Fungi,Glomeromycota,Paraglomeromycetes,Paraglomerales,Paraglomeraceae,Paraglomus,NA,0.7,Highly|_Probable,arbuscular_mycorrhizal,root-associated,Glomeromycota,Paraglomeraceae,Paraglomus,yes,yes,yes,primer
Diversispora_varaderana_P3-bc1055-692-s533_STFP_ASV2039,Diversispora_varaderana_P3-bc1055-692-s533_STFP_ASV2039_CCAMF,Diversispora,varaderana,P3-bc1055-692-s533,STFP,CCAMF,ASV2039,Fungi,Mucoromycota,Glomeromycetes,Diversisporales,Diversisporaceae,Diversispora,VTX00062,0.9,Fungi,Glomeromycota,Glomeromycetes,Diversisporales,Diversisporaceae,Diversispora,sp,0.6,Highly|_Probable,arbuscular_mycorrhizal,root-associated,Glomeromycota,Diversisporaceae,Diversispora,yes,yes,yes,primer
Septoglomus_sp._P3-bc1056-1387-s156_STFP_ASV2304,Septoglomus_sp._P3-bc1056-1387-s156_STFP_ASV2304_CCAMF,Septoglomus,sp.,P3-bc1056-1387-s156,STFP,CCAMF,ASV2304,Fungi,Mucoromycota,Glomeromycetes,Glomerales,Glomeraceae,Glomus,VTX00064,0.9,Fungi,Glomeromycota,Glomeromycetes,Glomerales,Glomeraceae,Septoglomus,NA,0.8,Highly|_Probable,arbuscular_mycorrhizal,root-associated,Glomeromycota,Septoglomeraceae,Septoglomus,yes,yes,yes,primer
Septoglomus_sp._P3-bc1056-1387-s1715_STFP_ASV2303,Septoglomus_sp._P3-bc1056-1387-s1715_STFP_ASV2303_CCAMF,Septoglomus,sp.,P3-bc1056-1387-s1715,STFP,CCAMF,ASV2303,Fungi,Mucoromycota,Glomeromycetes,Glomerales,Glomeraceae,Glomus,VTX00064,1,Fungi,Glomeromycota,Glomeromycetes,Glomerales,Glomeraceae,Septoglomus,NA,0.8,Highly|_Probable,arbuscular_mycorrhizal,root-associated,Glomeromycota,Septoglomeraceae,Septoglomus,yes,yes,yes,primer
Septoglomus_sp._P3-bc1056-1387-s184_STFP_ASV2308,Septoglomus_sp._P3-bc1056-1387-s184_STFP_ASV2308_CCAMF,Septoglomus,sp.,P3-bc1056-1387-s184,STFP,CCAMF,ASV2308,Fungi,Mucoromycota,Glomeromycetes,Glomerales,Glomeraceae,Glomus,VTX00064,1,Fungi,Glomeromycota,Glomeromycetes,Glomerales,Glomeraceae,NA,NA,0.6,Highly|_Probable,NA,NA,Glomeromycota,Septoglomeraceae,Septoglomus,yes,yes,yes,primer
Septoglomus_sp._P3-bc1056-1387-s37_STFP_ASV2305,Septoglomus_sp._P3-bc1056-1387-s37_STFP_ASV2305_CCAMF,Septoglomus,sp.,P3-bc1056-1387-s37,STFP,CCAMF,ASV2305,Fungi,Mucoromycota,Glomeromycetes,Glomerales,Glomeraceae,Glomus,VTX00064,1,Fungi,Glomeromycota,Glomeromycetes,Glomerales,Glomeraceae,Septoglomus,NA,0.8,Highly|_Probable,arbuscular_mycorrhizal,root-associated,Glomeromycota,Septoglomeraceae,Septoglomus,yes,yes,yes,primer
Septoglomus_sp._P3-bc1056-1387-s56_STFP_ASV2309,Septoglomus_sp._P3-bc1056-1387-s56_STFP_ASV2309_CCAMF,Septoglomus,sp.,P3-bc1056-1387-s56,STFP,CCAMF,ASV2309,Fungi,Mucoromycota,Glomeromycetes,Glomerales,Glomeraceae,Glomus,VTX00064,0.9,Fungi,Glomeromycota,Glomeromycetes,Glomerales,Glomeraceae,NA,NA,0.6,Highly|_Probable,NA,NA,Glomeromycota,Septoglomeraceae,Septoglomus,yes,yes,yes,primer
Diversispora_epigaea_P3-bc1057-1525-2_STFP_ASV2561,Diversispora_epigaea_P3-bc1057-1525-2_STFP_ASV2561_CCAMF,Diversispora,epigaea,P3-bc1057-1525-2,STFP,CCAMF,ASV2561,Fungi,Mucoromycota,Glomeromycetes,Diversisporales,Diversisporaceae,Diversispora,VTX00061,1,Fungi,Glomeromycota,Glomeromycetes,Diversisporales,Diversisporaceae,Diversispora,epigaea,0.8,Highly|_Probable,arbuscular_mycorrhizal,root-associated,Glomeromycota,Diversisporaceae,Diversispora,yes,yes,yes,primer
Diversispora_epigaea_P3-bc1057-1525-s109_STFP_ASV2558,Diversispora_epigaea_P3-bc1057-1525-s109_STFP_ASV2558_CCAMF,Diversispora,epigaea,P3-bc1057-1525-s109,STFP,CCAMF,ASV2558,Fungi,Mucoromycota,Glomeromycetes,Diversisporales,Diversisporaceae,Diversispora,VTX00061,1,Fungi,Glomeromycota,Glomeromycetes,Diversisporales,Diversisporaceae,Diversispora,epigaea,0.8,Highly|_Probable,arbuscular_mycorrhizal,root-associated,Glomeromycota,Diversisporaceae,Diversispora,yes,yes,yes,primer
Diversispora_epigaea_P3-bc1057-1525-s186_STFP_ASV2557,Diversispora_epigaea_P3-bc1057-1525-s186_STFP_ASV2557_CCAMF,Diversispora,epigaea,P3-bc1057-1525-s186,STFP,CCAMF,ASV2557,Fungi,Mucoromycota,Glomeromycetes,Diversisporales,Diversisporaceae,Diversispora,VTX00061,1,Fungi,Glomeromycota,Glomeromycetes,Diversisporales,Diversisporaceae,Diversispora,epigaea,0.8,Highly|_Probable,arbuscular_mycorrhizal,root-associated,Glomeromycota,Diversisporaceae,Diversispora,yes,yes,yes,primer
Diversispora_epigaea_P3-bc1057-1525-s27_STFP_ASV2560,Diversispora_epigaea_P3-bc1057-1525-s27_STFP_ASV2560_CCAMF,Diversispora,epigaea,P3-bc1057-1525-s27,STFP,CCAMF,ASV2560,Fungi,Mucoromycota,Glomeromycetes,Diversisporales,Diversisporaceae,Diversispora,VTX00061,1,Fungi,Glomeromycota,Glomeromycetes,Diversisporales,Diversisporaceae,Diversispora,epigaea,0.8,Highly|_Probable,arbuscular_mycorrhizal,root-associated,Glomeromycota,Diversisporaceae,Diversispora,yes,yes,yes,primer
Diversispora_epigaea_P3-bc1057-1525-s28_STFP_ASV2559,Diversispora_epigaea_P3-bc1057-1525-s28_STFP_ASV2559_CCAMF,Diversispora,epigaea,P3-bc1057-1525-s28,STFP,CCAMF,ASV2559,Fungi,Mucoromycota,Glomeromycetes,Diversisporales,Diversisporaceae,Diversispora,VTX00061,1,Fungi,Glomeromycota,Glomeromycetes,Diversisporales,Diversisporaceae,Diversispora,epigaea,0.8,Highly|_Probable,arbuscular_mycorrhizal,root-associated,Glomeromycota,Diversisporaceae,Diversispora,yes,yes,yes,primer
Diversispora_epigaea_P3-bc1057-1525-s83_STFP_ASV2556,Diversispora_epigaea_P3-bc1057-1525-s83_STFP_ASV2556_CCAMF,Diversispora,epigaea,P3-bc1057-1525-s83,STFP,CCAMF,ASV2556,Fungi,Mucoromycota,Glomeromycetes,Diversisporales,Diversisporaceae,Diversispora,VTX00061,1,Fungi,Glomeromycota,Glomeromycetes,Diversisporales,Diversisporaceae,Diversispora,epigaea,0.9,Highly|_Probable,arbuscular_mycorrhizal,root-associated,Glomeromycota,Diversisporaceae,Diversispora,yes,yes,yes,primer
Diversispora_epigaea_P3-bc1057-1525-s94_STFP_ASV2553,Diversispora_epigaea_P3-bc1057-1525-s94_STFP_ASV2553_CCAMF,Diversispora,epigaea,P3-bc1057-1525-s94,STFP,CCAMF,ASV2553,Fungi,Mucoromycota,Glomeromycetes,Diversisporales,Diversisporaceae,Diversispora,VTX00061,0.9,Fungi,Glomeromycota,Glomeromycetes,Diversisporales,Diversisporaceae,Diversispora,epigaea,0.9,Highly|_Probable,arbuscular_mycorrhizal,root-associated,Glomeromycota,Diversisporaceae,Diversispora,yes,yes,yes,primer
Diversispora_epigaea_P3-bc1057-1525-s98_STFP_ASV2563,Diversispora_epigaea_P3-bc1057-1525-s98_STFP_ASV2563_CCAMF,Diversispora,epigaea,P3-bc1057-1525-s98,STFP,CCAMF,ASV2563,Fungi,Mucoromycota,Glomeromycetes,Diversisporales,Diversisporaceae,Diversispora,VTX00061,0.8,Fungi,Glomeromycota,Glomeromycetes,Diversisporales,Diversisporaceae,Diversispora,epigaea,0.8,Highly|_Probable,arbuscular_mycorrhizal,root-associated,Glomeromycota,Diversisporaceae,Diversispora,yes,yes,yes,primer
Diversispora_spurca_P3-bc1059-1392-s40_STFP_ASV2600,Diversispora_spurca_P3-bc1059-1392-s40_STFP_ASV2600_CCAMF,Diversispora,spurca,P3-bc1059-1392-s40,STFP,CCAMF,ASV2600,Fungi,Mucoromycota,Glomeromycetes,Diversisporales,Diversisporaceae,Diversispora,NA,1,Fungi,Glomeromycota,Glomeromycetes,Diversisporales,Diversisporaceae,Diversispora,NA,1,Highly|_Probable,arbuscular_mycorrhizal,root-associated,Glomeromycota,Diversisporaceae,Diversispora,yes,yes,yes,primer
Diversispora_spurca_P3-bc1059-1392-s56_STFP_ASV2599,Diversispora_spurca_P3-bc1059-1392-s56_STFP_ASV2599_CCAMF,Diversispora,spurca,P3-bc1059-1392-s56,STFP,CCAMF,ASV2599,Fungi,Mucoromycota,Glomeromycetes,Diversisporales,Diversisporaceae,Diversispora,NA,1,Fungi,Glomeromycota,Glomeromycetes,Diversisporales,Diversisporaceae,Diversispora,NA,1,Highly|_Probable,arbuscular_mycorrhizal,root-associated,Glomeromycota,Diversisporaceae,Diversispora,yes,yes,yes,primer
Diversispora_spurca_P3-bc1059-1392-s84_STFP_ASV2598,Diversispora_spurca_P3-bc1059-1392-s84_STFP_ASV2598_CCAMF,Diversispora,spurca,P3-bc1059-1392-s84,STFP,CCAMF,ASV2598,Fungi,Mucoromycota,Glomeromycetes,Diversisporales,Diversisporaceae,Diversispora,NA,1,Fungi,Glomeromycota,Glomeromycetes,Diversisporales,Diversisporaceae,Diversispora,NA,1,Highly|_Probable,arbuscular_mycorrhizal,root-associated,Glomeromycota,Diversisporaceae,Diversispora,yes,yes,yes,primer
Diversispora_varaderana_P3-bc1060-513-s1610_STFP_ASV2039,Diversispora_varaderana_P3-bc1060-513-s1610_STFP_ASV2039_CCAMF,Diversispora,varaderana,P3-bc1060-513-s1610,STFP,CCAMF,ASV2039,Fungi,Mucoromycota,Glomeromycetes,Diversisporales,Diversisporaceae,Diversispora,VTX00062,0.9,Fungi,Glomeromycota,Glomeromycetes,Diversisporales,Diversisporaceae,Diversispora,sp,0.6,Highly|_Probable,arbuscular_mycorrhizal,root-associated,Glomeromycota,Diversisporaceae,Diversispora,yes,yes,yes,primer
Diversispora_varaderana_P3-bc1060-513-s20_STFP_ASV2570,Diversispora_varaderana_P3-bc1060-513-s20_STFP_ASV2570_CCAMF,Diversispora,varaderana,P3-bc1060-513-s20,STFP,CCAMF,ASV2570,Fungi,Mucoromycota,Glomeromycetes,Diversisporales,Diversisporaceae,Diversispora,VTX00062,0.9,Fungi,Glomeromycota,Glomeromycetes,Diversisporales,Diversisporaceae,Diversispora,sp,0.6,Highly|_Probable,arbuscular_mycorrhizal,root-associated,Glomeromycota,Diversisporaceae,Diversispora,yes,yes,yes,primer
Diversispora_varaderana_P3-bc1060-513-s21_STFP_ASV2568,Diversispora_varaderana_P3-bc1060-513-s21_STFP_ASV2568_CCAMF,Diversispora,varaderana,P3-bc1060-513-s21,STFP,CCAMF,ASV2568,Fungi,Mucoromycota,Glomeromycetes,Diversisporales,Diversisporaceae,Diversispora,VTX00062,0.9,Fungi,Glomeromycota,Glomeromycetes,Diversisporales,Diversisporaceae,Diversispora,sp,0.6,Highly|_Probable,arbuscular_mycorrhizal,root-associated,Glomeromycota,Diversisporaceae,Diversispora,yes,yes,yes,primer
Diversispora_varaderana_P3-bc1060-513-s26_STFP_ASV2034,Diversispora_varaderana_P3-bc1060-513-s26_STFP_ASV2034_CCAMF,Diversispora,varaderana,P3-bc1060-513-s26,STFP,CCAMF,ASV2034,Fungi,Mucoromycota,Glomeromycetes,Diversisporales,Diversisporaceae,Diversispora,VTX00062,0.9,Fungi,Glomeromycota,Glomeromycetes,Diversisporales,Diversisporaceae,Diversispora,sp,0.6,Highly|_Probable,arbuscular_mycorrhizal,root-associated,Glomeromycota,Diversisporaceae,Diversispora,yes,yes,yes,primer
Diversispora_varaderana_P3-bc1060-513-s30_STFP_ASV2569,Diversispora_varaderana_P3-bc1060-513-s30_STFP_ASV2569_CCAMF,Diversispora,varaderana,P3-bc1060-513-s30,STFP,CCAMF,ASV2569,Fungi,Mucoromycota,Glomeromycetes,Diversisporales,Diversisporaceae,Diversispora,VTX00062,0.9,Fungi,Glomeromycota,Glomeromycetes,Diversisporales,Diversisporaceae,Diversispora,sp,0.6,Highly|_Probable,arbuscular_mycorrhizal,root-associated,Glomeromycota,Diversisporaceae,Diversispora,yes,yes,yes,primer
Diversispora_varaderana_P3-bc1060-513-s56_STFP_ASV2564,Diversispora_varaderana_P3-bc1060-513-s56_STFP_ASV2564_CCAMF,Diversispora,varaderana,P3-bc1060-513-s56,STFP,CCAMF,ASV2564,Fungi,Mucoromycota,Glomeromycetes,Diversisporales,Diversisporaceae,Diversispora,VTX00062,0.9,Fungi,Glomeromycota,Glomeromycetes,Diversisporales,Diversisporaceae,Diversispora,sp,0.7,Highly|_Probable,arbuscular_mycorrhizal,root-associated,Glomeromycota,Diversisporaceae,Diversispora,yes,yes,yes,primer
Dominikia_duoreactiva_P3-bc1062-1141-s21_STFP_ASV2080,Dominikia_duoreactiva_P3-bc1062-1141-s21_STFP_ASV2080_CCAMF,Dominikia,duoreactiva,P3-bc1062-1141-s21,STFP,CCAMF,ASV2080,Fungi,Mucoromycota,Glomeromycetes,Glomerales,Glomeraceae,Glomus,VTX00153,1,Fungi,Glomeromycota,Glomeromycetes,Glomerales,Glomeraceae,Glomus,sp,1,Highly|_Probable,arbuscular_mycorrhizal,root-associated,Glomeromycota,Dominikiaceae,Dominikia,yes,yes,yes,primer
Dominikia_duoreactiva_P3-bc1062-1141-s469_STFP_ASV2398,Dominikia_duoreactiva_P3-bc1062-1141-s469_STFP_ASV2398_CCAMF,Dominikia,duoreactiva,P3-bc1062-1141-s469,STFP,CCAMF,ASV2398,Fungi,Mucoromycota,Glomeromycetes,Glomerales,Glomeraceae,Glomus,VTX00153,1,Fungi,Glomeromycota,Glomeromycetes,Glomerales,Glomeraceae,Dominikia,NA,0.6,Probable,arbuscular_mycorrhizal,root-associated,Glomeromycota,Dominikiaceae,Dominikia,yes,yes,yes,primer
Dominikia_duoreactiva_P3-bc1062-1141-s8_STFP_ASV2400,Dominikia_duoreactiva_P3-bc1062-1141-s8_STFP_ASV2400_CCAMF,Dominikia,duoreactiva,P3-bc1062-1141-s8,STFP,CCAMF,ASV2400,Fungi,Mucoromycota,Glomeromycetes,Glomerales,Glomeraceae,Glomus,VTX00153,1,Fungi,Glomeromycota,Glomeromycetes,Glomerales,Glomeraceae,Dominikia,NA,0.6,Probable,arbuscular_mycorrhizal,root-associated,Glomeromycota,Dominikiaceae,Dominikia,yes,yes,yes,primer
Dominikia_duoreactiva_P3-bc1062-1141-s9_STFP_ASV2402,Dominikia_duoreactiva_P3-bc1062-1141-s9_STFP_ASV2402_CCAMF,Dominikia,duoreactiva,P3-bc1062-1141-s9,STFP,CCAMF,ASV2402,Fungi,Mucoromycota,Glomeromycetes,Glomerales,Glomeraceae,Glomus,VTX00153,1,Fungi,Glomeromycota,Glomeromycetes,Glomerales,Glomeraceae,Dominikia,NA,0.7,Probable,arbuscular_mycorrhizal,root-associated,Glomeromycota,Dominikiaceae,Dominikia,yes,yes,yes,primer
Glomus_rugosae_P3-bc1063-1132-s266_STFP_ASV2004,Glomus_rugosae_P3-bc1063-1132-s266_STFP_ASV2004_CCAMF,Glomus,rugosae,P3-bc1063-1132-s266,STFP,CCAMF,ASV2004,Fungi,Mucoromycota,Glomeromycetes,Glomerales,Glomeraceae,Glomus,VTX00199,1,Fungi,Glomeromycota,Glomeromycetes,Glomerales,Glomeraceae,Glomus,sp,0.6,Highly|_Probable,arbuscular_mycorrhizal,root-associated,Glomeromycota,Glomeraceae,Glomus,yes,yes,yes,primer
Glomus_rugosae_P3-bc1063-1132-s2787_STFP_ASV2044,Glomus_rugosae_P3-bc1063-1132-s2787_STFP_ASV2044_CCAMF,Glomus,rugosae,P3-bc1063-1132-s2787,STFP,CCAMF,ASV2044,Fungi,Mucoromycota,Glomeromycetes,Glomerales,Glomeraceae,Glomus,VTX00199,1,Fungi,Glomeromycota,Glomeromycetes,Glomerales,Glomeraceae,Glomus,sp,0.6,Highly|_Probable,arbuscular_mycorrhizal,root-associated,Glomeromycota,Glomeraceae,Glomus,yes,yes,yes,primer
Glomus_rugosae_P3-bc1063-1132-s377_STFP_ASV2041,Glomus_rugosae_P3-bc1063-1132-s377_STFP_ASV2041_CCAMF,Glomus,rugosae,P3-bc1063-1132-s377,STFP,CCAMF,ASV2041,Fungi,Mucoromycota,Glomeromycetes,Glomerales,Glomeraceae,Glomus,VTX00199,1,Fungi,Glomeromycota,Glomeromycetes,Glomerales,Glomeraceae,Glomus,sp,0.6,Highly|_Probable,arbuscular_mycorrhizal,root-associated,Glomeromycota,Glomeraceae,Glomus,yes,yes,yes,primer
Glomus_rugosae_P3-bc1063-1132-s380_STFP_ASV2372,Glomus_rugosae_P3-bc1063-1132-s380_STFP_ASV2372_CCAMF,Glomus,rugosae,P3-bc1063-1132-s380,STFP,CCAMF,ASV2372,Fungi,Mucoromycota,Glomeromycetes,Glomerales,Glomeraceae,Glomus,VTX00199,1,Fungi,Glomeromycota,Glomeromycetes,Glomerales,Glomeraceae,Glomus,sp,0.6,Highly|_Probable,arbuscular_mycorrhizal,root-associated,Glomeromycota,Glomeraceae,Glomus,yes,yes,yes,primer
Glomus_rugosae_P3-bc1063-1132-s444_STFP_ASV2083,Glomus_rugosae_P3-bc1063-1132-s444_STFP_ASV2083_CCAMF,Glomus,rugosae,P3-bc1063-1132-s444,STFP,CCAMF,ASV2083,Fungi,Mucoromycota,Glomeromycetes,Glomerales,Glomeraceae,Glomus,VTX00199,1,Fungi,Glomeromycota,Glomeromycetes,Glomerales,Glomeraceae,Glomus,sp,0.6,Highly|_Probable,arbuscular_mycorrhizal,root-associated,Glomeromycota,Glomeraceae,Glomus,yes,yes,yes,primer
Glomus_rugosae_P3-bc1063-1132-s63_STFP_ASV2377,Glomus_rugosae_P3-bc1063-1132-s63_STFP_ASV2377_CCAMF,Glomus,rugosae,P3-bc1063-1132-s63,STFP,CCAMF,ASV2377,Fungi,Mucoromycota,Glomeromycetes,Glomerales,Glomeraceae,Glomus,VTX00199,1,Fungi,Glomeromycota,Glomeromycetes,Glomerales,Glomeraceae,Glomus,sp,0.6,Highly|_Probable,arbuscular_mycorrhizal,root-associated,Glomeromycota,Glomeraceae,Glomus,yes,yes,yes,primer
Glomus_rugosae_P3-bc1063-1132-s67_STFP_ASV2374,Glomus_rugosae_P3-bc1063-1132-s67_STFP_ASV2374_CCAMF,Glomus,rugosae,P3-bc1063-1132-s67,STFP,CCAMF,ASV2374,Fungi,Mucoromycota,Glomeromycetes,Glomerales,Glomeraceae,Glomus,VTX00199,1,Fungi,Glomeromycota,Glomeromycetes,Glomerales,Glomeraceae,Glomus,sp,0.6,Highly|_Probable,arbuscular_mycorrhizal,root-associated,Glomeromycota,Glomeraceae,Glomus,yes,yes,yes,primer
Glomus_rugosae_P3-bc1063-1132-s68_STFP_ASV2380,Glomus_rugosae_P3-bc1063-1132-s68_STFP_ASV2380_CCAMF,Glomus,rugosae,P3-bc1063-1132-s68,STFP,CCAMF,ASV2380,Fungi,Mucoromycota,Glomeromycetes,Glomerales,Glomeraceae,Glomus,VTX00199,1,Fungi,Glomeromycota,Glomeromycetes,Glomerales,Glomeraceae,Glomus,macrocarpum,0.6,Highly|_Probable,arbuscular_mycorrhizal,root-associated,Glomeromycota,Glomeraceae,Glomus,yes,yes,yes,primer
Glomus_rugosae_P3-bc1063-1132-s71_STFP_ASV2379,Glomus_rugosae_P3-bc1063-1132-s71_STFP_ASV2379_CCAMF,Glomus,rugosae,P3-bc1063-1132-s71,STFP,CCAMF,ASV2379,Fungi,Mucoromycota,Glomeromycetes,Glomerales,Glomeraceae,Glomus,VTX00199,1,Fungi,Glomeromycota,Glomeromycetes,Glomerales,Glomeraceae,Glomus,NA,1,Highly|_Probable,arbuscular_mycorrhizal,root-associated,Glomeromycota,Glomeraceae,Glomus,yes,yes,yes,primer
Glomus_rugosae_P3-bc1064-146-s119_STFP_ASV2041,Glomus_rugosae_P3-bc1064-146-s119_STFP_ASV2041_CCAMF,Glomus,rugosae,P3-bc1064-146-s119,STFP,CCAMF,ASV2041,Fungi,Mucoromycota,Glomeromycetes,Glomerales,Glomeraceae,Glomus,VTX00199,1,Fungi,Glomeromycota,Glomeromycetes,Glomerales,Glomeraceae,Glomus,sp,0.6,Highly|_Probable,arbuscular_mycorrhizal,root-associated,Glomeromycota,Glomeraceae,Glomus,yes,yes,yes,primer
Glomus_rugosae_P3-bc1064-146-s133_STFP_ASV2382,Glomus_rugosae_P3-bc1064-146-s133_STFP_ASV2382_CCAMF,Glomus,rugosae,P3-bc1064-146-s133,STFP,CCAMF,ASV2382,Fungi,Mucoromycota,Glomeromycetes,Glomerales,Glomeraceae,Glomus,VTX00199,1,Fungi,Glomeromycota,Glomeromycetes,Glomerales,Glomeraceae,Glomus,NA,1,Highly|_Probable,arbuscular_mycorrhizal,root-associated,Glomeromycota,Glomeraceae,Glomus,yes,yes,yes,primer
Glomus_rugosae_P3-bc1064-146-s192_STFP_ASV2083,Glomus_rugosae_P3-bc1064-146-s192_STFP_ASV2083_CCAMF,Glomus,rugosae,P3-bc1064-146-s192,STFP,CCAMF,ASV2083,Fungi,Mucoromycota,Glomeromycetes,Glomerales,Glomeraceae,Glomus,VTX00199,1,Fungi,Glomeromycota,Glomeromycetes,Glomerales,Glomeraceae,Glomus,sp,0.6,Highly|_Probable,arbuscular_mycorrhizal,root-associated,Glomeromycota,Glomeraceae,Glomus,yes,yes,yes,primer
Glomus_rugosae_P3-bc1064-146-s253_STFP_ASV2044,Glomus_rugosae_P3-bc1064-146-s253_STFP_ASV2044_CCAMF,Glomus,rugosae,P3-bc1064-146-s253,STFP,CCAMF,ASV2044,Fungi,Mucoromycota,Glomeromycetes,Glomerales,Glomeraceae,Glomus,VTX00199,1,Fungi,Glomeromycota,Glomeromycetes,Glomerales,Glomeraceae,Glomus,sp,0.6,Highly|_Probable,arbuscular_mycorrhizal,root-associated,Glomeromycota,Glomeraceae,Glomus,yes,yes,yes,primer
Glomus_rugosae_P3-bc1064-146-s35_STFP_ASV2383,Glomus_rugosae_P3-bc1064-146-s35_STFP_ASV2383_CCAMF,Glomus,rugosae,P3-bc1064-146-s35,STFP,CCAMF,ASV2383,Fungi,Mucoromycota,Glomeromycetes,Glomerales,Glomeraceae,Glomus,VTX00199,1,Fungi,Glomeromycota,Glomeromycetes,Glomerales,Glomeraceae,Glomus,macrocarpum,0.6,Highly|_Probable,arbuscular_mycorrhizal,root-associated,Glomeromycota,Glomeraceae,Glomus,yes,yes,yes,primer
Glomus_rugosae_P3-bc1064-146-s38_STFP_ASV2376,Glomus_rugosae_P3-bc1064-146-s38_STFP_ASV2376_CCAMF,Glomus,rugosae,P3-bc1064-146-s38,STFP,CCAMF,ASV2376,Fungi,Mucoromycota,Glomeromycetes,Glomerales,Glomeraceae,Glomus,VTX00199,1,Fungi,Glomeromycota,Glomeromycetes,Glomerales,Glomeraceae,Glomus,sp,0.6,Highly|_Probable,arbuscular_mycorrhizal,root-associated,Glomeromycota,Glomeraceae,Glomus,yes,yes,yes,primer
Glomus_rugosae_P3-bc1064-146-s39_STFP_ASV2378,Glomus_rugosae_P3-bc1064-146-s39_STFP_ASV2378_CCAMF,Glomus,rugosae,P3-bc1064-146-s39,STFP,CCAMF,ASV2378,Fungi,Mucoromycota,Glomeromycetes,Glomerales,Glomeraceae,Glomus,VTX00199,1,Fungi,Glomeromycota,Glomeromycetes,Glomerales,Glomeraceae,Glomus,sp,0.6,Highly|_Probable,arbuscular_mycorrhizal,root-associated,Glomeromycota,Glomeraceae,Glomus,yes,yes,yes,primer
Glomus_rugosae_P3-bc1064-146-s41_STFP_ASV2389,Glomus_rugosae_P3-bc1064-146-s41_STFP_ASV2389_CCAMF,Glomus,rugosae,P3-bc1064-146-s41,STFP,CCAMF,ASV2389,Fungi,Mucoromycota,Glomeromycetes,Glomerales,Glomeraceae,Glomus,VTX00199,1,Fungi,Glomeromycota,Glomeromycetes,Glomerales,Glomeraceae,Glomus,NA,1,Highly|_Probable,arbuscular_mycorrhizal,root-associated,Glomeromycota,Glomeraceae,Glomus,yes,yes,yes,primer
Glomus_rugosae_P3-bc1064-146-s57_STFP_ASV2388,Glomus_rugosae_P3-bc1064-146-s57_STFP_ASV2388_CCAMF,Glomus,rugosae,P3-bc1064-146-s57,STFP,CCAMF,ASV2388,Fungi,Mucoromycota,Glomeromycetes,Glomerales,Glomeraceae,Glomus,VTX00199,1,Fungi,Glomeromycota,Glomeromycetes,Glomerales,Glomeraceae,Glomus,sp,0.6,Highly|_Probable,arbuscular_mycorrhizal,root-associated,Glomeromycota,Glomeraceae,Glomus,yes,yes,yes,primer
Glomus_rugosae_P3-bc1065-1419-s1474_STFP_ASV2067,Glomus_rugosae_P3-bc1065-1419-s1474_STFP_ASV2067_CCAMF,Glomus,rugosae,P3-bc1065-1419-s1474,STFP,CCAMF,ASV2067,Fungi,Mucoromycota,Glomeromycetes,Glomerales,Glomeraceae,Glomus,VTX00199,1,Fungi,Glomeromycota,Glomeromycetes,Glomerales,Glomeraceae,Glomus,sp,1,Highly|_Probable,arbuscular_mycorrhizal,root-associated,Glomeromycota,Glomeraceae,Glomus,yes,yes,yes,primer
Glomus_rugosae_P3-bc1065-1419-s194_STFP_ASV2046,Glomus_rugosae_P3-bc1065-1419-s194_STFP_ASV2046_CCAMF,Glomus,rugosae,P3-bc1065-1419-s194,STFP,CCAMF,ASV2046,Fungi,Mucoromycota,Glomeromycetes,Glomerales,Glomeraceae,Glomus,VTX00199,1,Fungi,Glomeromycota,Glomeromycetes,Glomerales,Glomeraceae,Glomus,sp,1,Highly|_Probable,arbuscular_mycorrhizal,root-associated,Glomeromycota,Glomeraceae,Glomus,yes,yes,yes,primer
Glomus_rugosae_P3-bc1065-1419-s3331_STFP_ASV2395,Glomus_rugosae_P3-bc1065-1419-s3331_STFP_ASV2395_CCAMF,Glomus,rugosae,P3-bc1065-1419-s3331,STFP,CCAMF,ASV2395,Fungi,Mucoromycota,Glomeromycetes,Glomerales,Glomeraceae,Glomus,VTX00199,1,Fungi,Glomeromycota,Glomeromycetes,Glomerales,Glomeraceae,Glomus,sp,1,Highly|_Probable,arbuscular_mycorrhizal,root-associated,Glomeromycota,Glomeraceae,Glomus,yes,yes,yes,primer
Glomus_rugosae_P3-bc1065-1419-s3513_STFP_ASV2038,Glomus_rugosae_P3-bc1065-1419-s3513_STFP_ASV2038_CCAMF,Glomus,rugosae,P3-bc1065-1419-s3513,STFP,CCAMF,ASV2038,Fungi,Mucoromycota,Glomeromycetes,Glomerales,Glomeraceae,Glomus,VTX00199,1,Fungi,Glomeromycota,Glomeromycetes,Glomerales,Glomeraceae,Glomus,sp,1,Highly|_Probable,arbuscular_mycorrhizal,root-associated,Glomeromycota,Glomeraceae,Glomus,yes,yes,yes,primer
Glomus_rugosae_P3-bc1066-1128-s191_STFP_ASV2017,Glomus_rugosae_P3-bc1066-1128-s191_STFP_ASV2017_CCAMF,Glomus,rugosae,P3-bc1066-1128-s191,STFP,CCAMF,ASV2017,Fungi,Mucoromycota,Glomeromycetes,Glomerales,Glomeraceae,Glomus,VTX00199,1,Fungi,Glomeromycota,Glomeromycetes,Glomerales,Glomeraceae,Glomus,macrocarpum,0.6,Highly|_Probable,arbuscular_mycorrhizal,root-associated,Glomeromycota,Glomeraceae,Glomus,yes,yes,yes,primer
Glomus_rugosae_P3-bc1066-1128-s47_STFP_ASV2071,Glomus_rugosae_P3-bc1066-1128-s47_STFP_ASV2071_CCAMF,Glomus,rugosae,P3-bc1066-1128-s47,STFP,CCAMF,ASV2071,Fungi,Mucoromycota,Glomeromycetes,Glomerales,Glomeraceae,Glomus,VTX00199,1,Fungi,Glomeromycota,Glomeromycetes,Glomerales,Glomeraceae,Glomus,sp,1,Highly|_Probable,arbuscular_mycorrhizal,root-associated,Glomeromycota,Glomeraceae,Glomus,yes,yes,yes,primer
Glomus_rugosae_P3-bc1066-1128-s77_STFP_ASV2099,Glomus_rugosae_P3-bc1066-1128-s77_STFP_ASV2099_CCAMF,Glomus,rugosae,P3-bc1066-1128-s77,STFP,CCAMF,ASV2099,Fungi,Mucoromycota,Glomeromycetes,Glomerales,Glomeraceae,Glomus,VTX00199,1,Fungi,Glomeromycota,Glomeromycetes,Glomerales,Glomeraceae,Glomus,sp,1,Highly|_Probable,arbuscular_mycorrhizal,root-associated,Glomeromycota,Glomeraceae,Glomus,yes,yes,yes,primer
Paraglomus_sp._P3-bc1067-1569-s202_STFP_ASV2671,Paraglomus_sp._P3-bc1067-1569-s202_STFP_ASV2671_CCAMF,Paraglomus,sp.,P3-bc1067-1569-s202,STFP,CCAMF,ASV2671,Fungi,Mucoromycota,Paraglomeromycetes,Paraglomerales,Paraglomeraceae,Paraglomus,VTX00239,0.8,Fungi,Glomeromycota,Paraglomeromycetes,Paraglomerales,Paraglomeraceae,Paraglomus,NA,0.9,Highly|_Probable,arbuscular_mycorrhizal,root-associated,Glomeromycota,Paraglomeraceae,Paraglomus,yes,yes,yes,primer
Paraglomus_sp._P3-bc1067-1569-s221_STFP_ASV2668,Paraglomus_sp._P3-bc1067-1569-s221_STFP_ASV2668_CCAMF,Paraglomus,sp.,P3-bc1067-1569-s221,STFP,CCAMF,ASV2668,Fungi,Mucoromycota,Paraglomeromycetes,Paraglomerales,Paraglomeraceae,Paraglomus,VTX00239,0.8,Fungi,Glomeromycota,Paraglomeromycetes,Paraglomerales,Paraglomeraceae,Paraglomus,brasilianum,0.556,Highly|_Probable,arbuscular_mycorrhizal,root-associated,Glomeromycota,Paraglomeraceae,Paraglomus,yes,yes,yes,primer
Paraglomus_sp._P3-bc1067-1569-s276_STFP_ASV2666,Paraglomus_sp._P3-bc1067-1569-s276_STFP_ASV2666_CCAMF,Paraglomus,sp.,P3-bc1067-1569-s276,STFP,CCAMF,ASV2666,Fungi,Mucoromycota,Paraglomeromycetes,Paraglomerales,Paraglomeraceae,Paraglomus,VTX00239,0.8,Fungi,Glomeromycota,Paraglomeromycetes,Paraglomerales,Paraglomeraceae,Paraglomus,brasilianum,0.556,Highly|_Probable,arbuscular_mycorrhizal,root-associated,Glomeromycota,Paraglomeraceae,Paraglomus,yes,yes,yes,primer
Paraglomus_sp._P3-bc1067-1569-s286_STFP_ASV2670,Paraglomus_sp._P3-bc1067-1569-s286_STFP_ASV2670_CCAMF,Paraglomus,sp.,P3-bc1067-1569-s286,STFP,CCAMF,ASV2670,Fungi,Mucoromycota,Paraglomeromycetes,Paraglomerales,Paraglomeraceae,Paraglomus,VTX00239,0.8,Fungi,Glomeromycota,Paraglomeromycetes,Paraglomerales,Paraglomeraceae,Paraglomus,NA,0.8,Highly|_Probable,arbuscular_mycorrhizal,root-associated,Glomeromycota,Paraglomeraceae,Paraglomus,yes,yes,yes,primer
Paraglomus_sp._P3-bc1067-1569-s290_STFP_ASV2667,Paraglomus_sp._P3-bc1067-1569-s290_STFP_ASV2667_CCAMF,Paraglomus,sp.,P3-bc1067-1569-s290,STFP,CCAMF,ASV2667,Fungi,Mucoromycota,Paraglomeromycetes,Paraglomerales,Paraglomeraceae,Paraglomus,VTX00239,0.8,Fungi,Glomeromycota,Paraglomeromycetes,Paraglomerales,Paraglomeraceae,Paraglomus,NA,0.8,Highly|_Probable,arbuscular_mycorrhizal,root-associated,Glomeromycota,Paraglomeraceae,Paraglomus,yes,yes,yes,primer
Paraglomus_sp._P3-bc1067-1569-s490_STFP_ASV2037,Paraglomus_sp._P3-bc1067-1569-s490_STFP_ASV2037_CCAMF,Paraglomus,sp.,P3-bc1067-1569-s490,STFP,CCAMF,ASV2037,Fungi,Mucoromycota,Paraglomeromycetes,Paraglomerales,Paraglomeraceae,Paraglomus,VTX00239,0.8,Fungi,Glomeromycota,Paraglomeromycetes,Paraglomerales,Paraglomeraceae,Paraglomus,NA,0.8,Highly|_Probable,arbuscular_mycorrhizal,root-associated,Glomeromycota,Paraglomeraceae,Paraglomus,yes,yes,yes,primer
Paraglomus_sp._P3-bc1067-1569-s554_STFP_ASV2664,Paraglomus_sp._P3-bc1067-1569-s554_STFP_ASV2664_CCAMF,Paraglomus,sp.,P3-bc1067-1569-s554,STFP,CCAMF,ASV2664,Fungi,Mucoromycota,Paraglomeromycetes,Paraglomerales,Paraglomeraceae,Paraglomus,VTX00239,0.8,Fungi,Glomeromycota,Paraglomeromycetes,Paraglomerales,Paraglomeraceae,Paraglomus,brasilianum,0.556,Highly|_Probable,arbuscular_mycorrhizal,root-associated,Glomeromycota,Paraglomeraceae,Paraglomus,yes,yes,yes,primer
Paraglomus_sp._P3-bc1067-1569-s7043_STFP_ASV2023,Paraglomus_sp._P3-bc1067-1569-s7043_STFP_ASV2023_CCAMF,Paraglomus,sp.,P3-bc1067-1569-s7043,STFP,CCAMF,ASV2023,Fungi,Mucoromycota,Paraglomeromycetes,Paraglomerales,Paraglomeraceae,Paraglomus,VTX00239,0.8,Fungi,Glomeromycota,Paraglomeromycetes,Paraglomerales,Paraglomeraceae,Paraglomus,brasilianum,0.556,Highly|_Probable,arbuscular_mycorrhizal,root-associated,Glomeromycota,Paraglomeraceae,Paraglomus,yes,yes,yes,primer
Paraglomus_sp._P3-bc1067-1569-s870_STFP_ASV2669,Paraglomus_sp._P3-bc1067-1569-s870_STFP_ASV2669_CCAMF,Paraglomus,sp.,P3-bc1067-1569-s870,STFP,CCAMF,ASV2669,Fungi,Mucoromycota,Paraglomeromycetes,Paraglomerales,Paraglomeraceae,Paraglomus,VTX00239,0.8,Fungi,Glomeromycota,Paraglomeromycetes,Paraglomerales,Paraglomeraceae,Paraglomus,NA,0.8,Highly|_Probable,arbuscular_mycorrhizal,root-associated,Glomeromycota,Paraglomeraceae,Paraglomus,yes,yes,yes,primer
Glomus_rugosae_P3-bc1068-1438-s232_STFP_ASV2046,Glomus_rugosae_P3-bc1068-1438-s232_STFP_ASV2046_CCAMF,Glomus,rugosae,P3-bc1068-1438-s232,STFP,CCAMF,ASV2046,Fungi,Mucoromycota,Glomeromycetes,Glomerales,Glomeraceae,Glomus,VTX00199,1,Fungi,Glomeromycota,Glomeromycetes,Glomerales,Glomeraceae,Glomus,sp,1,Highly|_Probable,arbuscular_mycorrhizal,root-associated,Glomeromycota,Glomeraceae,Glomus,yes,yes,yes,primer
Glomus_rugosae_P3-bc1068-1438-s2648_STFP_ASV2067,Glomus_rugosae_P3-bc1068-1438-s2648_STFP_ASV2067_CCAMF,Glomus,rugosae,P3-bc1068-1438-s2648,STFP,CCAMF,ASV2067,Fungi,Mucoromycota,Glomeromycetes,Glomerales,Glomeraceae,Glomus,VTX00199,1,Fungi,Glomeromycota,Glomeromycetes,Glomerales,Glomeraceae,Glomus,sp,1,Highly|_Probable,arbuscular_mycorrhizal,root-associated,Glomeromycota,Glomeraceae,Glomus,yes,yes,yes,primer
Glomus_rugosae_P3-bc1068-1438-s3346_STFP_ASV2394,Glomus_rugosae_P3-bc1068-1438-s3346_STFP_ASV2394_CCAMF,Glomus,rugosae,P3-bc1068-1438-s3346,STFP,CCAMF,ASV2394,Fungi,Mucoromycota,Glomeromycetes,Glomerales,Glomeraceae,Glomus,VTX00199,1,Fungi,Glomeromycota,Glomeromycetes,Glomerales,Glomeraceae,Glomus,sp,1,Highly|_Probable,arbuscular_mycorrhizal,root-associated,Glomeromycota,Glomeraceae,Glomus,yes,yes,yes,primer
Glomus_rugosae_P3-bc1068-1438-s4404_STFP_ASV2038,Glomus_rugosae_P3-bc1068-1438-s4404_STFP_ASV2038_CCAMF,Glomus,rugosae,P3-bc1068-1438-s4404,STFP,CCAMF,ASV2038,Fungi,Mucoromycota,Glomeromycetes,Glomerales,Glomeraceae,Glomus,VTX00199,1,Fungi,Glomeromycota,Glomeromycetes,Glomerales,Glomeraceae,Glomus,sp,1,Highly|_Probable,arbuscular_mycorrhizal,root-associated,Glomeromycota,Glomeraceae,Glomus,yes,yes,yes,primer
Diversispora_celata_P3-bc1073-1107-2_STFP_ASV2542,Diversispora_celata_P3-bc1073-1107-2_STFP_ASV2542_CCAMF,Diversispora,celata,P3-bc1073-1107-2,STFP,CCAMF,ASV2542,Fungi,Mucoromycota,Glomeromycetes,Diversisporales,Diversisporaceae,Diversispora,VTX00060,0.9,Fungi,Glomeromycota,Glomeromycetes,Diversisporales,Diversisporaceae,Diversispora,NA,0.9,Highly|_Probable,arbuscular_mycorrhizal,root-associated,Glomeromycota,Diversisporaceae,Diversispora,yes,yes,yes,primer
Diversispora_celata_P3-bc1073-1107-s16_STFP_ASV2540,Diversispora_celata_P3-bc1073-1107-s16_STFP_ASV2540_CCAMF,Diversispora,celata,P3-bc1073-1107-s16,STFP,CCAMF,ASV2540,Fungi,Mucoromycota,Glomeromycetes,Diversisporales,Diversisporaceae,Diversispora,VTX00060,0.9,Fungi,Glomeromycota,Glomeromycetes,Diversisporales,Diversisporaceae,Diversispora,NA,0.8,Highly|_Probable,arbuscular_mycorrhizal,root-associated,Glomeromycota,Diversisporaceae,Diversispora,yes,yes,yes,primer
Diversispora_celata_P3-bc1073-1107-s18_STFP_ASV2539,Diversispora_celata_P3-bc1073-1107-s18_STFP_ASV2539_CCAMF,Diversispora,celata,P3-bc1073-1107-s18,STFP,CCAMF,ASV2539,Fungi,Mucoromycota,Glomeromycetes,Diversisporales,Diversisporaceae,Diversispora,VTX00060,0.9,Fungi,Glomeromycota,Glomeromycetes,Diversisporales,Diversisporaceae,Diversispora,NA,0.8,Highly|_Probable,arbuscular_mycorrhizal,root-associated,Glomeromycota,Diversisporaceae,Diversispora,yes,yes,yes,primer
Diversispora_celata_P3-bc1073-1107-s66_STFP_ASV2538,Diversispora_celata_P3-bc1073-1107-s66_STFP_ASV2538_CCAMF,Diversispora,celata,P3-bc1073-1107-s66,STFP,CCAMF,ASV2538,Fungi,Mucoromycota,Glomeromycetes,Diversisporales,Diversisporaceae,Diversispora,VTX00060,1,Fungi,Glomeromycota,Glomeromycetes,Diversisporales,Diversisporaceae,Diversispora,NA,0.8,Highly|_Probable,arbuscular_mycorrhizal,root-associated,Glomeromycota,Diversisporaceae,Diversispora,yes,yes,yes,primer
Diversispora_celata_P3-bc1073-1107-s74_STFP_ASV2541,Diversispora_celata_P3-bc1073-1107-s74_STFP_ASV2541_CCAMF,Diversispora,celata,P3-bc1073-1107-s74,STFP,CCAMF,ASV2541,Fungi,Mucoromycota,Glomeromycetes,Diversisporales,Diversisporaceae,Diversispora,VTX00060,0.9,Fungi,Glomeromycota,Glomeromycetes,Diversisporales,Diversisporaceae,Diversispora,NA,0.9,Highly|_Probable,arbuscular_mycorrhizal,root-associated,Glomeromycota,Diversisporaceae,Diversispora,yes,yes,yes,primer
Glomus_rugosae_P3-bc1078-1128-s12_STFP_ASV2393,Glomus_rugosae_P3-bc1078-1128-s12_STFP_ASV2393_CCAMF,Glomus,rugosae,P3-bc1078-1128-s12,STFP,CCAMF,ASV2393,Fungi,Mucoromycota,Glomeromycetes,Glomerales,Glomeraceae,Glomus,VTX00199,1,Fungi,Glomeromycota,Glomeromycetes,Glomerales,Glomeraceae,Glomus,sp,1,Highly|_Probable,arbuscular_mycorrhizal,root-associated,Glomeromycota,Glomeraceae,Glomus,yes,yes,yes,primer
Glomus_rugosae_P3-bc1078-1128-s13_STFP_ASV2362,Glomus_rugosae_P3-bc1078-1128-s13_STFP_ASV2362_CCAMF,Glomus,rugosae,P3-bc1078-1128-s13,STFP,CCAMF,ASV2362,Fungi,Mucoromycota,Glomeromycetes,Glomerales,Glomeraceae,Glomus,VTX00199,1,Fungi,Glomeromycota,Glomeromycetes,Glomerales,Glomeraceae,Glomus,macrocarpum,0.6,Highly|_Probable,arbuscular_mycorrhizal,root-associated,Glomeromycota,Glomeraceae,Glomus,yes,yes,yes,primer
Glomus_rugosae_P3-bc1078-1128-s14_STFP_ASV2385,Glomus_rugosae_P3-bc1078-1128-s14_STFP_ASV2385_CCAMF,Glomus,rugosae,P3-bc1078-1128-s14,STFP,CCAMF,ASV2385,Fungi,Mucoromycota,Glomeromycetes,Glomerales,Glomeraceae,Glomus,VTX00199,1,Fungi,Glomeromycota,Glomeromycetes,Glomerales,Glomeraceae,Glomus,sp,1,Highly|_Probable,arbuscular_mycorrhizal,root-associated,Glomeromycota,Glomeraceae,Glomus,yes,yes,yes,primer
Glomus_rugosae_P3-bc1078-1128-s247_STFP_ASV2099,Glomus_rugosae_P3-bc1078-1128-s247_STFP_ASV2099_CCAMF,Glomus,rugosae,P3-bc1078-1128-s247,STFP,CCAMF,ASV2099,Fungi,Mucoromycota,Glomeromycetes,Glomerales,Glomeraceae,Glomus,VTX00199,1,Fungi,Glomeromycota,Glomeromycetes,Glomerales,Glomeraceae,Glomus,sp,1,Highly|_Probable,arbuscular_mycorrhizal,root-associated,Glomeromycota,Glomeraceae,Glomus,yes,yes,yes,primer
Glomus_rugosae_P3-bc1078-1128-s317_STFP_ASV2071,Glomus_rugosae_P3-bc1078-1128-s317_STFP_ASV2071_CCAMF,Glomus,rugosae,P3-bc1078-1128-s317,STFP,CCAMF,ASV2071,Fungi,Mucoromycota,Glomeromycetes,Glomerales,Glomeraceae,Glomus,VTX00199,1,Fungi,Glomeromycota,Glomeromycetes,Glomerales,Glomeraceae,Glomus,sp,1,Highly|_Probable,arbuscular_mycorrhizal,root-associated,Glomeromycota,Glomeraceae,Glomus,yes,yes,yes,primer
Glomus_rugosae_P3-bc1078-1128-s34_STFP_ASV2387,Glomus_rugosae_P3-bc1078-1128-s34_STFP_ASV2387_CCAMF,Glomus,rugosae,P3-bc1078-1128-s34,STFP,CCAMF,ASV2387,Fungi,Mucoromycota,Glomeromycetes,Glomerales,Glomeraceae,Glomus,VTX00199,1,Fungi,Glomeromycota,Glomeromycetes,Glomerales,Glomeraceae,Glomus,sp,1,Highly|_Probable,arbuscular_mycorrhizal,root-associated,Glomeromycota,Glomeraceae,Glomus,yes,yes,yes,primer
Glomus_rugosae_P3-bc1078-1128-s42_STFP_ASV2361,Glomus_rugosae_P3-bc1078-1128-s42_STFP_ASV2361_CCAMF,Glomus,rugosae,P3-bc1078-1128-s42,STFP,CCAMF,ASV2361,Fungi,Mucoromycota,Glomeromycetes,Glomerales,Glomeraceae,Glomus,VTX00199,1,Fungi,Glomeromycota,Glomeromycetes,Glomerales,Glomeraceae,Glomus,macrocarpum,0.6,Highly|_Probable,arbuscular_mycorrhizal,root-associated,Glomeromycota,Glomeraceae,Glomus,yes,yes,yes,primer
Glomus_rugosae_P3-bc1078-1128-s47_STFP_ASV2085,Glomus_rugosae_P3-bc1078-1128-s47_STFP_ASV2085_CCAMF,Glomus,rugosae,P3-bc1078-1128-s47,STFP,CCAMF,ASV2085,Fungi,Mucoromycota,Glomeromycetes,Glomerales,Glomeraceae,Glomus,VTX00199,1,Fungi,Glomeromycota,Glomeromycetes,Glomerales,Glomeraceae,Glomus,macrocarpum,0.6,Highly|_Probable,arbuscular_mycorrhizal,root-associated,Glomeromycota,Glomeraceae,Glomus,yes,yes,yes,primer
Glomus_rugosae_P3-bc1078-1128-s54_STFP_ASV2017,Glomus_rugosae_P3-bc1078-1128-s54_STFP_ASV2017_CCAMF,Glomus,rugosae,P3-bc1078-1128-s54,STFP,CCAMF,ASV2017,Fungi,Mucoromycota,Glomeromycetes,Glomerales,Glomeraceae,Glomus,VTX00199,1,Fungi,Glomeromycota,Glomeromycetes,Glomerales,Glomeraceae,Glomus,macrocarpum,0.6,Highly|_Probable,arbuscular_mycorrhizal,root-associated,Glomeromycota,Glomeraceae,Glomus,yes,yes,yes,primer
Glomus_chinense_P3-bc1083-733-s164_STFP_ASV2081,Glomus_chinense_P3-bc1083-733-s164_STFP_ASV2081_CCAMF,Glomus,chinense,P3-bc1083-733-s164,STFP,CCAMF,ASV2081,Fungi,Mucoromycota,Glomeromycetes,Glomerales,Glomeraceae,Glomus,VTX00199,0.9,Fungi,Glomeromycota,Glomeromycetes,Glomerales,Glomeraceae,Glomus,NA,0.8,Highly|_Probable,arbuscular_mycorrhizal,root-associated,Glomeromycota,Glomeraceae,Glomus,yes,yes,yes,primer
Glomus_chinense_P3-bc1083-733-s1940_STFP_ASV2053,Glomus_chinense_P3-bc1083-733-s1940_STFP_ASV2053_CCAMF,Glomus,chinense,P3-bc1083-733-s1940,STFP,CCAMF,ASV2053,Fungi,Mucoromycota,Glomeromycetes,Glomerales,Glomeraceae,Glomus,VTX00199,0.9,Fungi,Glomeromycota,Glomeromycetes,Glomerales,Glomeraceae,Glomus,NA,0.8,Highly|_Probable,arbuscular_mycorrhizal,root-associated,Glomeromycota,Glomeraceae,Glomus,yes,yes,yes,primer
Glomus_chinense_P3-bc1083-733-s203_STFP_ASV2088,Glomus_chinense_P3-bc1083-733-s203_STFP_ASV2088_CCAMF,Glomus,chinense,P3-bc1083-733-s203,STFP,CCAMF,ASV2088,Fungi,Mucoromycota,Glomeromycetes,Glomerales,Glomeraceae,Glomus,VTX00199,0.9,Fungi,Glomeromycota,Glomeromycetes,Glomerales,Glomeraceae,Glomus,NA,0.8,Highly|_Probable,arbuscular_mycorrhizal,root-associated,Glomeromycota,Glomeraceae,Glomus,yes,yes,yes,primer
Glomus_chinense_P3-bc1083-733-s51_STFP_ASV2339,Glomus_chinense_P3-bc1083-733-s51_STFP_ASV2339_CCAMF,Glomus,chinense,P3-bc1083-733-s51,STFP,CCAMF,ASV2339,Fungi,Mucoromycota,Glomeromycetes,Glomerales,Glomeraceae,Glomus,VTX00199,0.9,Fungi,Glomeromycota,Glomeromycetes,Glomerales,Glomeraceae,Glomus,NA,0.8,Highly|_Probable,arbuscular_mycorrhizal,root-associated,Glomeromycota,Glomeraceae,Glomus,yes,yes,yes,primer
Glomus_chinense_P3-bc1083-733-s72_STFP_ASV2333,Glomus_chinense_P3-bc1083-733-s72_STFP_ASV2333_CCAMF,Glomus,chinense,P3-bc1083-733-s72,STFP,CCAMF,ASV2333,Fungi,Mucoromycota,Glomeromycetes,Glomerales,Glomeraceae,Glomus,VTX00199,0.9,Fungi,Glomeromycota,Glomeromycetes,Glomerales,Glomeraceae,Glomus,NA,0.8,Highly|_Probable,arbuscular_mycorrhizal,root-associated,Glomeromycota,Glomeraceae,Glomus,yes,yes,yes,primer
Gigaspora_rosea_P3-bc1087-461-s17_STFP_ASV2629,Gigaspora_rosea_P3-bc1087-461-s17_STFP_ASV2629_CCAMF,Gigaspora,rosea,P3-bc1087-461-s17,STFP,CCAMF,ASV2629,Fungi,Mucoromycota,Glomeromycetes,Diversisporales,Gigasporaceae,Gigaspora,VTX00039,1,Fungi,Glomeromycota,Glomeromycetes,Gigasporales,Gigasporaceae,Gigaspora,rosea,0.7,Highly|_Probable,arbuscular_mycorrhizal,root-associated,Glomeromycota,Gigasporaceae,Gigaspora,yes,yes,yes,primer
Gigaspora_rosea_P3-bc1087-461-s20_STFP_ASV2630,Gigaspora_rosea_P3-bc1087-461-s20_STFP_ASV2630_CCAMF,Gigaspora,rosea,P3-bc1087-461-s20,STFP,CCAMF,ASV2630,Fungi,Mucoromycota,Glomeromycetes,Diversisporales,Gigasporaceae,Gigaspora,VTX00039,1,Fungi,Glomeromycota,Glomeromycetes,Gigasporales,Gigasporaceae,Gigaspora,rosea,0.7,Highly|_Probable,arbuscular_mycorrhizal,root-associated,Glomeromycota,Gigasporaceae,Gigaspora,yes,yes,yes,primer
Gigaspora_rosea_P3-bc1087-461-s26_STFP_ASV2626,Gigaspora_rosea_P3-bc1087-461-s26_STFP_ASV2626_CCAMF,Gigaspora,rosea,P3-bc1087-461-s26,STFP,CCAMF,ASV2626,Fungi,Mucoromycota,Glomeromycetes,Diversisporales,Gigasporaceae,Gigaspora,VTX00039,1,Fungi,Glomeromycota,Glomeromycetes,Gigasporales,Gigasporaceae,Gigaspora,rosea,0.7,Highly|_Probable,arbuscular_mycorrhizal,root-associated,Glomeromycota,Gigasporaceae,Gigaspora,yes,yes,yes,primer
Glomus_macrocarpum_P3-bc1094-1214-s140_STFP_ASV2359,Glomus_macrocarpum_P3-bc1094-1214-s140_STFP_ASV2359_CCAMF,Glomus,macrocarpum,P3-bc1094-1214-s140,STFP,CCAMF,ASV2359,Fungi,Mucoromycota,Glomeromycetes,Glomerales,Glomeraceae,Glomus,VTX00199,1,Fungi,Glomeromycota,Glomeromycetes,Glomerales,Glomeraceae,Glomus,macrocarpum,0.6,Highly|_Probable,arbuscular_mycorrhizal,root-associated,Glomeromycota,Glomeraceae,Glomus,yes,yes,yes,primer
Glomus_macrocarpum_P3-bc1094-1214-s51_STFP_ASV2358,Glomus_macrocarpum_P3-bc1094-1214-s51_STFP_ASV2358_CCAMF,Glomus,macrocarpum,P3-bc1094-1214-s51,STFP,CCAMF,ASV2358,Fungi,Mucoromycota,Glomeromycetes,Glomerales,Glomeraceae,Glomus,VTX00199,1,Fungi,Glomeromycota,Glomeromycetes,Glomerales,Glomeraceae,Glomus,macrocarpum,0.6,Highly|_Probable,arbuscular_mycorrhizal,root-associated,Glomeromycota,Glomeraceae,Glomus,yes,yes,yes,primer
Glomus_macrocarpum_P3-bc1094-1214-s53_STFP_ASV2012,Glomus_macrocarpum_P3-bc1094-1214-s53_STFP_ASV2012_CCAMF,Glomus,macrocarpum,P3-bc1094-1214-s53,STFP,CCAMF,ASV2012,Fungi,Mucoromycota,Glomeromycetes,Glomerales,Glomeraceae,Glomus,VTX00199,1,Fungi,Glomeromycota,Glomeromycetes,Glomerales,Glomeraceae,Glomus,NA,1,Highly|_Probable,arbuscular_mycorrhizal,root-associated,Glomeromycota,Glomeraceae,Glomus,yes,yes,yes,primer
Glomus_macrocarpum_P3-bc1094-1214-s54_STFP_ASV2357,Glomus_macrocarpum_P3-bc1094-1214-s54_STFP_ASV2357_CCAMF,Glomus,macrocarpum,P3-bc1094-1214-s54,STFP,CCAMF,ASV2357,Fungi,Mucoromycota,Glomeromycetes,Glomerales,Glomeraceae,Glomus,VTX00199,1,Fungi,Glomeromycota,Glomeromycetes,Glomerales,Glomeraceae,Glomus,macrocarpum,0.7,Highly|_Probable,arbuscular_mycorrhizal,root-associated,Glomeromycota,Glomeraceae,Glomus,yes,yes,yes,primer
Glomus_macrocarpum_P3-bc1094-1214-s68_STFP_ASV2360,Glomus_macrocarpum_P3-bc1094-1214-s68_STFP_ASV2360_CCAMF,Glomus,macrocarpum,P3-bc1094-1214-s68,STFP,CCAMF,ASV2360,Fungi,Mucoromycota,Glomeromycetes,Glomerales,Glomeraceae,Glomus,VTX00199,1,Fungi,Glomeromycota,Glomeromycetes,Glomerales,Glomeraceae,Glomus,macrocarpum,0.6,Highly|_Probable,arbuscular_mycorrhizal,root-associated,Glomeromycota,Glomeraceae,Glomus,yes,yes,yes,primer
Glomus_rugosae_P3-bc1095-65-s123_STFP_ASV2087,Glomus_rugosae_P3-bc1095-65-s123_STFP_ASV2087_CCAMF,Glomus,rugosae,P3-bc1095-65-s123,STFP,CCAMF,ASV2087,Fungi,Mucoromycota,Glomeromycetes,Glomerales,Glomeraceae,Glomus,VTX00199,1,Fungi,Glomeromycota,Glomeromycetes,Glomerales,Glomeraceae,Glomus,sp,0.9,Highly|_Probable,arbuscular_mycorrhizal,root-associated,Glomeromycota,Glomeraceae,Glomus,yes,yes,yes,primer
Glomus_rugosae_P3-bc1095-65-s35_STFP_ASV2056,Glomus_rugosae_P3-bc1095-65-s35_STFP_ASV2056_CCAMF,Glomus,rugosae,P3-bc1095-65-s35,STFP,CCAMF,ASV2056,Fungi,Mucoromycota,Glomeromycetes,Glomerales,Glomeraceae,Glomus,VTX00199,1,Fungi,Glomeromycota,Glomeromycetes,Glomerales,Glomeraceae,Glomus,sp,0.9,Highly|_Probable,arbuscular_mycorrhizal,root-associated,Glomeromycota,Glomeraceae,Glomus,yes,yes,yes,primer
Glomus_chinense_P4-bc1001-1026-s1045_STFP_ASV2349,Glomus_chinense_P4-bc1001-1026-s1045_STFP_ASV2349_CCAMF,Glomus,chinense,P4-bc1001-1026-s1045,STFP,CCAMF,ASV2349,Fungi,Mucoromycota,Glomeromycetes,Glomerales,Glomeraceae,Glomus,VTX00199,1,Fungi,Glomeromycota,Glomeromycetes,Glomerales,Glomeraceae,Glomus,NA,0.8,Highly|_Probable,arbuscular_mycorrhizal,root-associated,Glomeromycota,Glomeraceae,Glomus,yes,yes,yes,primer
Glomus_chinense_P4-bc1001-1026-s194_STFP_ASV2353,Glomus_chinense_P4-bc1001-1026-s194_STFP_ASV2353_CCAMF,Glomus,chinense,P4-bc1001-1026-s194,STFP,CCAMF,ASV2353,Fungi,Mucoromycota,Glomeromycetes,Glomerales,Glomeraceae,Glomus,VTX00199,1,Fungi,Glomeromycota,Glomeromycetes,Glomerales,Glomeraceae,Glomus,NA,1,Highly|_Probable,arbuscular_mycorrhizal,root-associated,Glomeromycota,Glomeraceae,Glomus,yes,yes,yes,primer
Glomus_chinense_P4-bc1001-1026-s198_STFP_ASV2348,Glomus_chinense_P4-bc1001-1026-s198_STFP_ASV2348_CCAMF,Glomus,chinense,P4-bc1001-1026-s198,STFP,CCAMF,ASV2348,Fungi,Mucoromycota,Glomeromycetes,Glomerales,Glomeraceae,Glomus,VTX00199,1,Fungi,Glomeromycota,Glomeromycetes,Glomerales,Glomeraceae,Glomus,NA,0.8,Highly|_Probable,arbuscular_mycorrhizal,root-associated,Glomeromycota,Glomeraceae,Glomus,yes,yes,yes,primer
Glomus_chinense_P4-bc1001-1026-s238_STFP_ASV2347,Glomus_chinense_P4-bc1001-1026-s238_STFP_ASV2347_CCAMF,Glomus,chinense,P4-bc1001-1026-s238,STFP,CCAMF,ASV2347,Fungi,Mucoromycota,Glomeromycetes,Glomerales,Glomeraceae,Glomus,VTX00199,1,Fungi,Glomeromycota,Glomeromycetes,Glomerales,Glomeraceae,Glomus,sp,0.8,Highly|_Probable,arbuscular_mycorrhizal,root-associated,Glomeromycota,Glomeraceae,Glomus,yes,yes,yes,primer
Glomus_chinense_P4-bc1001-1026-s251_STFP_ASV2344,Glomus_chinense_P4-bc1001-1026-s251_STFP_ASV2344_CCAMF,Glomus,chinense,P4-bc1001-1026-s251,STFP,CCAMF,ASV2344,Fungi,Mucoromycota,Glomeromycetes,Glomerales,Glomeraceae,Glomus,VTX00199,1,Fungi,Glomeromycota,Glomeromycetes,Glomerales,Glomeraceae,Glomus,NA,0.8,Highly|_Probable,arbuscular_mycorrhizal,root-associated,Glomeromycota,Glomeraceae,Glomus,yes,yes,yes,primer
Glomus_chinense_P4-bc1001-1026-s266_STFP_ASV2346,Glomus_chinense_P4-bc1001-1026-s266_STFP_ASV2346_CCAMF,Glomus,chinense,P4-bc1001-1026-s266,STFP,CCAMF,ASV2346,Fungi,Mucoromycota,Glomeromycetes,Glomerales,Glomeraceae,Glomus,VTX00199,1,Fungi,Glomeromycota,Glomeromycetes,Glomerales,Glomeraceae,Glomus,sp,0.8,Highly|_Probable,arbuscular_mycorrhizal,root-associated,Glomeromycota,Glomeraceae,Glomus,yes,yes,yes,primer
Glomus_chinense_P4-bc1001-1026-s289_STFP_ASV2350,Glomus_chinense_P4-bc1001-1026-s289_STFP_ASV2350_CCAMF,Glomus,chinense,P4-bc1001-1026-s289,STFP,CCAMF,ASV2350,Fungi,Mucoromycota,Glomeromycetes,Glomerales,Glomeraceae,Glomus,VTX00199,1,Fungi,Glomeromycota,Glomeromycetes,Glomerales,Glomeraceae,Glomus,NA,0.8,Highly|_Probable,arbuscular_mycorrhizal,root-associated,Glomeromycota,Glomeraceae,Glomus,yes,yes,yes,primer
Glomus_chinense_P4-bc1001-1026-s7031_STFP_ASV2345,Glomus_chinense_P4-bc1001-1026-s7031_STFP_ASV2345_CCAMF,Glomus,chinense,P4-bc1001-1026-s7031,STFP,CCAMF,ASV2345,Fungi,Mucoromycota,Glomeromycetes,Glomerales,Glomeraceae,Glomus,VTX00199,1,Fungi,Glomeromycota,Glomeromycetes,Glomerales,Glomeraceae,Glomus,sp,0.8,Highly|_Probable,arbuscular_mycorrhizal,root-associated,Glomeromycota,Glomeraceae,Glomus,yes,yes,yes,primer
Glomus_chinense_P4-bc1001-1026-s858_STFP_ASV2352,Glomus_chinense_P4-bc1001-1026-s858_STFP_ASV2352_CCAMF,Glomus,chinense,P4-bc1001-1026-s858,STFP,CCAMF,ASV2352,Fungi,Mucoromycota,Glomeromycetes,Glomerales,Glomeraceae,Glomus,VTX00199,1,Fungi,Glomeromycota,Glomeromycetes,Glomerales,Glomeraceae,Glomus,NA,1,Highly|_Probable,arbuscular_mycorrhizal,root-associated,Glomeromycota,Glomeraceae,Glomus,yes,yes,yes,primer
Glomus_chinense_P4-bc1002-733-s197_STFP_ASV2053,Glomus_chinense_P4-bc1002-733-s197_STFP_ASV2053_CCAMF,Glomus,chinense,P4-bc1002-733-s197,STFP,CCAMF,ASV2053,Fungi,Mucoromycota,Glomeromycetes,Glomerales,Glomeraceae,Glomus,VTX00199,0.9,Fungi,Glomeromycota,Glomeromycetes,Glomerales,Glomeraceae,Glomus,NA,0.8,Highly|_Probable,arbuscular_mycorrhizal,root-associated,Glomeromycota,Glomeraceae,Glomus,yes,yes,yes,primer
Glomus_chinense_P4-bc1002-733-s263_STFP_ASV2097,Glomus_chinense_P4-bc1002-733-s263_STFP_ASV2097_CCAMF,Glomus,chinense,P4-bc1002-733-s263,STFP,CCAMF,ASV2097,Fungi,Mucoromycota,Glomeromycetes,Glomerales,Glomeraceae,Glomus,VTX00199,0.9,Fungi,Glomeromycota,Glomeromycetes,Glomerales,Glomeraceae,Glomus,NA,0.8,Highly|_Probable,arbuscular_mycorrhizal,root-associated,Glomeromycota,Glomeraceae,Glomus,yes,yes,yes,primer
Glomus_chinense_P4-bc1002-733-s269_STFP_ASV2081,Glomus_chinense_P4-bc1002-733-s269_STFP_ASV2081_CCAMF,Glomus,chinense,P4-bc1002-733-s269,STFP,CCAMF,ASV2081,Fungi,Mucoromycota,Glomeromycetes,Glomerales,Glomeraceae,Glomus,VTX00199,0.9,Fungi,Glomeromycota,Glomeromycetes,Glomerales,Glomeraceae,Glomus,NA,0.8,Highly|_Probable,arbuscular_mycorrhizal,root-associated,Glomeromycota,Glomeraceae,Glomus,yes,yes,yes,primer
Glomus_chinense_P4-bc1002-733-s86_STFP_ASV2088,Glomus_chinense_P4-bc1002-733-s86_STFP_ASV2088_CCAMF,Glomus,chinense,P4-bc1002-733-s86,STFP,CCAMF,ASV2088,Fungi,Mucoromycota,Glomeromycetes,Glomerales,Glomeraceae,Glomus,VTX00199,0.9,Fungi,Glomeromycota,Glomeromycetes,Glomerales,Glomeraceae,Glomus,NA,0.8,Highly|_Probable,arbuscular_mycorrhizal,root-associated,Glomeromycota,Glomeraceae,Glomus,yes,yes,yes,primer
Glomus_chinense_P4-bc1002-733-s88_STFP_ASV2354,Glomus_chinense_P4-bc1002-733-s88_STFP_ASV2354_CCAMF,Glomus,chinense,P4-bc1002-733-s88,STFP,CCAMF,ASV2354,Fungi,Mucoromycota,Glomeromycetes,Glomerales,Glomeraceae,Glomus,VTX00199,0.9,Fungi,Glomeromycota,Glomeromycetes,Glomerales,Glomeraceae,Glomus,NA,1,Highly|_Probable,arbuscular_mycorrhizal,root-associated,Glomeromycota,Glomeraceae,Glomus,yes,yes,yes,primer
Diversispora_spurca_P4-bc1005-444-s210_STFP_ASV2008,Diversispora_spurca_P4-bc1005-444-s210_STFP_ASV2008_CCAMF,Diversispora,spurca,P4-bc1005-444-s210,STFP,CCAMF,ASV2008,Fungi,Mucoromycota,Glomeromycetes,Diversisporales,Diversisporaceae,Diversispora,NA,1,Fungi,Glomeromycota,Glomeromycetes,Diversisporales,Diversisporaceae,Diversispora,NA,1,Highly|_Probable,arbuscular_mycorrhizal,root-associated,Glomeromycota,Diversisporaceae,Diversispora,yes,yes,yes,primer
Diversispora_spurca_P4-bc1005-444-s34_STFP_ASV2105,Diversispora_spurca_P4-bc1005-444-s34_STFP_ASV2105_CCAMF,Diversispora,spurca,P4-bc1005-444-s34,STFP,CCAMF,ASV2105,Fungi,Mucoromycota,Glomeromycetes,Diversisporales,Diversisporaceae,Diversispora,NA,1,Fungi,Glomeromycota,Glomeromycetes,Diversisporales,Diversisporaceae,Diversispora,NA,1,Highly|_Probable,arbuscular_mycorrhizal,root-associated,Glomeromycota,Diversisporaceae,Diversispora,yes,yes,yes,primer
Diversispora_spurca_P4-bc1005-444-s81_STFP_ASV2100,Diversispora_spurca_P4-bc1005-444-s81_STFP_ASV2100_CCAMF,Diversispora,spurca,P4-bc1005-444-s81,STFP,CCAMF,ASV2100,Fungi,Mucoromycota,Glomeromycetes,Diversisporales,Diversisporaceae,Diversispora,NA,1,Fungi,Glomeromycota,Glomeromycetes,Diversisporales,Diversisporaceae,Diversispora,NA,1,Highly|_Probable,arbuscular_mycorrhizal,root-associated,Glomeromycota,Diversisporaceae,Diversispora,yes,yes,yes,primer
Glomus_rugosae_P4-bc1011-1220-s18384_STFP_ASV2044,Glomus_rugosae_P4-bc1011-1220-s18384_STFP_ASV2044_CCAMF,Glomus,rugosae,P4-bc1011-1220-s18384,STFP,CCAMF,ASV2044,Fungi,Mucoromycota,Glomeromycetes,Glomerales,Glomeraceae,Glomus,VTX00199,1,Fungi,Glomeromycota,Glomeromycetes,Glomerales,Glomeraceae,Glomus,sp,0.6,Highly|_Probable,arbuscular_mycorrhizal,root-associated,Glomeromycota,Glomeraceae,Glomus,yes,yes,yes,primer
Glomus_rugosae_P4-bc1011-1220-s2443_STFP_ASV2384,Glomus_rugosae_P4-bc1011-1220-s2443_STFP_ASV2384_CCAMF,Glomus,rugosae,P4-bc1011-1220-s2443,STFP,CCAMF,ASV2384,Fungi,Mucoromycota,Glomeromycetes,Glomerales,Glomeraceae,Glomus,VTX00199,1,Fungi,Glomeromycota,Glomeromycetes,Glomerales,Glomeraceae,Glomus,macrocarpum,0.6,Highly|_Probable,arbuscular_mycorrhizal,root-associated,Glomeromycota,Glomeraceae,Glomus,yes,yes,yes,primer
Glomus_rugosae_P4-bc1011-1220-s2707_STFP_ASV2370,Glomus_rugosae_P4-bc1011-1220-s2707_STFP_ASV2370_CCAMF,Glomus,rugosae,P4-bc1011-1220-s2707,STFP,CCAMF,ASV2370,Fungi,Mucoromycota,Glomeromycetes,Glomerales,Glomeraceae,Glomus,VTX00199,1,Fungi,Glomeromycota,Glomeromycetes,Glomerales,Glomeraceae,Glomus,sp,0.6,Highly|_Probable,arbuscular_mycorrhizal,root-associated,Glomeromycota,Glomeraceae,Glomus,yes,yes,yes,primer
Glomus_rugosae_P4-bc1011-1220-s3037_STFP_ASV2369,Glomus_rugosae_P4-bc1011-1220-s3037_STFP_ASV2369_CCAMF,Glomus,rugosae,P4-bc1011-1220-s3037,STFP,CCAMF,ASV2369,Fungi,Mucoromycota,Glomeromycetes,Glomerales,Glomeraceae,Glomus,VTX00199,1,Fungi,Glomeromycota,Glomeromycetes,Glomerales,Glomeraceae,Glomus,sp,0.6,Highly|_Probable,arbuscular_mycorrhizal,root-associated,Glomeromycota,Glomeraceae,Glomus,yes,yes,yes,primer
Glomus_rugosae_P4-bc1011-1220-s3192_STFP_ASV2032,Glomus_rugosae_P4-bc1011-1220-s3192_STFP_ASV2032_CCAMF,Glomus,rugosae,P4-bc1011-1220-s3192,STFP,CCAMF,ASV2032,Fungi,Mucoromycota,Glomeromycetes,Glomerales,Glomeraceae,Glomus,VTX00199,1,Fungi,Glomeromycota,Glomeromycetes,Glomerales,Glomeraceae,Glomus,sp,0.6,Highly|_Probable,arbuscular_mycorrhizal,root-associated,Glomeromycota,Glomeraceae,Glomus,yes,yes,yes,primer
Glomus_rugosae_P4-bc1011-1220-s3311_STFP_ASV2368,Glomus_rugosae_P4-bc1011-1220-s3311_STFP_ASV2368_CCAMF,Glomus,rugosae,P4-bc1011-1220-s3311,STFP,CCAMF,ASV2368,Fungi,Mucoromycota,Glomeromycetes,Glomerales,Glomeraceae,Glomus,VTX00199,1,Fungi,Glomeromycota,Glomeromycetes,Glomerales,Glomeraceae,Glomus,sp,0.6,Highly|_Probable,arbuscular_mycorrhizal,root-associated,Glomeromycota,Glomeraceae,Glomus,yes,yes,yes,primer
Glomus_rugosae_P4-bc1011-1220-s448_STFP_ASV2396,Glomus_rugosae_P4-bc1011-1220-s448_STFP_ASV2396_CCAMF,Glomus,rugosae,P4-bc1011-1220-s448,STFP,CCAMF,ASV2396,Fungi,Mucoromycota,Glomeromycetes,Glomerales,Glomeraceae,Glomus,VTX00199,1,Fungi,Glomeromycota,Glomeromycetes,Glomerales,Glomeraceae,Glomus,NA,1,Highly|_Probable,arbuscular_mycorrhizal,root-associated,Glomeromycota,Glomeraceae,Glomus,yes,yes,yes,primer
Glomus_rugosae_P4-bc1011-1220-s475_STFP_ASV2375,Glomus_rugosae_P4-bc1011-1220-s475_STFP_ASV2375_CCAMF,Glomus,rugosae,P4-bc1011-1220-s475,STFP,CCAMF,ASV2375,Fungi,Mucoromycota,Glomeromycetes,Glomerales,Glomeraceae,Glomus,VTX00199,1,Fungi,Glomeromycota,Glomeromycetes,Glomerales,Glomeraceae,Glomus,sp,0.6,Highly|_Probable,arbuscular_mycorrhizal,root-associated,Glomeromycota,Glomeraceae,Glomus,yes,yes,yes,primer
Glomus_rugosae_P4-bc1011-1220-s580_STFP_ASV2371,Glomus_rugosae_P4-bc1011-1220-s580_STFP_ASV2371_CCAMF,Glomus,rugosae,P4-bc1011-1220-s580,STFP,CCAMF,ASV2371,Fungi,Mucoromycota,Glomeromycetes,Glomerales,Glomeraceae,Glomus,VTX00199,1,Fungi,Glomeromycota,Glomeromycetes,Glomerales,Glomeraceae,Glomus,sp,0.6,Highly|_Probable,arbuscular_mycorrhizal,root-associated,Glomeromycota,Glomeraceae,Glomus,yes,yes,yes,primer
Glomus_rugosae_P4-bc1011-1220-s636_STFP_ASV2381,Glomus_rugosae_P4-bc1011-1220-s636_STFP_ASV2381_CCAMF,Glomus,rugosae,P4-bc1011-1220-s636,STFP,CCAMF,ASV2381,Fungi,Mucoromycota,Glomeromycetes,Glomerales,Glomeraceae,Glomus,VTX00199,1,Fungi,Glomeromycota,Glomeromycetes,Glomerales,Glomeraceae,Glomus,macrocarpum,0.6,Highly|_Probable,arbuscular_mycorrhizal,root-associated,Glomeromycota,Glomeraceae,Glomus,yes,yes,yes,primer
Glomus_rugosae_P4-bc1011-1220-s8167_STFP_ASV2083,Glomus_rugosae_P4-bc1011-1220-s8167_STFP_ASV2083_CCAMF,Glomus,rugosae,P4-bc1011-1220-s8167,STFP,CCAMF,ASV2083,Fungi,Mucoromycota,Glomeromycetes,Glomerales,Glomeraceae,Glomus,VTX00199,1,Fungi,Glomeromycota,Glomeromycetes,Glomerales,Glomeraceae,Glomus,sp,0.6,Highly|_Probable,arbuscular_mycorrhizal,root-associated,Glomeromycota,Glomeraceae,Glomus,yes,yes,yes,primer
Glomus_rugosae_P4-bc1011-1220-s870_STFP_ASV2004,Glomus_rugosae_P4-bc1011-1220-s870_STFP_ASV2004_CCAMF,Glomus,rugosae,P4-bc1011-1220-s870,STFP,CCAMF,ASV2004,Fungi,Mucoromycota,Glomeromycetes,Glomerales,Glomeraceae,Glomus,VTX00199,1,Fungi,Glomeromycota,Glomeromycetes,Glomerales,Glomeraceae,Glomus,sp,0.6,Highly|_Probable,arbuscular_mycorrhizal,root-associated,Glomeromycota,Glomeraceae,Glomus,yes,yes,yes,primer
Glomus_rugosae_P4-bc1012-65-s330_STFP_ASV2364,Glomus_rugosae_P4-bc1012-65-s330_STFP_ASV2364_CCAMF,Glomus,rugosae,P4-bc1012-65-s330,STFP,CCAMF,ASV2364,Fungi,Mucoromycota,Glomeromycetes,Glomerales,Glomeraceae,Glomus,VTX00199,1,Fungi,Glomeromycota,Glomeromycetes,Glomerales,Glomeraceae,Glomus,macrocarpum,0.6,Highly|_Probable,arbuscular_mycorrhizal,root-associated,Glomeromycota,Glomeraceae,Glomus,yes,yes,yes,primer
Glomus_rugosae_P4-bc1012-65-s385_STFP_ASV2072,Glomus_rugosae_P4-bc1012-65-s385_STFP_ASV2072_CCAMF,Glomus,rugosae,P4-bc1012-65-s385,STFP,CCAMF,ASV2072,Fungi,Mucoromycota,Glomeromycetes,Glomerales,Glomeraceae,Glomus,VTX00199,1,Fungi,Glomeromycota,Glomeromycetes,Glomerales,Glomeraceae,Glomus,macrocarpum,0.6,Highly|_Probable,arbuscular_mycorrhizal,root-associated,Glomeromycota,Glomeraceae,Glomus,yes,yes,yes,primer
Glomus_rugosae_P4-bc1012-65-s41_STFP_ASV2391,Glomus_rugosae_P4-bc1012-65-s41_STFP_ASV2391_CCAMF,Glomus,rugosae,P4-bc1012-65-s41,STFP,CCAMF,ASV2391,Fungi,Mucoromycota,Glomeromycetes,Glomerales,Glomeraceae,Glomus,VTX00199,1,Fungi,Glomeromycota,Glomeromycetes,Glomerales,Glomeraceae,Glomus,sp,0.9,Highly|_Probable,arbuscular_mycorrhizal,root-associated,Glomeromycota,Glomeraceae,Glomus,yes,yes,yes,primer
Glomus_rugosae_P4-bc1012-65-s424_STFP_ASV2392,Glomus_rugosae_P4-bc1012-65-s424_STFP_ASV2392_CCAMF,Glomus,rugosae,P4-bc1012-65-s424,STFP,CCAMF,ASV2392,Fungi,Mucoromycota,Glomeromycetes,Glomerales,Glomeraceae,Glomus,VTX00199,1,Fungi,Glomeromycota,Glomeromycetes,Glomerales,Glomeraceae,Glomus,sp,0.8,Highly|_Probable,arbuscular_mycorrhizal,root-associated,Glomeromycota,Glomeraceae,Glomus,yes,yes,yes,primer
Glomus_rugosae_P4-bc1012-65-s44_STFP_ASV2056,Glomus_rugosae_P4-bc1012-65-s44_STFP_ASV2056_CCAMF,Glomus,rugosae,P4-bc1012-65-s44,STFP,CCAMF,ASV2056,Fungi,Mucoromycota,Glomeromycetes,Glomerales,Glomeraceae,Glomus,VTX00199,1,Fungi,Glomeromycota,Glomeromycetes,Glomerales,Glomeraceae,Glomus,sp,0.9,Highly|_Probable,arbuscular_mycorrhizal,root-associated,Glomeromycota,Glomeraceae,Glomus,yes,yes,yes,primer
Glomus_rugosae_P4-bc1012-65-s456_STFP_ASV2367,Glomus_rugosae_P4-bc1012-65-s456_STFP_ASV2367_CCAMF,Glomus,rugosae,P4-bc1012-65-s456,STFP,CCAMF,ASV2367,Fungi,Mucoromycota,Glomeromycetes,Glomerales,Glomeraceae,Glomus,VTX00199,1,Fungi,Glomeromycota,Glomeromycetes,Glomerales,Glomeraceae,Glomus,sp,0.6,Highly|_Probable,arbuscular_mycorrhizal,root-associated,Glomeromycota,Glomeraceae,Glomus,yes,yes,yes,primer
Glomus_rugosae_P4-bc1012-65-s50_STFP_ASV2366,Glomus_rugosae_P4-bc1012-65-s50_STFP_ASV2366_CCAMF,Glomus,rugosae,P4-bc1012-65-s50,STFP,CCAMF,ASV2366,Fungi,Mucoromycota,Glomeromycetes,Glomerales,Glomeraceae,Glomus,VTX00199,1,Fungi,Glomeromycota,Glomeromycetes,Glomerales,Glomeraceae,Glomus,macrocarpum,0.6,Highly|_Probable,arbuscular_mycorrhizal,root-associated,Glomeromycota,Glomeraceae,Glomus,yes,yes,yes,primer
Glomus_rugosae_P4-bc1012-65-s56_STFP_ASV2365,Glomus_rugosae_P4-bc1012-65-s56_STFP_ASV2365_CCAMF,Glomus,rugosae,P4-bc1012-65-s56,STFP,CCAMF,ASV2365,Fungi,Mucoromycota,Glomeromycetes,Glomerales,Glomeraceae,Glomus,VTX00199,1,Fungi,Glomeromycota,Glomeromycetes,Glomerales,Glomeraceae,Glomus,macrocarpum,0.6,Highly|_Probable,arbuscular_mycorrhizal,root-associated,Glomeromycota,Glomeraceae,Glomus,yes,yes,yes,primer
Glomus_rugosae_P4-bc1012-65-s561_STFP_ASV2068,Glomus_rugosae_P4-bc1012-65-s561_STFP_ASV2068_CCAMF,Glomus,rugosae,P4-bc1012-65-s561,STFP,CCAMF,ASV2068,Fungi,Mucoromycota,Glomeromycetes,Glomerales,Glomeraceae,Glomus,VTX00199,1,Fungi,Glomeromycota,Glomeromycetes,Glomerales,Glomeraceae,Glomus,NA,1,Highly|_Probable,arbuscular_mycorrhizal,root-associated,Glomeromycota,Glomeraceae,Glomus,yes,yes,yes,primer
Glomus_rugosae_P4-bc1012-65-s61_STFP_ASV2363,Glomus_rugosae_P4-bc1012-65-s61_STFP_ASV2363_CCAMF,Glomus,rugosae,P4-bc1012-65-s61,STFP,CCAMF,ASV2363,Fungi,Mucoromycota,Glomeromycetes,Glomerales,Glomeraceae,Glomus,VTX00199,1,Fungi,Glomeromycota,Glomeromycetes,Glomerales,Glomeraceae,Glomus,sp,0.9,Highly|_Probable,arbuscular_mycorrhizal,root-associated,Glomeromycota,Glomeraceae,Glomus,yes,yes,yes,primer
Glomus_rugosae_P4-bc1012-65-s715_STFP_ASV2390,Glomus_rugosae_P4-bc1012-65-s715_STFP_ASV2390_CCAMF,Glomus,rugosae,P4-bc1012-65-s715,STFP,CCAMF,ASV2390,Fungi,Mucoromycota,Glomeromycetes,Glomerales,Glomeraceae,Glomus,VTX00199,1,Fungi,Glomeromycota,Glomeromycetes,Glomerales,Glomeraceae,Glomus,sp,0.9,Highly|_Probable,arbuscular_mycorrhizal,root-associated,Glomeromycota,Glomeraceae,Glomus,yes,yes,yes,primer
Septoglomus_viscosum_P4-bc1013-SPU-7-1-2-Att1910-1-s1399_STFI_ASV2060,Septoglomus_viscosum_P4-bc1013-SPU-7-1-2-Att1910-1-s1399_STFI_ASV2060_CCAMF,Septoglomus,viscosum,P4-bc1013-SPU-7-1-2-Att1910-1-s1399,STFI,CCAMF,ASV2060,Fungi,Mucoromycota,Glomeromycetes,Glomerales,Glomeraceae,Glomus,VTX00063,1,Fungi,Glomeromycota,Glomeromycetes,Glomerales,Glomeraceae,Septoglomus,NA,0.7,Highly|_Probable,arbuscular_mycorrhizal,root-associated,Glomeromycota,Septoglomeraceae,Septoglomus,yes,yes,yes,primer
Septoglomus_viscosum_P4-bc1013-SPU-7-1-2-Att1910-1-s346_STFI_ASV2001,Septoglomus_viscosum_P4-bc1013-SPU-7-1-2-Att1910-1-s346_STFI_ASV2001_CCAMF,Septoglomus,viscosum,P4-bc1013-SPU-7-1-2-Att1910-1-s346,STFI,CCAMF,ASV2001,Fungi,Mucoromycota,Glomeromycetes,Glomerales,Glomeraceae,Glomus,VTX00063,1,Fungi,Glomeromycota,Glomeromycetes,Glomerales,Glomeraceae,Septoglomus,NA,0.7,Highly|_Probable,arbuscular_mycorrhizal,root-associated,Glomeromycota,Septoglomeraceae,Septoglomus,yes,yes,yes,primer
Septoglomus_viscosum_P4-bc1013-SPU-7-1-2-Att1910-1-s4078_STFI_ASV2054,Septoglomus_viscosum_P4-bc1013-SPU-7-1-2-Att1910-1-s4078_STFI_ASV2054_CCAMF,Septoglomus,viscosum,P4-bc1013-SPU-7-1-2-Att1910-1-s4078,STFI,CCAMF,ASV2054,Fungi,Mucoromycota,Glomeromycetes,Glomerales,Glomeraceae,Glomus,VTX00063,1,Fungi,Glomeromycota,Glomeromycetes,Glomerales,Glomeraceae,Septoglomus,NA,0.7,Highly|_Probable,arbuscular_mycorrhizal,root-associated,Glomeromycota,Septoglomeraceae,Septoglomus,yes,yes,yes,primer
Septoglomus_viscosum_P4-bc1013-SPU-7-1-2-Att1910-1-s483_STFI_ASV2101,Septoglomus_viscosum_P4-bc1013-SPU-7-1-2-Att1910-1-s483_STFI_ASV2101_CCAMF,Septoglomus,viscosum,P4-bc1013-SPU-7-1-2-Att1910-1-s483,STFI,CCAMF,ASV2101,Fungi,Mucoromycota,Glomeromycetes,Glomerales,Glomeraceae,Glomus,VTX00063,1,Fungi,Glomeromycota,Glomeromycetes,Glomerales,Glomeraceae,Septoglomus,NA,0.7,Highly|_Probable,arbuscular_mycorrhizal,root-associated,Glomeromycota,Septoglomeraceae,Septoglomus,yes,yes,yes,primer
Septoglomus_viscosum_P4-bc1013-SPU-7-1-2-Att1910-1-s918_STFI_ASV2057,Septoglomus_viscosum_P4-bc1013-SPU-7-1-2-Att1910-1-s918_STFI_ASV2057_CCAMF,Septoglomus,viscosum,P4-bc1013-SPU-7-1-2-Att1910-1-s918,STFI,CCAMF,ASV2057,Fungi,Mucoromycota,Glomeromycetes,Glomerales,Glomeraceae,Glomus,VTX00409,0.7,Fungi,Glomeromycota,Glomeromycetes,Glomerales,Glomeraceae,Septoglomus,NA,0.7,Highly|_Probable,arbuscular_mycorrhizal,root-associated,Glomeromycota,Septoglomeraceae,Septoglomus,yes,yes,yes,primer
Septoglomus_viscosum_P4-bc1014-SPU-7-1-3-Att1910-1-s1019_STFI_ASV2001,Septoglomus_viscosum_P4-bc1014-SPU-7-1-3-Att1910-1-s1019_STFI_ASV2001_CCAMF,Septoglomus,viscosum,P4-bc1014-SPU-7-1-3-Att1910-1-s1019,STFI,CCAMF,ASV2001,Fungi,Mucoromycota,Glomeromycetes,Glomerales,Glomeraceae,Glomus,VTX00063,1,Fungi,Glomeromycota,Glomeromycetes,Glomerales,Glomeraceae,Septoglomus,NA,0.7,Highly|_Probable,arbuscular_mycorrhizal,root-associated,Glomeromycota,Septoglomeraceae,Septoglomus,yes,yes,yes,primer
Septoglomus_viscosum_P4-bc1014-SPU-7-1-3-Att1910-1-s1209_STFI_ASV2057,Septoglomus_viscosum_P4-bc1014-SPU-7-1-3-Att1910-1-s1209_STFI_ASV2057_CCAMF,Septoglomus,viscosum,P4-bc1014-SPU-7-1-3-Att1910-1-s1209,STFI,CCAMF,ASV2057,Fungi,Mucoromycota,Glomeromycetes,Glomerales,Glomeraceae,Glomus,VTX00409,0.7,Fungi,Glomeromycota,Glomeromycetes,Glomerales,Glomeraceae,Septoglomus,NA,0.7,Highly|_Probable,arbuscular_mycorrhizal,root-associated,Glomeromycota,Septoglomeraceae,Septoglomus,yes,yes,yes,primer
Septoglomus_viscosum_P4-bc1014-SPU-7-1-3-Att1910-1-s281_STFI_ASV2060,Septoglomus_viscosum_P4-bc1014-SPU-7-1-3-Att1910-1-s281_STFI_ASV2060_CCAMF,Septoglomus,viscosum,P4-bc1014-SPU-7-1-3-Att1910-1-s281,STFI,CCAMF,ASV2060,Fungi,Mucoromycota,Glomeromycetes,Glomerales,Glomeraceae,Glomus,VTX00063,1,Fungi,Glomeromycota,Glomeromycetes,Glomerales,Glomeraceae,Septoglomus,NA,0.7,Highly|_Probable,arbuscular_mycorrhizal,root-associated,Glomeromycota,Septoglomeraceae,Septoglomus,yes,yes,yes,primer
Septoglomus_viscosum_P4-bc1014-SPU-7-1-3-Att1910-1-s57_STFI_ASV2159,Septoglomus_viscosum_P4-bc1014-SPU-7-1-3-Att1910-1-s57_STFI_ASV2159_CCAMF,Septoglomus,viscosum,P4-bc1014-SPU-7-1-3-Att1910-1-s57,STFI,CCAMF,ASV2159,Fungi,Mucoromycota,Glomeromycetes,Glomerales,Glomeraceae,Glomus,VTX00063,1,Fungi,Glomeromycota,Glomeromycetes,Glomerales,Glomeraceae,Septoglomus,NA,0.7,Highly|_Probable,arbuscular_mycorrhizal,root-associated,Glomeromycota,Septoglomeraceae,Septoglomus,yes,yes,yes,primer
Septoglomus_viscosum_P4-bc1014-SPU-7-1-3-Att1910-1-s71_STFI_ASV2101,Septoglomus_viscosum_P4-bc1014-SPU-7-1-3-Att1910-1-s71_STFI_ASV2101_CCAMF,Septoglomus,viscosum,P4-bc1014-SPU-7-1-3-Att1910-1-s71,STFI,CCAMF,ASV2101,Fungi,Mucoromycota,Glomeromycetes,Glomerales,Glomeraceae,Glomus,VTX00063,1,Fungi,Glomeromycota,Glomeromycetes,Glomerales,Glomeraceae,Septoglomus,NA,0.7,Highly|_Probable,arbuscular_mycorrhizal,root-associated,Glomeromycota,Septoglomeraceae,Septoglomus,yes,yes,yes,primer
Septoglomus_viscosum_P4-bc1014-SPU-7-1-3-Att1910-1-s78_STFI_ASV2160,Septoglomus_viscosum_P4-bc1014-SPU-7-1-3-Att1910-1-s78_STFI_ASV2160_CCAMF,Septoglomus,viscosum,P4-bc1014-SPU-7-1-3-Att1910-1-s78,STFI,CCAMF,ASV2160,Fungi,Mucoromycota,Glomeromycetes,Glomerales,Glomeraceae,Glomus,VTX00063,1,Fungi,Glomeromycota,Glomeromycetes,Glomerales,Glomeraceae,Septoglomus,NA,0.7,Highly|_Probable,arbuscular_mycorrhizal,root-associated,Glomeromycota,Septoglomeraceae,Septoglomus,yes,yes,yes,primer
Septoglomus_viscosum_P4-bc1014-SPU-7-1-3-Att1910-1-s807_STFI_ASV2054,Septoglomus_viscosum_P4-bc1014-SPU-7-1-3-Att1910-1-s807_STFI_ASV2054_CCAMF,Septoglomus,viscosum,P4-bc1014-SPU-7-1-3-Att1910-1-s807,STFI,CCAMF,ASV2054,Fungi,Mucoromycota,Glomeromycetes,Glomerales,Glomeraceae,Glomus,VTX00063,1,Fungi,Glomeromycota,Glomeromycetes,Glomerales,Glomeraceae,Septoglomus,NA,0.7,Highly|_Probable,arbuscular_mycorrhizal,root-associated,Glomeromycota,Septoglomeraceae,Septoglomus,yes,yes,yes,primer
Rhizophagus_intraradices_P4-bc1015-SPU-7-2-3-UT126A-s10328_STFI_ASV2136,Rhizophagus_intraradices_P4-bc1015-SPU-7-2-3-UT126A-s10328_STFI_ASV2136_CCAMF,Rhizophagus,intraradices,P4-bc1015-SPU-7-2-3-UT126A-s10328,STFI,CCAMF,ASV2136,Fungi,Mucoromycota,Glomeromycetes,Glomerales,Glomeraceae,Glomus,VTX00100,0.9,Fungi,Glomeromycota,Glomeromycetes,Glomerales,Glomeraceae,Rhizoglomus,intraradices,0.8,Probable,arbuscular_mycorrhizal,root-associated,Glomeromycota,Sclerocystaceae_Kamienskiaceae,Rhizophagus,yes,yes,yes,primer
Rhizophagus_intraradices_P4-bc1015-SPU-7-2-3-UT126A-s1212_STFI_ASV2019,Rhizophagus_intraradices_P4-bc1015-SPU-7-2-3-UT126A-s1212_STFI_ASV2019_CCAMF,Rhizophagus,intraradices,P4-bc1015-SPU-7-2-3-UT126A-s1212,STFI,CCAMF,ASV2019,Fungi,Mucoromycota,Glomeromycetes,Glomerales,Glomeraceae,Glomus,VTX00100,0.9,Fungi,Glomeromycota,Glomeromycetes,Glomerales,Glomeraceae,Rhizoglomus,intraradices,0.8,Probable,arbuscular_mycorrhizal,root-associated,Glomeromycota,Sclerocystaceae_Kamienskiaceae,Rhizophagus,yes,yes,yes,primer
Rhizophagus_intraradices_P4-bc1015-SPU-7-2-3-UT126A-s2189_STFI_ASV2102,Rhizophagus_intraradices_P4-bc1015-SPU-7-2-3-UT126A-s2189_STFI_ASV2102_CCAMF,Rhizophagus,intraradices,P4-bc1015-SPU-7-2-3-UT126A-s2189,STFI,CCAMF,ASV2102,Fungi,Mucoromycota,Glomeromycetes,Glomerales,Glomeraceae,Glomus,VTX00100,1,Fungi,Glomeromycota,Glomeromycetes,Glomerales,Glomeraceae,NA,NA,0.9,Highly|_Probable,NA,NA,Glomeromycota,Sclerocystaceae_Kamienskiaceae,Rhizophagus,yes,yes,yes,primer
Rhizophagus_intraradices_P4-bc1015-SPU-7-2-3-UT126A-s283_STFI_ASV2137,Rhizophagus_intraradices_P4-bc1015-SPU-7-2-3-UT126A-s283_STFI_ASV2137_CCAMF,Rhizophagus,intraradices,P4-bc1015-SPU-7-2-3-UT126A-s283,STFI,CCAMF,ASV2137,Fungi,Mucoromycota,Glomeromycetes,Glomerales,Glomeraceae,Glomus,VTX00100,1,Fungi,Glomeromycota,Glomeromycetes,Glomerales,Glomeraceae,Rhizoglomus,intraradices,0.8,Probable,arbuscular_mycorrhizal,root-associated,Glomeromycota,Sclerocystaceae_Kamienskiaceae,Rhizophagus,yes,yes,yes,primer
Rhizophagus_intraradices_P4-bc1015-SPU-7-2-3-UT126A-s365_STFI_ASV2138,Rhizophagus_intraradices_P4-bc1015-SPU-7-2-3-UT126A-s365_STFI_ASV2138_CCAMF,Rhizophagus,intraradices,P4-bc1015-SPU-7-2-3-UT126A-s365,STFI,CCAMF,ASV2138,Fungi,Mucoromycota,Glomeromycetes,Glomerales,Glomeraceae,Glomus,VTX00100,0.8,Fungi,Glomeromycota,Glomeromycetes,Glomerales,Glomeraceae,Rhizoglomus,intraradices,0.8,Probable,arbuscular_mycorrhizal,root-associated,Glomeromycota,Sclerocystaceae_Kamienskiaceae,Rhizophagus,yes,yes,yes,primer
Rhizophagus_intraradices_P4-bc1016-SPU-7-2-4-UT126A-s1939_STFI_ASV2135,Rhizophagus_intraradices_P4-bc1016-SPU-7-2-4-UT126A-s1939_STFI_ASV2135_CCAMF,Rhizophagus,intraradices,P4-bc1016-SPU-7-2-4-UT126A-s1939,STFI,CCAMF,ASV2135,Fungi,Mucoromycota,Glomeromycetes,Glomerales,Glomeraceae,Glomus,VTX00100,1,Fungi,Glomeromycota,Glomeromycetes,Glomerales,Glomeraceae,NA,NA,0.667,Highly|_Probable,NA,NA,Glomeromycota,Sclerocystaceae_Kamienskiaceae,Rhizophagus,yes,yes,yes,primer
Rhizophagus_intraradices_P4-bc1016-SPU-7-2-4-UT126A-s3651_STFI_ASV2102,Rhizophagus_intraradices_P4-bc1016-SPU-7-2-4-UT126A-s3651_STFI_ASV2102_CCAMF,Rhizophagus,intraradices,P4-bc1016-SPU-7-2-4-UT126A-s3651,STFI,CCAMF,ASV2102,Fungi,Mucoromycota,Glomeromycetes,Glomerales,Glomeraceae,Glomus,VTX00100,1,Fungi,Glomeromycota,Glomeromycetes,Glomerales,Glomeraceae,NA,NA,0.9,Highly|_Probable,NA,NA,Glomeromycota,Sclerocystaceae_Kamienskiaceae,Rhizophagus,yes,yes,yes,primer
Rhizophagus_intraradices_P4-bc1016-SPU-7-2-4-UT126A-s789_STFI_ASV2019,Rhizophagus_intraradices_P4-bc1016-SPU-7-2-4-UT126A-s789_STFI_ASV2019_CCAMF,Rhizophagus,intraradices,P4-bc1016-SPU-7-2-4-UT126A-s789,STFI,CCAMF,ASV2019,Fungi,Mucoromycota,Glomeromycetes,Glomerales,Glomeraceae,Glomus,VTX00100,0.9,Fungi,Glomeromycota,Glomeromycetes,Glomerales,Glomeraceae,Rhizoglomus,intraradices,0.8,Probable,arbuscular_mycorrhizal,root-associated,Glomeromycota,Sclerocystaceae_Kamienskiaceae,Rhizophagus,yes,yes,yes,primer
Glomus_rugosae_P4-bc1017-1120-s269_STFP_ASV2085,Glomus_rugosae_P4-bc1017-1120-s269_STFP_ASV2085_CCAMF,Glomus,rugosae,P4-bc1017-1120-s269,STFP,CCAMF,ASV2085,Fungi,Mucoromycota,Glomeromycetes,Glomerales,Glomeraceae,Glomus,VTX00199,1,Fungi,Glomeromycota,Glomeromycetes,Glomerales,Glomeraceae,Glomus,macrocarpum,0.6,Highly|_Probable,arbuscular_mycorrhizal,root-associated,Glomeromycota,Glomeraceae,Glomus,yes,yes,yes,primer
Glomus_rugosae_P4-bc1017-1120-s455_STFP_ASV2386,Glomus_rugosae_P4-bc1017-1120-s455_STFP_ASV2386_CCAMF,Glomus,rugosae,P4-bc1017-1120-s455,STFP,CCAMF,ASV2386,Fungi,Mucoromycota,Glomeromycetes,Glomerales,Glomeraceae,Glomus,VTX00199,1,Fungi,Glomeromycota,Glomeromycetes,Glomerales,Glomeraceae,Glomus,sp,1,Highly|_Probable,arbuscular_mycorrhizal,root-associated,Glomeromycota,Glomeraceae,Glomus,yes,yes,yes,primer
Glomus_rugosae_P4-bc1017-1120-s530_STFP_ASV2017,Glomus_rugosae_P4-bc1017-1120-s530_STFP_ASV2017_CCAMF,Glomus,rugosae,P4-bc1017-1120-s530,STFP,CCAMF,ASV2017,Fungi,Mucoromycota,Glomeromycetes,Glomerales,Glomeraceae,Glomus,VTX00199,1,Fungi,Glomeromycota,Glomeromycetes,Glomerales,Glomeraceae,Glomus,macrocarpum,0.6,Highly|_Probable,arbuscular_mycorrhizal,root-associated,Glomeromycota,Glomeraceae,Glomus,yes,yes,yes,primer
Glomus_rugosae_P4-bc1017-1120-s644_STFP_ASV2099,Glomus_rugosae_P4-bc1017-1120-s644_STFP_ASV2099_CCAMF,Glomus,rugosae,P4-bc1017-1120-s644,STFP,CCAMF,ASV2099,Fungi,Mucoromycota,Glomeromycetes,Glomerales,Glomeraceae,Glomus,VTX00199,1,Fungi,Glomeromycota,Glomeromycetes,Glomerales,Glomeraceae,Glomus,sp,1,Highly|_Probable,arbuscular_mycorrhizal,root-associated,Glomeromycota,Glomeraceae,Glomus,yes,yes,yes,primer
Glomus_rugosae_P4-bc1017-1120-s990_STFP_ASV2071,Glomus_rugosae_P4-bc1017-1120-s990_STFP_ASV2071_CCAMF,Glomus,rugosae,P4-bc1017-1120-s990,STFP,CCAMF,ASV2071,Fungi,Mucoromycota,Glomeromycetes,Glomerales,Glomeraceae,Glomus,VTX00199,1,Fungi,Glomeromycota,Glomeromycetes,Glomerales,Glomeraceae,Glomus,sp,1,Highly|_Probable,arbuscular_mycorrhizal,root-associated,Glomeromycota,Glomeraceae,Glomus,yes,yes,yes,primer
Glomus_rugosae_P4-bc1018-1005-s1425_STFP_ASV2032,Glomus_rugosae_P4-bc1018-1005-s1425_STFP_ASV2032_CCAMF,Glomus,rugosae,P4-bc1018-1005-s1425,STFP,CCAMF,ASV2032,Fungi,Mucoromycota,Glomeromycetes,Glomerales,Glomeraceae,Glomus,VTX00199,1,Fungi,Glomeromycota,Glomeromycetes,Glomerales,Glomeraceae,Glomus,sp,0.6,Highly|_Probable,arbuscular_mycorrhizal,root-associated,Glomeromycota,Glomeraceae,Glomus,yes,yes,yes,primer
Glomus_rugosae_P4-bc1018-1005-s2112_STFP_ASV2083,Glomus_rugosae_P4-bc1018-1005-s2112_STFP_ASV2083_CCAMF,Glomus,rugosae,P4-bc1018-1005-s2112,STFP,CCAMF,ASV2083,Fungi,Mucoromycota,Glomeromycetes,Glomerales,Glomeraceae,Glomus,VTX00199,1,Fungi,Glomeromycota,Glomeromycetes,Glomerales,Glomeraceae,Glomus,sp,0.6,Highly|_Probable,arbuscular_mycorrhizal,root-associated,Glomeromycota,Glomeraceae,Glomus,yes,yes,yes,primer
Glomus_rugosae_P4-bc1018-1005-s8010_STFP_ASV2044,Glomus_rugosae_P4-bc1018-1005-s8010_STFP_ASV2044_CCAMF,Glomus,rugosae,P4-bc1018-1005-s8010,STFP,CCAMF,ASV2044,Fungi,Mucoromycota,Glomeromycetes,Glomerales,Glomeraceae,Glomus,VTX00199,1,Fungi,Glomeromycota,Glomeromycetes,Glomerales,Glomeraceae,Glomus,sp,0.6,Highly|_Probable,arbuscular_mycorrhizal,root-associated,Glomeromycota,Glomeraceae,Glomus,yes,yes,yes,primer
Glomus_rugosae_P4-bc1018-1005-s995_STFP_ASV2373,Glomus_rugosae_P4-bc1018-1005-s995_STFP_ASV2373_CCAMF,Glomus,rugosae,P4-bc1018-1005-s995,STFP,CCAMF,ASV2373,Fungi,Mucoromycota,Glomeromycetes,Glomerales,Glomeraceae,Glomus,VTX00199,1,Fungi,Glomeromycota,Glomeromycetes,Glomerales,Glomeraceae,Glomus,sp,0.6,Highly|_Probable,arbuscular_mycorrhizal,root-associated,Glomeromycota,Glomeraceae,Glomus,yes,yes,yes,primer
Rhizophagus_silesianus_P4-bc1021-340-s1131_STFP_ASV2481,Rhizophagus_silesianus_P4-bc1021-340-s1131_STFP_ASV2481_CCAMF,Rhizophagus,silesianus,P4-bc1021-340-s1131,STFP,CCAMF,ASV2481,Fungi,Mucoromycota,Glomeromycetes,Glomerales,Glomeraceae,Glomus,VTX00105,1,Fungi,Glomeromycota,Glomeromycetes,Glomerales,Glomeraceae,NA,NA,1,Highly|_Probable,NA,NA,Glomeromycota,Sclerocystaceae_Kamienskiaceae,Rhizophagus,yes,yes,yes,primer
Rhizophagus_silesianus_P4-bc1021-340-s12336_STFP_ASV2480,Rhizophagus_silesianus_P4-bc1021-340-s12336_STFP_ASV2480_CCAMF,Rhizophagus,silesianus,P4-bc1021-340-s12336,STFP,CCAMF,ASV2480,Fungi,Mucoromycota,Glomeromycetes,Glomerales,Glomeraceae,Glomus,VTX00105,1,Fungi,Glomeromycota,Glomeromycetes,Glomerales,Glomeraceae,NA,NA,1,Highly|_Probable,NA,NA,Glomeromycota,Sclerocystaceae_Kamienskiaceae,Rhizophagus,yes,yes,yes,primer
Rhizophagus_silesianus_P4-bc1021-340-s5410_STFP_ASV2487,Rhizophagus_silesianus_P4-bc1021-340-s5410_STFP_ASV2487_CCAMF,Rhizophagus,silesianus,P4-bc1021-340-s5410,STFP,CCAMF,ASV2487,Fungi,Mucoromycota,Glomeromycetes,Glomerales,Glomeraceae,Glomus,VTX00105,1,Fungi,Glomeromycota,Glomeromycetes,Glomerales,Glomeraceae,NA,NA,0.9,Highly|_Probable,NA,NA,Glomeromycota,Sclerocystaceae_Kamienskiaceae,Rhizophagus,yes,yes,yes,primer
Oehlia_diaphana_P4-bc1023-594-s148_STFP_ASV2515,Oehlia_diaphana_P4-bc1023-594-s148_STFP_ASV2515_CCAMF,Oehlia,diaphana,P4-bc1023-594-s148,STFP,CCAMF,ASV2515,Fungi,Mucoromycota,Glomeromycetes,Glomerales,Glomeraceae,Glomus,VTX00309,1,Fungi,Glomeromycota,Glomeromycetes,Glomerales,Glomeraceae,NA,NA,0.889,Highly|_Probable,NA,NA,Glomeromycota,Sclerocystaceae_Kamienskiaceae,Oehlia,yes,yes,yes,primer
Oehlia_diaphana_P4-bc1023-594-s155_STFP_ASV2497,Oehlia_diaphana_P4-bc1023-594-s155_STFP_ASV2497_CCAMF,Oehlia,diaphana,P4-bc1023-594-s155,STFP,CCAMF,ASV2497,Fungi,Mucoromycota,Glomeromycetes,Glomerales,Glomeraceae,Glomus,VTX00309,1,Fungi,Glomeromycota,Glomeromycetes,Glomerales,Glomeraceae,NA,NA,0.75,Highly|_Probable,NA,NA,Glomeromycota,Sclerocystaceae_Kamienskiaceae,Oehlia,yes,yes,yes,primer
Oehlia_diaphana_P4-bc1023-594-s194_STFP_ASV2498,Oehlia_diaphana_P4-bc1023-594-s194_STFP_ASV2498_CCAMF,Oehlia,diaphana,P4-bc1023-594-s194,STFP,CCAMF,ASV2498,Fungi,Mucoromycota,Glomeromycetes,Glomerales,Glomeraceae,Glomus,VTX00309,1,Fungi,Glomeromycota,Glomeromycetes,Glomerales,Glomeraceae,NA,NA,0.75,Highly|_Probable,NA,NA,Glomeromycota,Sclerocystaceae_Kamienskiaceae,Oehlia,yes,yes,yes,primer
Oehlia_diaphana_P4-bc1023-594-s204_STFP_ASV2013,Oehlia_diaphana_P4-bc1023-594-s204_STFP_ASV2013_CCAMF,Oehlia,diaphana,P4-bc1023-594-s204,STFP,CCAMF,ASV2013,Fungi,Mucoromycota,Glomeromycetes,Glomerales,Glomeraceae,Glomus,VTX00309,1,Fungi,Glomeromycota,Glomeromycetes,Glomerales,Glomeraceae,NA,NA,0.857,Highly|_Probable,NA,NA,Glomeromycota,Sclerocystaceae_Kamienskiaceae,NA,yes,yes,yes,primer
Oehlia_diaphana_P4-bc1023-594-s250_STFP_ASV2496,Oehlia_diaphana_P4-bc1023-594-s250_STFP_ASV2496_CCAMF,Oehlia,diaphana,P4-bc1023-594-s250,STFP,CCAMF,ASV2496,Fungi,Mucoromycota,Glomeromycetes,Glomerales,Glomeraceae,Glomus,VTX00309,1,Fungi,Glomeromycota,Glomeromycetes,Glomerales,Glomeraceae,NA,NA,0.857,Highly|_Probable,NA,NA,Glomeromycota,Sclerocystaceae_Kamienskiaceae,NA,yes,yes,yes,primer
Oehlia_diaphana_P4-bc1023-594-s263_STFP_ASV2503,Oehlia_diaphana_P4-bc1023-594-s263_STFP_ASV2503_CCAMF,Oehlia,diaphana,P4-bc1023-594-s263,STFP,CCAMF,ASV2503,Fungi,Mucoromycota,Glomeromycetes,Glomerales,Glomeraceae,Glomus,VTX00309,1,Fungi,Glomeromycota,Glomeromycetes,Glomerales,Glomeraceae,NA,NA,0.75,Highly|_Probable,NA,NA,Glomeromycota,Sclerocystaceae_Kamienskiaceae,Oehlia,yes,yes,yes,primer
Oehlia_diaphana_P4-bc1023-594-s278_STFP_ASV2511,Oehlia_diaphana_P4-bc1023-594-s278_STFP_ASV2511_CCAMF,Oehlia,diaphana,P4-bc1023-594-s278,STFP,CCAMF,ASV2511,Fungi,Mucoromycota,Glomeromycetes,Glomerales,Glomeraceae,Glomus,VTX00309,1,Fungi,Glomeromycota,Glomeromycetes,Glomerales,Glomeraceae,NA,NA,0.75,Highly|_Probable,NA,NA,Glomeromycota,Sclerocystaceae_Kamienskiaceae,Oehlia,yes,yes,yes,primer
Oehlia_diaphana_P4-bc1024-977-s128_STFP_ASV2512,Oehlia_diaphana_P4-bc1024-977-s128_STFP_ASV2512_CCAMF,Oehlia,diaphana,P4-bc1024-977-s128,STFP,CCAMF,ASV2512,Fungi,Mucoromycota,Glomeromycetes,Glomerales,Glomeraceae,Glomus,VTX00309,1,Fungi,Glomeromycota,Glomeromycetes,Glomerales,Glomeraceae,NA,NA,0.857,Highly|_Probable,NA,NA,Glomeromycota,Sclerocystaceae_Kamienskiaceae,Oehlia,yes,yes,yes,primer
Oehlia_diaphana_P4-bc1024-977-s144_STFP_ASV2501,Oehlia_diaphana_P4-bc1024-977-s144_STFP_ASV2501_CCAMF,Oehlia,diaphana,P4-bc1024-977-s144,STFP,CCAMF,ASV2501,Fungi,Mucoromycota,Glomeromycetes,Glomerales,Glomeraceae,Glomus,VTX00309,1,Fungi,Glomeromycota,Glomeromycetes,Glomerales,Glomeraceae,NA,NA,0.8,Highly|_Probable,NA,NA,Glomeromycota,Sclerocystaceae_Kamienskiaceae,Oehlia,yes,yes,yes,primer
Oehlia_diaphana_P4-bc1024-977-s148_STFP_ASV2045,Oehlia_diaphana_P4-bc1024-977-s148_STFP_ASV2045_CCAMF,Oehlia,diaphana,P4-bc1024-977-s148,STFP,CCAMF,ASV2045,Fungi,Mucoromycota,Glomeromycetes,Glomerales,Glomeraceae,Glomus,VTX00309,1,Fungi,Glomeromycota,Glomeromycetes,Glomerales,Glomeraceae,NA,NA,0.857,Highly|_Probable,NA,NA,Glomeromycota,Sclerocystaceae_Kamienskiaceae,Oehlia,yes,yes,yes,primer
Oehlia_diaphana_P4-bc1024-977-s170_STFP_ASV2499,Oehlia_diaphana_P4-bc1024-977-s170_STFP_ASV2499_CCAMF,Oehlia,diaphana,P4-bc1024-977-s170,STFP,CCAMF,ASV2499,Fungi,Mucoromycota,Glomeromycetes,Glomerales,Glomeraceae,Glomus,VTX00309,1,Fungi,Glomeromycota,Glomeromycetes,Glomerales,Glomeraceae,NA,NA,0.857,Highly|_Probable,NA,NA,Glomeromycota,Sclerocystaceae_Kamienskiaceae,Oehlia,yes,yes,yes,primer
Oehlia_diaphana_P4-bc1024-977-s185_STFP_ASV2517,Oehlia_diaphana_P4-bc1024-977-s185_STFP_ASV2517_CCAMF,Oehlia,diaphana,P4-bc1024-977-s185,STFP,CCAMF,ASV2517,Fungi,Mucoromycota,Glomeromycetes,Glomerales,Glomeraceae,Glomus,VTX00309,1,Fungi,Glomeromycota,Glomeromycetes,Glomerales,Glomeraceae,NA,NA,0.889,Highly|_Probable,NA,NA,Glomeromycota,Sclerocystaceae_Kamienskiaceae,Oehlia,yes,yes,yes,primer
Oehlia_diaphana_P4-bc1024-977-s203_STFP_ASV2513,Oehlia_diaphana_P4-bc1024-977-s203_STFP_ASV2513_CCAMF,Oehlia,diaphana,P4-bc1024-977-s203,STFP,CCAMF,ASV2513,Fungi,Mucoromycota,Glomeromycetes,Glomerales,Glomeraceae,Glomus,VTX00309,1,Fungi,Glomeromycota,Glomeromycetes,Glomerales,Glomeraceae,NA,NA,0.75,Highly|_Probable,NA,NA,Glomeromycota,Sclerocystaceae_Kamienskiaceae,Oehlia,yes,yes,yes,primer
Oehlia_diaphana_P4-bc1024-977-s210_STFP_ASV2500,Oehlia_diaphana_P4-bc1024-977-s210_STFP_ASV2500_CCAMF,Oehlia,diaphana,P4-bc1024-977-s210,STFP,CCAMF,ASV2500,Fungi,Mucoromycota,Glomeromycetes,Glomerales,Glomeraceae,Glomus,VTX00309,1,Fungi,Glomeromycota,Glomeromycetes,Glomerales,Glomeraceae,NA,NA,0.8,Highly|_Probable,NA,NA,Glomeromycota,Sclerocystaceae_Kamienskiaceae,Oehlia,yes,yes,yes,primer
Oehlia_diaphana_P4-bc1024-977-s233_STFP_ASV2516,Oehlia_diaphana_P4-bc1024-977-s233_STFP_ASV2516_CCAMF,Oehlia,diaphana,P4-bc1024-977-s233,STFP,CCAMF,ASV2516,Fungi,Mucoromycota,Glomeromycetes,Glomerales,Glomeraceae,Glomus,VTX00309,1,Fungi,Glomeromycota,Glomeromycetes,Glomerales,Glomeraceae,NA,NA,0.875,Highly|_Probable,NA,NA,Glomeromycota,Sclerocystaceae_Kamienskiaceae,Oehlia,yes,yes,yes,primer
Oehlia_diaphana_P4-bc1024-977-s309_STFP_ASV2507,Oehlia_diaphana_P4-bc1024-977-s309_STFP_ASV2507_CCAMF,Oehlia,diaphana,P4-bc1024-977-s309,STFP,CCAMF,ASV2507,Fungi,Mucoromycota,Glomeromycetes,Glomerales,Glomeraceae,Glomus,VTX00309,1,Fungi,Glomeromycota,Glomeromycetes,Glomerales,Glomeraceae,NA,NA,0.75,Highly|_Probable,NA,NA,Glomeromycota,Sclerocystaceae_Kamienskiaceae,Oehlia,yes,yes,yes,primer
Funneliformis_mosseae_P4-bc1026-CH-s1345_STFP_ASV2272,Funneliformis_mosseae_P4-bc1026-CH-s1345_STFP_ASV2272_CCAMF,Funneliformis,mosseae,P4-bc1026-CH-s1345,STFP,CCAMF,ASV2272,Fungi,Mucoromycota,Glomeromycetes,Glomerales,Glomeraceae,Glomus,VTX00067,1,Fungi,Glomeromycota,Glomeromycetes,Glomerales,Glomeraceae,Funneliformis,mosseae,0.8,Highly|_Probable,arbuscular_mycorrhizal,root-associated,Glomeromycota,Septoglomeraceae,Funneliformis,yes,yes,yes,primer
Funneliformis_mosseae_P4-bc1026-CH-s3274_STFP_ASV2273,Funneliformis_mosseae_P4-bc1026-CH-s3274_STFP_ASV2273_CCAMF,Funneliformis,mosseae,P4-bc1026-CH-s3274,STFP,CCAMF,ASV2273,Fungi,Mucoromycota,Glomeromycetes,Glomerales,Glomeraceae,Glomus,VTX00067,1,Fungi,Glomeromycota,Glomeromycetes,Glomerales,Glomeraceae,Funneliformis,mosseae,0.6,Highly|_Probable,arbuscular_mycorrhizal,root-associated,Glomeromycota,Septoglomeraceae,Funneliformis,yes,yes,yes,primer
Funneliformis_mosseae_P4-bc1026-CH-s7597_STFP_ASV2271,Funneliformis_mosseae_P4-bc1026-CH-s7597_STFP_ASV2271_CCAMF,Funneliformis,mosseae,P4-bc1026-CH-s7597,STFP,CCAMF,ASV2271,Fungi,Mucoromycota,Glomeromycetes,Glomerales,Glomeraceae,Glomus,VTX00067,1,Fungi,Glomeromycota,Glomeromycetes,Glomerales,Glomeraceae,Funneliformis,mosseae,0.8,Highly|_Probable,arbuscular_mycorrhizal,root-associated,Glomeromycota,Septoglomeraceae,Funneliformis,yes,yes,yes,primer
Funneliformis_mosseae_P4-bc1027-CH-s101_STFP_ASV2281,Funneliformis_mosseae_P4-bc1027-CH-s101_STFP_ASV2281_CCAMF,Funneliformis,mosseae,P4-bc1027-CH-s101,STFP,CCAMF,ASV2281,Fungi,Mucoromycota,Glomeromycetes,Glomerales,Glomeraceae,Glomus,VTX00067,1,Fungi,Glomeromycota,Glomeromycetes,Glomerales,Glomeraceae,Funneliformis,mosseae,0.7,Highly|_Probable,arbuscular_mycorrhizal,root-associated,Glomeromycota,Septoglomeraceae,Funneliformis,yes,yes,yes,primer
Funneliformis_mosseae_P4-bc1027-CH-s112_STFP_ASV2279,Funneliformis_mosseae_P4-bc1027-CH-s112_STFP_ASV2279_CCAMF,Funneliformis,mosseae,P4-bc1027-CH-s112,STFP,CCAMF,ASV2279,Fungi,Mucoromycota,Glomeromycetes,Glomerales,Glomeraceae,Glomus,VTX00067,1,Fungi,Glomeromycota,Glomeromycetes,Glomerales,Glomeraceae,Funneliformis,mosseae,0.8,Highly|_Probable,arbuscular_mycorrhizal,root-associated,Glomeromycota,Septoglomeraceae,Funneliformis,yes,yes,yes,primer
Funneliformis_mosseae_P4-bc1027-CH-s115_STFP_ASV2270,Funneliformis_mosseae_P4-bc1027-CH-s115_STFP_ASV2270_CCAMF,Funneliformis,mosseae,P4-bc1027-CH-s115,STFP,CCAMF,ASV2270,Fungi,Mucoromycota,Glomeromycetes,Glomerales,Glomeraceae,Glomus,VTX00067,1,Fungi,Glomeromycota,Glomeromycetes,Glomerales,Glomeraceae,Funneliformis,mosseae,0.7,Highly|_Probable,arbuscular_mycorrhizal,root-associated,Glomeromycota,Septoglomeraceae,Funneliformis,yes,yes,yes,primer
Funneliformis_mosseae_P4-bc1027-CH-s133_STFP_ASV2269,Funneliformis_mosseae_P4-bc1027-CH-s133_STFP_ASV2269_CCAMF,Funneliformis,mosseae,P4-bc1027-CH-s133,STFP,CCAMF,ASV2269,Fungi,Mucoromycota,Glomeromycetes,Glomerales,Glomeraceae,Glomus,VTX00067,1,Fungi,Glomeromycota,Glomeromycetes,Glomerales,Glomeraceae,Funneliformis,mosseae,0.7,Highly|_Probable,arbuscular_mycorrhizal,root-associated,Glomeromycota,Septoglomeraceae,Funneliformis,yes,yes,yes,primer
Funneliformis_mosseae_P4-bc1027-CH-s164_STFP_ASV2257,Funneliformis_mosseae_P4-bc1027-CH-s164_STFP_ASV2257_CCAMF,Funneliformis,mosseae,P4-bc1027-CH-s164,STFP,CCAMF,ASV2257,Fungi,Mucoromycota,Glomeromycetes,Glomerales,Glomeraceae,Glomus,VTX00067,1,Fungi,Glomeromycota,Glomeromycetes,Glomerales,Glomeraceae,Funneliformis,mosseae,0.6,Highly|_Probable,arbuscular_mycorrhizal,root-associated,Glomeromycota,Septoglomeraceae,Funneliformis,yes,yes,yes,primer
Funneliformis_mosseae_P4-bc1027-CH-s167_STFP_ASV2282,Funneliformis_mosseae_P4-bc1027-CH-s167_STFP_ASV2282_CCAMF,Funneliformis,mosseae,P4-bc1027-CH-s167,STFP,CCAMF,ASV2282,Fungi,Mucoromycota,Glomeromycetes,Glomerales,Glomeraceae,Glomus,VTX00067,1,Fungi,Glomeromycota,Glomeromycetes,Glomerales,Glomeraceae,Funneliformis,mosseae,0.9,Highly|_Probable,arbuscular_mycorrhizal,root-associated,Glomeromycota,Septoglomeraceae,Funneliformis,yes,yes,yes,primer
Funneliformis_mosseae_P4-bc1027-CH-s208_STFP_ASV2268,Funneliformis_mosseae_P4-bc1027-CH-s208_STFP_ASV2268_CCAMF,Funneliformis,mosseae,P4-bc1027-CH-s208,STFP,CCAMF,ASV2268,Fungi,Mucoromycota,Glomeromycetes,Glomerales,Glomeraceae,Glomus,VTX00067,1,Fungi,Glomeromycota,Glomeromycetes,Glomerales,Glomeraceae,Funneliformis,mosseae,0.7,Highly|_Probable,arbuscular_mycorrhizal,root-associated,Glomeromycota,Septoglomeraceae,Funneliformis,yes,yes,yes,primer
Funneliformis_mosseae_P4-bc1027-CH-s237_STFP_ASV2263,Funneliformis_mosseae_P4-bc1027-CH-s237_STFP_ASV2263_CCAMF,Funneliformis,mosseae,P4-bc1027-CH-s237,STFP,CCAMF,ASV2263,Fungi,Mucoromycota,Glomeromycetes,Glomerales,Glomeraceae,Glomus,VTX00067,1,Fungi,Glomeromycota,Glomeromycetes,Glomerales,Glomeraceae,Funneliformis,NA,1,Highly|_Probable,arbuscular_mycorrhizal,root-associated,Glomeromycota,Septoglomeraceae,Funneliformis,yes,yes,yes,primer
Funneliformis_mosseae_P4-bc1027-CH-s259_STFP_ASV2267,Funneliformis_mosseae_P4-bc1027-CH-s259_STFP_ASV2267_CCAMF,Funneliformis,mosseae,P4-bc1027-CH-s259,STFP,CCAMF,ASV2267,Fungi,Mucoromycota,Glomeromycetes,Glomerales,Glomeraceae,Glomus,VTX00067,1,Fungi,Glomeromycota,Glomeromycetes,Glomerales,Glomeraceae,Funneliformis,mosseae,0.7,Highly|_Probable,arbuscular_mycorrhizal,root-associated,Glomeromycota,Septoglomeraceae,Funneliformis,yes,yes,yes,primer
Funneliformis_mosseae_P4-bc1027-CH-s415_STFP_ASV2265,Funneliformis_mosseae_P4-bc1027-CH-s415_STFP_ASV2265_CCAMF,Funneliformis,mosseae,P4-bc1027-CH-s415,STFP,CCAMF,ASV2265,Fungi,Mucoromycota,Glomeromycetes,Glomerales,Glomeraceae,Glomus,VTX00067,1,Fungi,Glomeromycota,Glomeromycetes,Glomerales,Glomeraceae,Funneliformis,sp,0.6,Highly|_Probable,arbuscular_mycorrhizal,root-associated,Glomeromycota,Septoglomeraceae,Funneliformis,yes,yes,yes,primer
Funneliformis_mosseae_P4-bc1027-CH-s426_STFP_ASV2259,Funneliformis_mosseae_P4-bc1027-CH-s426_STFP_ASV2259_CCAMF,Funneliformis,mosseae,P4-bc1027-CH-s426,STFP,CCAMF,ASV2259,Fungi,Mucoromycota,Glomeromycetes,Glomerales,Glomeraceae,Glomus,VTX00067,1,Fungi,Glomeromycota,Glomeromycetes,Glomerales,Glomeraceae,Funneliformis,mosseae,0.7,Highly|_Probable,arbuscular_mycorrhizal,root-associated,Glomeromycota,Septoglomeraceae,Funneliformis,yes,yes,yes,primer
Funneliformis_mosseae_P4-bc1027-CH-s499_STFP_ASV2261,Funneliformis_mosseae_P4-bc1027-CH-s499_STFP_ASV2261_CCAMF,Funneliformis,mosseae,P4-bc1027-CH-s499,STFP,CCAMF,ASV2261,Fungi,Mucoromycota,Glomeromycetes,Glomerales,Glomeraceae,Glomus,VTX00067,1,Fungi,Glomeromycota,Glomeromycetes,Glomerales,Glomeraceae,Funneliformis,NA,1,Highly|_Probable,arbuscular_mycorrhizal,root-associated,Glomeromycota,Septoglomeraceae,Funneliformis,yes,yes,yes,primer
Funneliformis_mosseae_P4-bc1027-CH-s541_STFP_ASV2256,Funneliformis_mosseae_P4-bc1027-CH-s541_STFP_ASV2256_CCAMF,Funneliformis,mosseae,P4-bc1027-CH-s541,STFP,CCAMF,ASV2256,Fungi,Mucoromycota,Glomeromycetes,Glomerales,Glomeraceae,Glomus,VTX00067,1,Fungi,Glomeromycota,Glomeromycetes,Glomerales,Glomeraceae,Funneliformis,mosseae,0.6,Highly|_Probable,arbuscular_mycorrhizal,root-associated,Glomeromycota,Septoglomeraceae,Funneliformis,yes,yes,yes,primer
Funneliformis_mosseae_P4-bc1027-CH-s91_STFP_ASV2258,Funneliformis_mosseae_P4-bc1027-CH-s91_STFP_ASV2258_CCAMF,Funneliformis,mosseae,P4-bc1027-CH-s91,STFP,CCAMF,ASV2258,Fungi,Mucoromycota,Glomeromycetes,Glomerales,Glomeraceae,Glomus,VTX00067,1,Fungi,Glomeromycota,Glomeromycetes,Glomerales,Glomeraceae,Funneliformis,mosseae,0.6,Highly|_Probable,arbuscular_mycorrhizal,root-associated,Glomeromycota,Septoglomeraceae,Funneliformis,yes,yes,yes,primer
Funneliformis_mosseae_P4-bc1027-CH-s93_STFP_ASV2260,Funneliformis_mosseae_P4-bc1027-CH-s93_STFP_ASV2260_CCAMF,Funneliformis,mosseae,P4-bc1027-CH-s93,STFP,CCAMF,ASV2260,Fungi,Mucoromycota,Glomeromycetes,Glomerales,Glomeraceae,Glomus,VTX00067,1,Fungi,Glomeromycota,Glomeromycetes,Glomerales,Glomeraceae,Funneliformis,mosseae,0.6,Highly|_Probable,arbuscular_mycorrhizal,root-associated,Glomeromycota,Septoglomeraceae,Funneliformis,yes,yes,yes,primer
Funneliformis_mosseae_P4-bc1027-CH-s96_STFP_ASV2262,Funneliformis_mosseae_P4-bc1027-CH-s96_STFP_ASV2262_CCAMF,Funneliformis,mosseae,P4-bc1027-CH-s96,STFP,CCAMF,ASV2262,Fungi,Mucoromycota,Glomeromycetes,Glomerales,Glomeraceae,Glomus,VTX00067,1,Fungi,Glomeromycota,Glomeromycetes,Glomerales,Glomeraceae,Funneliformis,NA,1,Highly|_Probable,arbuscular_mycorrhizal,root-associated,Glomeromycota,Septoglomeraceae,Funneliformis,yes,yes,yes,primer
Funneliformis_mosseae_P4-bc1027-CH-s99_STFP_ASV2264,Funneliformis_mosseae_P4-bc1027-CH-s99_STFP_ASV2264_CCAMF,Funneliformis,mosseae,P4-bc1027-CH-s99,STFP,CCAMF,ASV2264,Fungi,Mucoromycota,Glomeromycetes,Glomerales,Glomeraceae,Glomus,VTX00067,1,Fungi,Glomeromycota,Glomeromycetes,Glomerales,Glomeraceae,Funneliformis,NA,1,Highly|_Probable,arbuscular_mycorrhizal,root-associated,Glomeromycota,Septoglomeraceae,Funneliformis,yes,yes,yes,primer
Funneliformis_mosseae_P4-bc1030-448-s1506_STFP_ASV2216,Funneliformis_mosseae_P4-bc1030-448-s1506_STFP_ASV2216_CCAMF,Funneliformis,mosseae,P4-bc1030-448-s1506,STFP,CCAMF,ASV2216,Fungi,Mucoromycota,Glomeromycetes,Glomerales,Glomeraceae,Glomus,VTX00067,1,Fungi,Glomeromycota,Glomeromycetes,Glomerales,Glomeraceae,Funneliformis,NA,0.9,Highly|_Probable,arbuscular_mycorrhizal,root-associated,Glomeromycota,Septoglomeraceae,Funneliformis,yes,yes,yes,primer
Funneliformis_mosseae_P4-bc1030-448-s18163_STFP_ASV2235,Funneliformis_mosseae_P4-bc1030-448-s18163_STFP_ASV2235_CCAMF,Funneliformis,mosseae,P4-bc1030-448-s18163,STFP,CCAMF,ASV2235,Fungi,Mucoromycota,Glomeromycetes,Glomerales,Glomeraceae,Glomus,VTX00067,1,Fungi,Glomeromycota,Glomeromycetes,Glomerales,Glomeraceae,Funneliformis,NA,0.9,Highly|_Probable,arbuscular_mycorrhizal,root-associated,Glomeromycota,Septoglomeraceae,Funneliformis,yes,yes,yes,primer
Funneliformis_mosseae_P4-bc1030-448-s258_STFP_ASV2280,Funneliformis_mosseae_P4-bc1030-448-s258_STFP_ASV2280_CCAMF,Funneliformis,mosseae,P4-bc1030-448-s258,STFP,CCAMF,ASV2280,Fungi,Mucoromycota,Glomeromycetes,Glomerales,Glomeraceae,Glomus,VTX00067,1,Fungi,Glomeromycota,Glomeromycetes,Glomerales,Glomeraceae,Funneliformis,NA,0.9,Highly|_Probable,arbuscular_mycorrhizal,root-associated,Glomeromycota,Septoglomeraceae,Funneliformis,yes,yes,yes,primer
Funneliformis_mosseae_P4-bc1030-448-s315_STFP_ASV2219,Funneliformis_mosseae_P4-bc1030-448-s315_STFP_ASV2219_CCAMF,Funneliformis,mosseae,P4-bc1030-448-s315,STFP,CCAMF,ASV2219,Fungi,Mucoromycota,Glomeromycetes,Glomerales,Glomeraceae,Glomus,VTX00067,1,Fungi,Glomeromycota,Glomeromycetes,Glomerales,Glomeraceae,Funneliformis,sp,0.6,Highly|_Probable,arbuscular_mycorrhizal,root-associated,Glomeromycota,Septoglomeraceae,Funneliformis,yes,yes,yes,primer
Funneliformis_mosseae_P4-bc1030-448-s342_STFP_ASV2218,Funneliformis_mosseae_P4-bc1030-448-s342_STFP_ASV2218_CCAMF,Funneliformis,mosseae,P4-bc1030-448-s342,STFP,CCAMF,ASV2218,Fungi,Mucoromycota,Glomeromycetes,Glomerales,Glomeraceae,Glomus,VTX00067,1,Fungi,Glomeromycota,Glomeromycetes,Glomerales,Glomeraceae,Funneliformis,sp,0.6,Highly|_Probable,arbuscular_mycorrhizal,root-associated,Glomeromycota,Septoglomeraceae,Funneliformis,yes,yes,yes,primer
Funneliformis_mosseae_P4-bc1030-448-s393_STFP_ASV2234,Funneliformis_mosseae_P4-bc1030-448-s393_STFP_ASV2234_CCAMF,Funneliformis,mosseae,P4-bc1030-448-s393,STFP,CCAMF,ASV2234,Fungi,Mucoromycota,Glomeromycetes,Glomerales,Glomeraceae,Glomus,VTX00067,1,Fungi,Glomeromycota,Glomeromycetes,Glomerales,Glomeraceae,Funneliformis,mosseae,0.6,Highly|_Probable,arbuscular_mycorrhizal,root-associated,Glomeromycota,Septoglomeraceae,Funneliformis,yes,yes,yes,primer
Funneliformis_mosseae_P4-bc1030-448-s418_STFP_ASV2217,Funneliformis_mosseae_P4-bc1030-448-s418_STFP_ASV2217_CCAMF,Funneliformis,mosseae,P4-bc1030-448-s418,STFP,CCAMF,ASV2217,Fungi,Mucoromycota,Glomeromycetes,Glomerales,Glomeraceae,Glomus,VTX00067,1,Fungi,Glomeromycota,Glomeromycetes,Glomerales,Glomeraceae,Funneliformis,NA,0.9,Highly|_Probable,arbuscular_mycorrhizal,root-associated,Glomeromycota,Septoglomeraceae,Funneliformis,yes,yes,yes,primer
Funneliformis_mosseae_P4-bc1030-448-s779_STFP_ASV2233,Funneliformis_mosseae_P4-bc1030-448-s779_STFP_ASV2233_CCAMF,Funneliformis,mosseae,P4-bc1030-448-s779,STFP,CCAMF,ASV2233,Fungi,Mucoromycota,Glomeromycetes,Glomerales,Glomeraceae,Glomus,VTX00067,1,Fungi,Glomeromycota,Glomeromycetes,Glomerales,Glomeraceae,Funneliformis,mosseae,0.6,Highly|_Probable,arbuscular_mycorrhizal,root-associated,Glomeromycota,Septoglomeraceae,Funneliformis,yes,yes,yes,primer
Funneliformis_mosseae_P4-bc1030-448-s800_STFP_ASV2213,Funneliformis_mosseae_P4-bc1030-448-s800_STFP_ASV2213_CCAMF,Funneliformis,mosseae,P4-bc1030-448-s800,STFP,CCAMF,ASV2213,Fungi,Mucoromycota,Glomeromycetes,Glomerales,Glomeraceae,Glomus,VTX00067,1,Fungi,Glomeromycota,Glomeromycetes,Glomerales,Glomeraceae,Funneliformis,NA,0.9,Highly|_Probable,arbuscular_mycorrhizal,root-associated,Glomeromycota,Septoglomeraceae,Funneliformis,yes,yes,yes,primer
Funneliformis_mosseae_P4-bc1031-242-s1979_STFP_ASV2225,Funneliformis_mosseae_P4-bc1031-242-s1979_STFP_ASV2225_CCAMF,Funneliformis,mosseae,P4-bc1031-242-s1979,STFP,CCAMF,ASV2225,Fungi,Mucoromycota,Glomeromycetes,Glomerales,Glomeraceae,Glomus,VTX00067,1,Fungi,Glomeromycota,Glomeromycetes,Glomerales,Glomeraceae,Funneliformis,NA,0.9,Highly|_Probable,arbuscular_mycorrhizal,root-associated,Glomeromycota,Septoglomeraceae,Funneliformis,yes,yes,yes,primer
Funneliformis_mosseae_P4-bc1031-242-s21094_STFP_ASV2226,Funneliformis_mosseae_P4-bc1031-242-s21094_STFP_ASV2226_CCAMF,Funneliformis,mosseae,P4-bc1031-242-s21094,STFP,CCAMF,ASV2226,Fungi,Mucoromycota,Glomeromycetes,Glomerales,Glomeraceae,Glomus,VTX00067,1,Fungi,Glomeromycota,Glomeromycetes,Glomerales,Glomeraceae,Funneliformis,NA,0.9,Highly|_Probable,arbuscular_mycorrhizal,root-associated,Glomeromycota,Septoglomeraceae,Funneliformis,yes,yes,yes,primer
Funneliformis_mosseae_P4-bc1031-242-s3231_STFP_ASV2031,Funneliformis_mosseae_P4-bc1031-242-s3231_STFP_ASV2031_CCAMF,Funneliformis,mosseae,P4-bc1031-242-s3231,STFP,CCAMF,ASV2031,Fungi,Mucoromycota,Glomeromycetes,Glomerales,Glomeraceae,Glomus,VTX00067,1,Fungi,Glomeromycota,Glomeromycetes,Glomerales,Glomeraceae,Funneliformis,NA,0.9,Highly|_Probable,arbuscular_mycorrhizal,root-associated,Glomeromycota,Septoglomeraceae,Funneliformis,yes,yes,yes,primer
Funneliformis_mosseae_P4-bc1031-242-s636_STFP_ASV2073,Funneliformis_mosseae_P4-bc1031-242-s636_STFP_ASV2073_CCAMF,Funneliformis,mosseae,P4-bc1031-242-s636,STFP,CCAMF,ASV2073,Fungi,Mucoromycota,Glomeromycetes,Glomerales,Glomeraceae,Glomus,VTX00067,1,Fungi,Glomeromycota,Glomeromycetes,Glomerales,Glomeraceae,Funneliformis,NA,0.9,Highly|_Probable,arbuscular_mycorrhizal,root-associated,Glomeromycota,Septoglomeraceae,Funneliformis,yes,yes,yes,primer
Funneliformis_mosseae_P4-bc1031-242-s655_STFP_ASV2224,Funneliformis_mosseae_P4-bc1031-242-s655_STFP_ASV2224_CCAMF,Funneliformis,mosseae,P4-bc1031-242-s655,STFP,CCAMF,ASV2224,Fungi,Mucoromycota,Glomeromycetes,Glomerales,Glomeraceae,Glomus,VTX00067,1,Fungi,Glomeromycota,Glomeromycetes,Glomerales,Glomeraceae,Funneliformis,NA,0.9,Highly|_Probable,arbuscular_mycorrhizal,root-associated,Glomeromycota,Septoglomeraceae,Funneliformis,yes,yes,yes,primer
Funneliformis_mosseae_P4-bc1031-242-s844_STFP_ASV2227,Funneliformis_mosseae_P4-bc1031-242-s844_STFP_ASV2227_CCAMF,Funneliformis,mosseae,P4-bc1031-242-s844,STFP,CCAMF,ASV2227,Fungi,Mucoromycota,Glomeromycetes,Glomerales,Glomeraceae,Glomus,VTX00067,1,Fungi,Glomeromycota,Glomeromycetes,Glomerales,Glomeraceae,Funneliformis,NA,0.9,Highly|_Probable,arbuscular_mycorrhizal,root-associated,Glomeromycota,Septoglomeraceae,Funneliformis,yes,yes,yes,primer
Funneliformis_mosseae_P4-bc1031-242-s944_STFP_ASV2230,Funneliformis_mosseae_P4-bc1031-242-s944_STFP_ASV2230_CCAMF,Funneliformis,mosseae,P4-bc1031-242-s944,STFP,CCAMF,ASV2230,Fungi,Mucoromycota,Glomeromycetes,Glomerales,Glomeraceae,Glomus,VTX00067,1,Fungi,Glomeromycota,Glomeromycetes,Glomerales,Glomeraceae,Funneliformis,NA,0.9,Highly|_Probable,arbuscular_mycorrhizal,root-associated,Glomeromycota,Septoglomeraceae,Funneliformis,yes,yes,yes,primer
Funneliformis_mosseae_P4-bc1032-CH-s117_STFP_ASV2266,Funneliformis_mosseae_P4-bc1032-CH-s117_STFP_ASV2266_CCAMF,Funneliformis,mosseae,P4-bc1032-CH-s117,STFP,CCAMF,ASV2266,Fungi,Mucoromycota,Glomeromycetes,Glomerales,Glomeraceae,Glomus,VTX00067,1,Fungi,Glomeromycota,Glomeromycetes,Glomerales,Glomeraceae,Funneliformis,sp,0.6,Highly|_Probable,arbuscular_mycorrhizal,root-associated,Glomeromycota,Septoglomeraceae,Funneliformis,yes,yes,yes,primer
Funneliformis_mosseae_P4-bc1032-CH-s122_STFP_ASV2251,Funneliformis_mosseae_P4-bc1032-CH-s122_STFP_ASV2251_CCAMF,Funneliformis,mosseae,P4-bc1032-CH-s122,STFP,CCAMF,ASV2251,Fungi,Mucoromycota,Glomeromycetes,Glomerales,Glomeraceae,Glomus,VTX00067,1,Fungi,Glomeromycota,Glomeromycetes,Glomerales,Glomeraceae,Funneliformis,mosseae,0.7,Highly|_Probable,arbuscular_mycorrhizal,root-associated,Glomeromycota,Septoglomeraceae,Funneliformis,yes,yes,yes,primer
Funneliformis_mosseae_P4-bc1032-CH-s170_STFP_ASV2249,Funneliformis_mosseae_P4-bc1032-CH-s170_STFP_ASV2249_CCAMF,Funneliformis,mosseae,P4-bc1032-CH-s170,STFP,CCAMF,ASV2249,Fungi,Mucoromycota,Glomeromycetes,Glomerales,Glomeraceae,Glomus,VTX00067,1,Fungi,Glomeromycota,Glomeromycetes,Glomerales,Glomeraceae,Funneliformis,mosseae,0.7,Highly|_Probable,arbuscular_mycorrhizal,root-associated,Glomeromycota,Septoglomeraceae,Funneliformis,yes,yes,yes,primer
Funneliformis_mosseae_P4-bc1032-CH-s205_STFP_ASV2241,Funneliformis_mosseae_P4-bc1032-CH-s205_STFP_ASV2241_CCAMF,Funneliformis,mosseae,P4-bc1032-CH-s205,STFP,CCAMF,ASV2241,Fungi,Mucoromycota,Glomeromycetes,Glomerales,Glomeraceae,Glomus,VTX00067,1,Fungi,Glomeromycota,Glomeromycetes,Glomerales,Glomeraceae,Funneliformis,NA,1,Highly|_Probable,arbuscular_mycorrhizal,root-associated,Glomeromycota,Septoglomeraceae,Funneliformis,yes,yes,yes,primer
Funneliformis_mosseae_P4-bc1032-CH-s418_STFP_ASV2243,Funneliformis_mosseae_P4-bc1032-CH-s418_STFP_ASV2243_CCAMF,Funneliformis,mosseae,P4-bc1032-CH-s418,STFP,CCAMF,ASV2243,Fungi,Mucoromycota,Glomeromycetes,Glomerales,Glomeraceae,Glomus,VTX00067,1,Fungi,Glomeromycota,Glomeromycetes,Glomerales,Glomeraceae,Funneliformis,sp,0.6,Highly|_Probable,arbuscular_mycorrhizal,root-associated,Glomeromycota,Septoglomeraceae,Funneliformis,yes,yes,yes,primer
Funneliformis_mosseae_P4-bc1032-CH-s477_STFP_ASV2242,Funneliformis_mosseae_P4-bc1032-CH-s477_STFP_ASV2242_CCAMF,Funneliformis,mosseae,P4-bc1032-CH-s477,STFP,CCAMF,ASV2242,Fungi,Mucoromycota,Glomeromycetes,Glomerales,Glomeraceae,Glomus,VTX00067,1,Fungi,Glomeromycota,Glomeromycetes,Glomerales,Glomeraceae,Funneliformis,NA,1,Highly|_Probable,arbuscular_mycorrhizal,root-associated,Glomeromycota,Septoglomeraceae,Funneliformis,yes,yes,yes,primer
Funneliformis_mosseae_P4-bc1032-CH-s89_STFP_ASV2252,Funneliformis_mosseae_P4-bc1032-CH-s89_STFP_ASV2252_CCAMF,Funneliformis,mosseae,P4-bc1032-CH-s89,STFP,CCAMF,ASV2252,Fungi,Mucoromycota,Glomeromycetes,Glomerales,Glomeraceae,Glomus,VTX00067,1,Fungi,Glomeromycota,Glomeromycetes,Glomerales,Glomeraceae,Funneliformis,mosseae,0.6,Highly|_Probable,arbuscular_mycorrhizal,root-associated,Glomeromycota,Septoglomeraceae,Funneliformis,yes,yes,yes,primer
Funneliformis_mosseae_P4-bc1032-CH-s96_STFP_ASV2250,Funneliformis_mosseae_P4-bc1032-CH-s96_STFP_ASV2250_CCAMF,Funneliformis,mosseae,P4-bc1032-CH-s96,STFP,CCAMF,ASV2250,Fungi,Mucoromycota,Glomeromycetes,Glomerales,Glomeraceae,Glomus,VTX00067,1,Fungi,Glomeromycota,Glomeromycetes,Glomerales,Glomeraceae,Funneliformis,mosseae,0.7,Highly|_Probable,arbuscular_mycorrhizal,root-associated,Glomeromycota,Septoglomeraceae,Funneliformis,yes,yes,yes,primer
Septoglomus_viscosum_P4-bc1036-514-s1456_STFP_ASV2284,Septoglomus_viscosum_P4-bc1036-514-s1456_STFP_ASV2284_CCAMF,Septoglomus,viscosum,P4-bc1036-514-s1456,STFP,CCAMF,ASV2284,Fungi,Mucoromycota,Glomeromycetes,Glomerales,Glomeraceae,Glomus,VTX00063,1,Fungi,Glomeromycota,Glomeromycetes,Glomerales,Glomeraceae,Septoglomus,NA,0.7,Highly|_Probable,arbuscular_mycorrhizal,root-associated,Glomeromycota,Septoglomeraceae,Septoglomus,yes,yes,yes,primer
Septoglomus_viscosum_P4-bc1036-514-s2579_STFP_ASV2283,Septoglomus_viscosum_P4-bc1036-514-s2579_STFP_ASV2283_CCAMF,Septoglomus,viscosum,P4-bc1036-514-s2579,STFP,CCAMF,ASV2283,Fungi,Mucoromycota,Glomeromycetes,Glomerales,Glomeraceae,Glomus,VTX00063,1,Fungi,Glomeromycota,Glomeromycetes,Glomerales,Glomeraceae,Septoglomus,NA,0.7,Highly|_Probable,arbuscular_mycorrhizal,root-associated,Glomeromycota,Septoglomeraceae,Septoglomus,yes,yes,yes,primer
Septoglomus_viscosum_P4-bc1036-514-s837_STFP_ASV2285,Septoglomus_viscosum_P4-bc1036-514-s837_STFP_ASV2285_CCAMF,Septoglomus,viscosum,P4-bc1036-514-s837,STFP,CCAMF,ASV2285,Fungi,Mucoromycota,Glomeromycetes,Glomerales,Glomeraceae,Glomus,VTX00063,1,Fungi,Glomeromycota,Glomeromycetes,Glomerales,Glomeraceae,Septoglomus,NA,0.7,Highly|_Probable,arbuscular_mycorrhizal,root-associated,Glomeromycota,Septoglomeraceae,Septoglomus,yes,yes,yes,primer
Rhizophagus_irregularis_P4-bc1038-25-s1063_STFP_ASV2006,Rhizophagus_irregularis_P4-bc1038-25-s1063_STFP_ASV2006_CCAMF,Rhizophagus,irregularis,P4-bc1038-25-s1063,STFP,CCAMF,ASV2006,Fungi,Mucoromycota,Glomeromycetes,Glomerales,Glomeraceae,Glomus,VTX00114,0.8,Fungi,Glomeromycota,Glomeromycetes,Glomerales,Glomeraceae,NA,NA,0.7,Highly|_Probable,NA,NA,Glomeromycota,Sclerocystaceae_Kamienskiaceae,Rhizophagus,yes,yes,yes,primer
Rhizophagus_irregularis_P4-bc1038-25-s115_STFP_ASV2431,Rhizophagus_irregularis_P4-bc1038-25-s115_STFP_ASV2431_CCAMF,Rhizophagus,irregularis,P4-bc1038-25-s115,STFP,CCAMF,ASV2431,Fungi,Mucoromycota,Glomeromycetes,Glomerales,Glomeraceae,Glomus,VTX00114,0.8,Fungi,Glomeromycota,Glomeromycetes,Glomerales,Glomeraceae,Rhizophagus,irregularis,0.6,Highly|_Probable,arbuscular_mycorrhizal,root-associated,Glomeromycota,Sclerocystaceae_Kamienskiaceae,Rhizophagus,yes,yes,yes,primer
Rhizophagus_irregularis_P4-bc1038-25-s172_STFP_ASV2093,Rhizophagus_irregularis_P4-bc1038-25-s172_STFP_ASV2093_CCAMF,Rhizophagus,irregularis,P4-bc1038-25-s172,STFP,CCAMF,ASV2093,Fungi,Mucoromycota,Glomeromycetes,Glomerales,Glomeraceae,Glomus,VTX00114,0.8,Fungi,Glomeromycota,Glomeromycetes,Glomerales,Glomeraceae,Rhizophagus,NA,0.6,Highly|_Probable,arbuscular_mycorrhizal,root-associated,Glomeromycota,Sclerocystaceae_Kamienskiaceae,Rhizophagus,yes,yes,yes,primer
Rhizophagus_irregularis_P4-bc1038-25-s186_STFP_ASV2000,Rhizophagus_irregularis_P4-bc1038-25-s186_STFP_ASV2000_CCAMF,Rhizophagus,irregularis,P4-bc1038-25-s186,STFP,CCAMF,ASV2000,Fungi,Mucoromycota,Glomeromycetes,Glomerales,Glomeraceae,Glomus,VTX00114,0.8,Fungi,Glomeromycota,Glomeromycetes,Glomerales,Glomeraceae,Rhizophagus,irregularis,0.7,Highly|_Probable,arbuscular_mycorrhizal,root-associated,Glomeromycota,Sclerocystaceae_Kamienskiaceae,Rhizophagus,yes,yes,yes,primer
Rhizophagus_irregularis_P4-bc1038-25-s294_STFP_ASV2047,Rhizophagus_irregularis_P4-bc1038-25-s294_STFP_ASV2047_CCAMF,Rhizophagus,irregularis,P4-bc1038-25-s294,STFP,CCAMF,ASV2047,Fungi,Mucoromycota,Glomeromycetes,Glomerales,Glomeraceae,Glomus,VTX00114,0.8,Fungi,Glomeromycota,Glomeromycetes,Glomerales,Glomeraceae,NA,NA,0.7,Highly|_Probable,NA,NA,Glomeromycota,Sclerocystaceae_Kamienskiaceae,Rhizophagus,yes,yes,yes,primer
Rhizophagus_irregularis_P4-bc1038-25-s96_STFP_ASV2432,Rhizophagus_irregularis_P4-bc1038-25-s96_STFP_ASV2432_CCAMF,Rhizophagus,irregularis,P4-bc1038-25-s96,STFP,CCAMF,ASV2432,Fungi,Mucoromycota,Glomeromycetes,Glomerales,Glomeraceae,Glomus,VTX00114,0.8,Fungi,Glomeromycota,Glomeromycetes,Glomerales,Glomeraceae,Rhizophagus,irregularis,0.6,Highly|_Probable,arbuscular_mycorrhizal,root-associated,Glomeromycota,Sclerocystaceae_Kamienskiaceae,Rhizophagus,yes,yes,yes,primer
Cetraspora_gilmorei_P4-bc1040-1065-s1069_STFP_ASV2623,Cetraspora_gilmorei_P4-bc1040-1065-s1069_STFP_ASV2623_CCAMF,Cetraspora,gilmorei,P4-bc1040-1065-s1069,STFP,CCAMF,ASV2623,Fungi,Mucoromycota,Glomeromycetes,Diversisporales,Gigasporaceae,Scutellospora,VTX00041,0.8,Fungi,Glomeromycota,Glomeromycetes,Gigasporales,Racocetraceae,Cetraspora,NA,1,Highly|_Probable,arbuscular_mycorrhizal,root-associated,Glomeromycota,Gigasporaceae,Cetraspora,yes,yes,yes,primer
Cetraspora_gilmorei_P4-bc1040-1065-s1255_STFP_ASV2089,Cetraspora_gilmorei_P4-bc1040-1065-s1255_STFP_ASV2089_CCAMF,Cetraspora,gilmorei,P4-bc1040-1065-s1255,STFP,CCAMF,ASV2089,Fungi,Mucoromycota,Glomeromycetes,Diversisporales,Gigasporaceae,Scutellospora,VTX00041,0.8,Fungi,Glomeromycota,Glomeromycetes,Gigasporales,Racocetraceae,Cetraspora,NA,0.9,Highly|_Probable,arbuscular_mycorrhizal,root-associated,Glomeromycota,Gigasporaceae,Cetraspora,yes,yes,yes,primer
Cetraspora_gilmorei_P4-bc1040-1065-s1914_STFP_ASV2043,Cetraspora_gilmorei_P4-bc1040-1065-s1914_STFP_ASV2043_CCAMF,Cetraspora,gilmorei,P4-bc1040-1065-s1914,STFP,CCAMF,ASV2043,Fungi,Mucoromycota,Glomeromycetes,Diversisporales,Gigasporaceae,Scutellospora,VTX00041,0.8,Fungi,Glomeromycota,Glomeromycetes,Gigasporales,Racocetraceae,Cetraspora,NA,1,Highly|_Probable,arbuscular_mycorrhizal,root-associated,Glomeromycota,Gigasporaceae,Cetraspora,yes,yes,yes,primer
Cetraspora_gilmorei_P4-bc1040-1065-s244_STFP_ASV2622,Cetraspora_gilmorei_P4-bc1040-1065-s244_STFP_ASV2622_CCAMF,Cetraspora,gilmorei,P4-bc1040-1065-s244,STFP,CCAMF,ASV2622,Fungi,Mucoromycota,Glomeromycetes,Diversisporales,Gigasporaceae,Scutellospora,VTX00041,0.8,Fungi,Glomeromycota,Glomeromycetes,Gigasporales,Racocetraceae,Cetraspora,NA,1,Highly|_Probable,arbuscular_mycorrhizal,root-associated,Glomeromycota,Gigasporaceae,Cetraspora,yes,yes,yes,primer
Cetraspora_gilmorei_P4-bc1040-1065-s3043_STFP_ASV2066,Cetraspora_gilmorei_P4-bc1040-1065-s3043_STFP_ASV2066_CCAMF,Cetraspora,gilmorei,P4-bc1040-1065-s3043,STFP,CCAMF,ASV2066,Fungi,Mucoromycota,Glomeromycetes,Diversisporales,Gigasporaceae,Scutellospora,VTX00041,0.8,Fungi,Glomeromycota,Glomeromycetes,Gigasporales,Racocetraceae,Cetraspora,NA,1,Highly|_Probable,arbuscular_mycorrhizal,root-associated,Glomeromycota,Gigasporaceae,Cetraspora,yes,yes,yes,primer
Cetraspora_gilmorei_P4-bc1040-1065-s353_STFP_ASV2002,Cetraspora_gilmorei_P4-bc1040-1065-s353_STFP_ASV2002_CCAMF,Cetraspora,gilmorei,P4-bc1040-1065-s353,STFP,CCAMF,ASV2002,Fungi,Mucoromycota,Glomeromycetes,Diversisporales,Gigasporaceae,Scutellospora,VTX00041,0.8,Fungi,Glomeromycota,Glomeromycetes,Gigasporales,Racocetraceae,Cetraspora,NA,0.9,Highly|_Probable,arbuscular_mycorrhizal,root-associated,Glomeromycota,Gigasporaceae,Cetraspora,yes,yes,yes,primer
Cetraspora_gilmorei_P4-bc1040-1065-s3836_STFP_ASV2075,Cetraspora_gilmorei_P4-bc1040-1065-s3836_STFP_ASV2075_CCAMF,Cetraspora,gilmorei,P4-bc1040-1065-s3836,STFP,CCAMF,ASV2075,Fungi,Mucoromycota,Glomeromycetes,Diversisporales,Gigasporaceae,Scutellospora,VTX00041,0.8,Fungi,Glomeromycota,Glomeromycetes,Gigasporales,Racocetraceae,Cetraspora,NA,0.9,Highly|_Probable,arbuscular_mycorrhizal,root-associated,Glomeromycota,Gigasporaceae,Cetraspora,yes,yes,yes,primer
Cetraspora_gilmorei_P4-bc1040-1065-s3941_STFP_ASV2033,Cetraspora_gilmorei_P4-bc1040-1065-s3941_STFP_ASV2033_CCAMF,Cetraspora,gilmorei,P4-bc1040-1065-s3941,STFP,CCAMF,ASV2033,Fungi,Mucoromycota,Glomeromycetes,Diversisporales,Gigasporaceae,Scutellospora,VTX00041,0.8,Fungi,Glomeromycota,Glomeromycetes,Gigasporales,Racocetraceae,Cetraspora,NA,0.9,Highly|_Probable,arbuscular_mycorrhizal,root-associated,Glomeromycota,Gigasporaceae,Cetraspora,yes,yes,yes,primer
Cetraspora_gilmorei_P4-bc1040-1065-s936_STFP_ASV2055,Cetraspora_gilmorei_P4-bc1040-1065-s936_STFP_ASV2055_CCAMF,Cetraspora,gilmorei,P4-bc1040-1065-s936,STFP,CCAMF,ASV2055,Fungi,Mucoromycota,Glomeromycetes,Diversisporales,Gigasporaceae,Scutellospora,VTX00041,0.8,Fungi,Glomeromycota,Glomeromycetes,Gigasporales,Racocetraceae,Cetraspora,NA,0.9,Highly|_Probable,arbuscular_mycorrhizal,root-associated,Glomeromycota,Gigasporaceae,Cetraspora,yes,yes,yes,primer
Diversispora_aestuarii_P4-bc1041-1202-s13_STFP_ASV2585,Diversispora_aestuarii_P4-bc1041-1202-s13_STFP_ASV2585_CCAMF,Diversispora,aestuarii,P4-bc1041-1202-s13,STFP,CCAMF,ASV2585,Fungi,Mucoromycota,Glomeromycetes,Diversisporales,Diversisporaceae,Diversispora,VTX00062,0.9,Fungi,Glomeromycota,Glomeromycetes,Diversisporales,Diversisporaceae,Diversispora,sp,0.7,Highly|_Probable,arbuscular_mycorrhizal,root-associated,Glomeromycota,Diversisporaceae,Diversispora,yes,yes,yes,primer
Diversispora_aestuarii_P4-bc1041-1202-s21_STFP_ASV2587,Diversispora_aestuarii_P4-bc1041-1202-s21_STFP_ASV2587_CCAMF,Diversispora,aestuarii,P4-bc1041-1202-s21,STFP,CCAMF,ASV2587,Fungi,Mucoromycota,Glomeromycetes,Diversisporales,Diversisporaceae,Diversispora,VTX00062,0.9,Fungi,Glomeromycota,Glomeromycetes,Diversisporales,Diversisporaceae,Diversispora,sp,0.7,Highly|_Probable,arbuscular_mycorrhizal,root-associated,Glomeromycota,Diversisporaceae,Diversispora,yes,yes,yes,primer
Diversispora_aestuarii_P4-bc1041-1202-s2831_STFP_ASV2064,Diversispora_aestuarii_P4-bc1041-1202-s2831_STFP_ASV2064_CCAMF,Diversispora,aestuarii,P4-bc1041-1202-s2831,STFP,CCAMF,ASV2064,Fungi,Mucoromycota,Glomeromycetes,Diversisporales,Diversisporaceae,Diversispora,VTX00062,0.9,Fungi,Glomeromycota,Glomeromycetes,Diversisporales,Diversisporaceae,Diversispora,sp,0.7,Highly|_Probable,arbuscular_mycorrhizal,root-associated,Glomeromycota,Diversisporaceae,Diversispora,yes,yes,yes,primer
Septoglomus_sp._P4-bc1042-1197-s100_STFP_ASV2314,Septoglomus_sp._P4-bc1042-1197-s100_STFP_ASV2314_CCAMF,Septoglomus,sp.,P4-bc1042-1197-s100,STFP,CCAMF,ASV2314,Fungi,Mucoromycota,Glomeromycetes,Glomerales,Glomeraceae,Glomus,VTX00064,1,Fungi,Glomeromycota,Glomeromycetes,Glomerales,Glomeraceae,Septoglomus,NA,0.8,Highly|_Probable,arbuscular_mycorrhizal,root-associated,Glomeromycota,Septoglomeraceae,Septoglomus,yes,yes,yes,primer
Septoglomus_sp._P4-bc1042-1197-s11593_STFP_ASV2310,Septoglomus_sp._P4-bc1042-1197-s11593_STFP_ASV2310_CCAMF,Septoglomus,sp.,P4-bc1042-1197-s11593,STFP,CCAMF,ASV2310,Fungi,Mucoromycota,Glomeromycetes,Glomerales,Glomeraceae,Glomus,VTX00064,1,Fungi,Glomeromycota,Glomeromycetes,Glomerales,Glomeraceae,Septoglomus,NA,0.8,Highly|_Probable,arbuscular_mycorrhizal,root-associated,Glomeromycota,Septoglomeraceae,Septoglomus,yes,yes,yes,primer
Septoglomus_sp._P4-bc1042-1197-s158_STFP_ASV2313,Septoglomus_sp._P4-bc1042-1197-s158_STFP_ASV2313_CCAMF,Septoglomus,sp.,P4-bc1042-1197-s158,STFP,CCAMF,ASV2313,Fungi,Mucoromycota,Glomeromycetes,Glomerales,Glomeraceae,Glomus,VTX00064,1,Fungi,Glomeromycota,Glomeromycetes,Glomerales,Glomeraceae,Septoglomus,NA,0.8,Highly|_Probable,arbuscular_mycorrhizal,root-associated,Glomeromycota,Septoglomeraceae,Septoglomus,yes,yes,yes,primer
Septoglomus_sp._P4-bc1042-1197-s77_STFP_ASV2311,Septoglomus_sp._P4-bc1042-1197-s77_STFP_ASV2311_CCAMF,Septoglomus,sp.,P4-bc1042-1197-s77,STFP,CCAMF,ASV2311,Fungi,Mucoromycota,Glomeromycetes,Glomerales,Glomeraceae,Glomus,VTX00064,1,Fungi,Glomeromycota,Glomeromycetes,Glomerales,Glomeraceae,Septoglomus,NA,0.8,Highly|_Probable,arbuscular_mycorrhizal,root-associated,Glomeromycota,Septoglomeraceae,Septoglomus,yes,yes,yes,primer
Septoglomus_sp._P4-bc1042-1197-s83_STFP_ASV2316,Septoglomus_sp._P4-bc1042-1197-s83_STFP_ASV2316_CCAMF,Septoglomus,sp.,P4-bc1042-1197-s83,STFP,CCAMF,ASV2316,Fungi,Mucoromycota,Glomeromycetes,Glomerales,Glomeraceae,Glomus,VTX00064,0.9,Fungi,Glomeromycota,Glomeromycetes,Glomerales,Glomeraceae,NA,NA,0.6,Highly|_Probable,NA,NA,Glomeromycota,Septoglomeraceae,Septoglomus,yes,yes,yes,primer
Septoglomus_sp._P4-bc1042-1197-s88_STFP_ASV2312,Septoglomus_sp._P4-bc1042-1197-s88_STFP_ASV2312_CCAMF,Septoglomus,sp.,P4-bc1042-1197-s88,STFP,CCAMF,ASV2312,Fungi,Mucoromycota,Glomeromycetes,Glomerales,Glomeraceae,Glomus,VTX00064,0.9,Fungi,Glomeromycota,Glomeromycetes,Glomerales,Glomeraceae,Septoglomus,NA,0.8,Highly|_Probable,arbuscular_mycorrhizal,root-associated,Glomeromycota,Septoglomeraceae,Septoglomus,yes,yes,yes,primer
Septoglomus_sp._P4-bc1043-1218-s1044_STFP_ASV2320,Septoglomus_sp._P4-bc1043-1218-s1044_STFP_ASV2320_CCAMF,Septoglomus,sp.,P4-bc1043-1218-s1044,STFP,CCAMF,ASV2320,Fungi,Mucoromycota,Glomeromycetes,Glomerales,Glomeraceae,Glomus,VTX00064,0.9,Fungi,Glomeromycota,Glomeromycetes,Glomerales,Glomeraceae,NA,NA,1,Highly|_Probable,NA,NA,Glomeromycota,Septoglomeraceae,Septoglomus,yes,yes,yes,primer
Septoglomus_sp._P4-bc1043-1218-s1327_STFP_ASV2318,Septoglomus_sp._P4-bc1043-1218-s1327_STFP_ASV2318_CCAMF,Septoglomus,sp.,P4-bc1043-1218-s1327,STFP,CCAMF,ASV2318,Fungi,Mucoromycota,Glomeromycetes,Glomerales,Glomeraceae,Glomus,VTX00064,0.9,Fungi,Glomeromycota,Glomeromycetes,Glomerales,Glomeraceae,NA,NA,0.6,Highly|_Probable,NA,NA,Glomeromycota,Septoglomeraceae,Septoglomus,yes,yes,yes,primer
Septoglomus_sp._P4-bc1043-1218-s1506_STFP_ASV2315,Septoglomus_sp._P4-bc1043-1218-s1506_STFP_ASV2315_CCAMF,Septoglomus,sp.,P4-bc1043-1218-s1506,STFP,CCAMF,ASV2315,Fungi,Mucoromycota,Glomeromycetes,Glomerales,Glomeraceae,Glomus,VTX00064,1,Fungi,Glomeromycota,Glomeromycetes,Glomerales,Glomeraceae,Septoglomus,NA,0.6,Highly|_Probable,arbuscular_mycorrhizal,root-associated,Glomeromycota,Septoglomeraceae,Septoglomus,yes,yes,yes,primer
Septoglomus_sp._P4-bc1043-1218-s3438_STFP_ASV2317,Septoglomus_sp._P4-bc1043-1218-s3438_STFP_ASV2317_CCAMF,Septoglomus,sp.,P4-bc1043-1218-s3438,STFP,CCAMF,ASV2317,Fungi,Mucoromycota,Glomeromycetes,Glomerales,Glomeraceae,Glomus,VTX00064,0.9,Fungi,Glomeromycota,Glomeromycetes,Glomerales,Glomeraceae,NA,NA,1,Highly|_Probable,NA,NA,Glomeromycota,Septoglomeraceae,Septoglomus,yes,yes,yes,primer
Septoglomus_sp._P4-bc1043-1218-s541_STFP_ASV2321,Septoglomus_sp._P4-bc1043-1218-s541_STFP_ASV2321_CCAMF,Septoglomus,sp.,P4-bc1043-1218-s541,STFP,CCAMF,ASV2321,Fungi,Mucoromycota,Glomeromycetes,Glomerales,Glomeraceae,Glomus,VTX00064,0.9,Fungi,Glomeromycota,Glomeromycetes,Glomerales,Glomeraceae,NA,NA,1,Highly|_Probable,NA,NA,Glomeromycota,Septoglomeraceae,Septoglomus,yes,yes,yes,primer
Septoglomus_sp._P4-bc1043-1218-s688_STFP_ASV2319,Septoglomus_sp._P4-bc1043-1218-s688_STFP_ASV2319_CCAMF,Septoglomus,sp.,P4-bc1043-1218-s688,STFP,CCAMF,ASV2319,Fungi,Mucoromycota,Glomeromycetes,Glomerales,Glomeraceae,Glomus,VTX00064,0.9,Fungi,Glomeromycota,Glomeromycetes,Glomerales,Glomeraceae,NA,NA,0.6,Highly|_Probable,NA,NA,Glomeromycota,Septoglomeraceae,Septoglomus,yes,yes,yes,primer
Septoglomus_sp._P4-bc1047-484-s2079_STFP_ASV2016,Septoglomus_sp._P4-bc1047-484-s2079_STFP_ASV2016_CCAMF,Septoglomus,sp.,P4-bc1047-484-s2079,STFP,CCAMF,ASV2016,Fungi,Mucoromycota,Glomeromycetes,Glomerales,Glomeraceae,Glomus,VTX00063,0.9,Fungi,Glomeromycota,Glomeromycetes,Glomerales,Glomeraceae,Glomus,NA,0.571,Highly|_Probable,arbuscular_mycorrhizal,root-associated,Glomeromycota,Septoglomeraceae,Septoglomus,yes,yes,yes,primer
Septoglomus_sp._P4-bc1047-484-s28_STFP_ASV2300,Septoglomus_sp._P4-bc1047-484-s28_STFP_ASV2300_CCAMF,Septoglomus,sp.,P4-bc1047-484-s28,STFP,CCAMF,ASV2300,Fungi,Mucoromycota,Glomeromycetes,Glomerales,Glomeraceae,Glomus,VTX00063,1,Fungi,Glomeromycota,Glomeromycetes,Glomerales,Glomeraceae,Glomus,NA,0.571,Highly|_Probable,arbuscular_mycorrhizal,root-associated,Glomeromycota,Septoglomeraceae,Septoglomus,yes,yes,yes,primer
Septoglomus_sp._P4-bc1047-484-s30_STFP_ASV2295,Septoglomus_sp._P4-bc1047-484-s30_STFP_ASV2295_CCAMF,Septoglomus,sp.,P4-bc1047-484-s30,STFP,CCAMF,ASV2295,Fungi,Mucoromycota,Glomeromycetes,Glomerales,Glomeraceae,Glomus,VTX00063,1,Fungi,Glomeromycota,Glomeromycetes,Glomerales,Glomeraceae,Glomus,NA,0.571,Highly|_Probable,arbuscular_mycorrhizal,root-associated,Glomeromycota,Septoglomeraceae,Septoglomus,yes,yes,yes,primer
Septoglomus_sp._P4-bc1047-484-s3584_STFP_ASV2299,Septoglomus_sp._P4-bc1047-484-s3584_STFP_ASV2299_CCAMF,Septoglomus,sp.,P4-bc1047-484-s3584,STFP,CCAMF,ASV2299,Fungi,Mucoromycota,Glomeromycetes,Glomerales,Glomeraceae,Glomus,VTX00063,1,Fungi,Glomeromycota,Glomeromycetes,Glomerales,Glomeraceae,Glomus,NA,0.571,Highly|_Probable,arbuscular_mycorrhizal,root-associated,Glomeromycota,Septoglomeraceae,Septoglomus,yes,yes,yes,primer
Septoglomus_sp._P4-bc1047-484-s54_STFP_ASV2296,Septoglomus_sp._P4-bc1047-484-s54_STFP_ASV2296_CCAMF,Septoglomus,sp.,P4-bc1047-484-s54,STFP,CCAMF,ASV2296,Fungi,Mucoromycota,Glomeromycetes,Glomerales,Glomeraceae,Glomus,VTX00063,1,Fungi,Glomeromycota,Glomeromycetes,Glomerales,Glomeraceae,Glomus,NA,0.571,Highly|_Probable,arbuscular_mycorrhizal,root-associated,Glomeromycota,Septoglomeraceae,Septoglomus,yes,yes,yes,primer
Septoglomus_sp._P4-bc1047-484-s63_STFP_ASV2294,Septoglomus_sp._P4-bc1047-484-s63_STFP_ASV2294_CCAMF,Septoglomus,sp.,P4-bc1047-484-s63,STFP,CCAMF,ASV2294,Fungi,Mucoromycota,Glomeromycetes,Glomerales,Glomeraceae,Glomus,VTX00063,0.9,Fungi,Glomeromycota,Glomeromycetes,Glomerales,Glomeraceae,Glomus,NA,0.667,Highly|_Probable,arbuscular_mycorrhizal,root-associated,Glomeromycota,Septoglomeraceae,Septoglomus,yes,yes,yes,primer
Septoglomus_sp._P4-bc1047-484-s72_STFP_ASV2301,Septoglomus_sp._P4-bc1047-484-s72_STFP_ASV2301_CCAMF,Septoglomus,sp.,P4-bc1047-484-s72,STFP,CCAMF,ASV2301,Fungi,Mucoromycota,Glomeromycetes,Glomerales,Glomeraceae,Glomus,VTX00063,1,Fungi,Glomeromycota,Glomeromycetes,Glomerales,Glomeraceae,Glomus,NA,0.571,Highly|_Probable,arbuscular_mycorrhizal,root-associated,Glomeromycota,Septoglomeraceae,Septoglomus,yes,yes,yes,primer
Septoglomus_sp._P4-bc1047-484-s73_STFP_ASV2297,Septoglomus_sp._P4-bc1047-484-s73_STFP_ASV2297_CCAMF,Septoglomus,sp.,P4-bc1047-484-s73,STFP,CCAMF,ASV2297,Fungi,Mucoromycota,Glomeromycetes,Glomerales,Glomeraceae,Glomus,VTX00063,0.9,Fungi,Glomeromycota,Glomeromycetes,Glomerales,Glomeraceae,Glomus,NA,0.571,Highly|_Probable,arbuscular_mycorrhizal,root-associated,Glomeromycota,Septoglomeraceae,Septoglomus,yes,yes,yes,primer
Glomus_tetrastratosum_P4-bc1050-1004-s191_STFP_ASV2324,Glomus_tetrastratosum_P4-bc1050-1004-s191_STFP_ASV2324_CCAMF,Glomus,tetrastratosum,P4-bc1050-1004-s191,STFP,CCAMF,ASV2324,Fungi,Mucoromycota,Glomeromycetes,Glomerales,Glomeraceae,Glomus,VTX00199,1,Fungi,Glomeromycota,Glomeromycetes,Glomerales,Glomeraceae,Glomus,NA,0.8,Highly|_Probable,arbuscular_mycorrhizal,root-associated,Glomeromycota,Glomeraceae,Glomus,yes,yes,yes,primer
Glomus_tetrastratosum_P4-bc1050-1004-s4374_STFP_ASV2092,Glomus_tetrastratosum_P4-bc1050-1004-s4374_STFP_ASV2092_CCAMF,Glomus,tetrastratosum,P4-bc1050-1004-s4374,STFP,CCAMF,ASV2092,Fungi,Mucoromycota,Glomeromycetes,Glomerales,Glomeraceae,Glomus,VTX00199,1,Fungi,Glomeromycota,Glomeromycetes,Glomerales,Glomeraceae,NA,NA,0.667,Highly|_Probable,NA,NA,Glomeromycota,Glomeraceae,Glomus,yes,yes,yes,primer
Glomus_tetrastratosum_P4-bc1050-1004-s66_STFP_ASV2331,Glomus_tetrastratosum_P4-bc1050-1004-s66_STFP_ASV2331_CCAMF,Glomus,tetrastratosum,P4-bc1050-1004-s66,STFP,CCAMF,ASV2331,Fungi,Mucoromycota,Glomeromycetes,Glomerales,Glomeraceae,Glomus,VTX00199,1,Fungi,Glomeromycota,Glomeromycetes,Glomerales,Glomeraceae,NA,NA,0.667,Highly|_Probable,NA,NA,Glomeromycota,Glomeraceae,Glomus,yes,yes,yes,primer
Glomus_tetrastratosum_P4-bc1050-1004-s71_STFP_ASV2332,Glomus_tetrastratosum_P4-bc1050-1004-s71_STFP_ASV2332_CCAMF,Glomus,tetrastratosum,P4-bc1050-1004-s71,STFP,CCAMF,ASV2332,Fungi,Mucoromycota,Glomeromycetes,Glomerales,Glomeraceae,Glomus,VTX00199,1,Fungi,Glomeromycota,Glomeromycetes,Glomerales,Glomeraceae,NA,NA,0.667,Highly|_Probable,NA,NA,Glomeromycota,Glomeraceae,Glomus,yes,yes,yes,primer
Glomus_tetrastratosum_P4-bc1051-1240-s102_STFP_ASV2325,Glomus_tetrastratosum_P4-bc1051-1240-s102_STFP_ASV2325_CCAMF,Glomus,tetrastratosum,P4-bc1051-1240-s102,STFP,CCAMF,ASV2325,Fungi,Mucoromycota,Glomeromycetes,Glomerales,Glomeraceae,Glomus,VTX00199,1,Fungi,Glomeromycota,Glomeromycetes,Glomerales,Glomeraceae,Glomus,NA,0.8,Highly|_Probable,arbuscular_mycorrhizal,root-associated,Glomeromycota,Glomeraceae,Glomus,yes,yes,yes,primer
Glomus_tetrastratosum_P4-bc1052-1413-s29_STFP_ASV2329,Glomus_tetrastratosum_P4-bc1052-1413-s29_STFP_ASV2329_CCAMF,Glomus,tetrastratosum,P4-bc1052-1413-s29,STFP,CCAMF,ASV2329,Fungi,Mucoromycota,Glomeromycetes,Glomerales,Glomeraceae,Glomus,VTX00199,1,Fungi,Glomeromycota,Glomeromycetes,Glomerales,Glomeraceae,Glomus,NA,0.8,Highly|_Probable,arbuscular_mycorrhizal,root-associated,Glomeromycota,Glomeraceae,Glomus,yes,yes,yes,primer
Glomus_tetrastratosum_P4-bc1052-1413-s30_STFP_ASV2328,Glomus_tetrastratosum_P4-bc1052-1413-s30_STFP_ASV2328_CCAMF,Glomus,tetrastratosum,P4-bc1052-1413-s30,STFP,CCAMF,ASV2328,Fungi,Mucoromycota,Glomeromycetes,Glomerales,Glomeraceae,Glomus,VTX00199,1,Fungi,Glomeromycota,Glomeromycetes,Glomerales,Glomeraceae,Glomus,NA,0.8,Highly|_Probable,arbuscular_mycorrhizal,root-associated,Glomeromycota,Glomeraceae,Glomus,yes,yes,yes,primer
Glomus_tetrastratosum_P4-bc1052-1413-s367_STFP_ASV2326,Glomus_tetrastratosum_P4-bc1052-1413-s367_STFP_ASV2326_CCAMF,Glomus,tetrastratosum,P4-bc1052-1413-s367,STFP,CCAMF,ASV2326,Fungi,Mucoromycota,Glomeromycetes,Glomerales,Glomeraceae,Glomus,VTX00199,1,Fungi,Glomeromycota,Glomeromycetes,Glomerales,Glomeraceae,Glomus,NA,0.8,Highly|_Probable,arbuscular_mycorrhizal,root-associated,Glomeromycota,Glomeraceae,Glomus,yes,yes,yes,primer
Glomus_tetrastratosum_P4-bc1052-1413-s39_STFP_ASV2330,Glomus_tetrastratosum_P4-bc1052-1413-s39_STFP_ASV2330_CCAMF,Glomus,tetrastratosum,P4-bc1052-1413-s39,STFP,CCAMF,ASV2330,Fungi,Mucoromycota,Glomeromycetes,Glomerales,Glomeraceae,Glomus,VTX00199,1,Fungi,Glomeromycota,Glomeromycetes,Glomerales,Glomeraceae,Glomus,NA,0.8,Highly|_Probable,arbuscular_mycorrhizal,root-associated,Glomeromycota,Glomeraceae,Glomus,yes,yes,yes,primer
Glomus_tetrastratosum_P4-bc1052-1413-s573_STFP_ASV2003,Glomus_tetrastratosum_P4-bc1052-1413-s573_STFP_ASV2003_CCAMF,Glomus,tetrastratosum,P4-bc1052-1413-s573,STFP,CCAMF,ASV2003,Fungi,Mucoromycota,Glomeromycetes,Glomerales,Glomeraceae,Glomus,VTX00199,1,Fungi,Glomeromycota,Glomeromycetes,Glomerales,Glomeraceae,Glomus,NA,0.8,Highly|_Probable,arbuscular_mycorrhizal,root-associated,Glomeromycota,Glomeraceae,Glomus,yes,yes,yes,primer
Glomus_tetrastratosum_P4-bc1052-1413-s90_STFP_ASV2011,Glomus_tetrastratosum_P4-bc1052-1413-s90_STFP_ASV2011_CCAMF,Glomus,tetrastratosum,P4-bc1052-1413-s90,STFP,CCAMF,ASV2011,Fungi,Mucoromycota,Glomeromycetes,Glomerales,Glomeraceae,Glomus,VTX00199,1,Fungi,Glomeromycota,Glomeromycetes,Glomerales,Glomeraceae,Glomus,NA,0.8,Highly|_Probable,arbuscular_mycorrhizal,root-associated,Glomeromycota,Glomeraceae,Glomus,yes,yes,yes,primer
Funneliformis_mosseae_P4-bc1053-394-s1540_STFP_ASV2246,Funneliformis_mosseae_P4-bc1053-394-s1540_STFP_ASV2246_CCAMF,Funneliformis,mosseae,P4-bc1053-394-s1540,STFP,CCAMF,ASV2246,Fungi,Mucoromycota,Glomeromycetes,Glomerales,Glomeraceae,Glomus,VTX00067,1,Fungi,Glomeromycota,Glomeromycetes,Glomerales,Glomeraceae,Funneliformis,NA,0.9,Highly|_Probable,arbuscular_mycorrhizal,root-associated,Glomeromycota,Septoglomeraceae,Funneliformis,yes,yes,yes,primer
Funneliformis_mosseae_P4-bc1053-394-s15679_STFP_ASV2244,Funneliformis_mosseae_P4-bc1053-394-s15679_STFP_ASV2244_CCAMF,Funneliformis,mosseae,P4-bc1053-394-s15679,STFP,CCAMF,ASV2244,Fungi,Mucoromycota,Glomeromycetes,Glomerales,Glomeraceae,Glomus,VTX00067,1,Fungi,Glomeromycota,Glomeromycetes,Glomerales,Glomeraceae,Funneliformis,mosseae,0.6,Highly|_Probable,arbuscular_mycorrhizal,root-associated,Glomeromycota,Septoglomeraceae,Funneliformis,yes,yes,yes,primer
Funneliformis_mosseae_P4-bc1053-394-s1888_STFP_ASV2245,Funneliformis_mosseae_P4-bc1053-394-s1888_STFP_ASV2245_CCAMF,Funneliformis,mosseae,P4-bc1053-394-s1888,STFP,CCAMF,ASV2245,Fungi,Mucoromycota,Glomeromycetes,Glomerales,Glomeraceae,Glomus,VTX00067,1,Fungi,Glomeromycota,Glomeromycetes,Glomerales,Glomeraceae,Funneliformis,mosseae,0.6,Highly|_Probable,arbuscular_mycorrhizal,root-associated,Glomeromycota,Septoglomeraceae,Funneliformis,yes,yes,yes,primer
Funneliformis_mosseae_P4-bc1053-394-s2081_STFP_ASV2248,Funneliformis_mosseae_P4-bc1053-394-s2081_STFP_ASV2248_CCAMF,Funneliformis,mosseae,P4-bc1053-394-s2081,STFP,CCAMF,ASV2248,Fungi,Mucoromycota,Glomeromycetes,Glomerales,Glomeraceae,Glomus,VTX00067,1,Fungi,Glomeromycota,Glomeromycetes,Glomerales,Glomeraceae,Funneliformis,mosseae,0.6,Highly|_Probable,arbuscular_mycorrhizal,root-associated,Glomeromycota,Septoglomeraceae,Funneliformis,yes,yes,yes,primer
Funneliformis_mosseae_P4-bc1053-394-s3506_STFP_ASV2211,Funneliformis_mosseae_P4-bc1053-394-s3506_STFP_ASV2211_CCAMF,Funneliformis,mosseae,P4-bc1053-394-s3506,STFP,CCAMF,ASV2211,Fungi,Mucoromycota,Glomeromycetes,Glomerales,Glomeraceae,Glomus,VTX00067,1,Fungi,Glomeromycota,Glomeromycetes,Glomerales,Glomeraceae,Funneliformis,NA,0.9,Highly|_Probable,arbuscular_mycorrhizal,root-associated,Glomeromycota,Septoglomeraceae,Funneliformis,yes,yes,yes,primer
Funneliformis_mosseae_P4-bc1053-394-s3772_STFP_ASV2247,Funneliformis_mosseae_P4-bc1053-394-s3772_STFP_ASV2247_CCAMF,Funneliformis,mosseae,P4-bc1053-394-s3772,STFP,CCAMF,ASV2247,Fungi,Mucoromycota,Glomeromycetes,Glomerales,Glomeraceae,Glomus,VTX00067,1,Fungi,Glomeromycota,Glomeromycetes,Glomerales,Glomeraceae,Funneliformis,mosseae,0.6,Highly|_Probable,arbuscular_mycorrhizal,root-associated,Glomeromycota,Septoglomeraceae,Funneliformis,yes,yes,yes,primer
Diversispora_varaderana_P4-bc1055-1217-s29_STFP_ASV2565,Diversispora_varaderana_P4-bc1055-1217-s29_STFP_ASV2565_CCAMF,Diversispora,varaderana,P4-bc1055-1217-s29,STFP,CCAMF,ASV2565,Fungi,Mucoromycota,Glomeromycetes,Diversisporales,Diversisporaceae,Diversispora,VTX00062,0.9,Fungi,Glomeromycota,Glomeromycetes,Diversisporales,Diversisporaceae,Diversispora,NA,0.8,Highly|_Probable,arbuscular_mycorrhizal,root-associated,Glomeromycota,Diversisporaceae,Diversispora,yes,yes,yes,primer
Diversispora_varaderana_P4-bc1055-1217-s49_STFP_ASV2571,Diversispora_varaderana_P4-bc1055-1217-s49_STFP_ASV2571_CCAMF,Diversispora,varaderana,P4-bc1055-1217-s49,STFP,CCAMF,ASV2571,Fungi,Mucoromycota,Glomeromycetes,Diversisporales,Diversisporaceae,Diversispora,VTX00062,0.9,Fungi,Glomeromycota,Glomeromycetes,Diversisporales,Diversisporaceae,Diversispora,sp,0.6,Highly|_Probable,arbuscular_mycorrhizal,root-associated,Glomeromycota,Diversisporaceae,Diversispora,yes,yes,yes,primer
Diversispora_varaderana_P4-bc1055-1217-s623_STFP_ASV2579,Diversispora_varaderana_P4-bc1055-1217-s623_STFP_ASV2579_CCAMF,Diversispora,varaderana,P4-bc1055-1217-s623,STFP,CCAMF,ASV2579,Fungi,Mucoromycota,Glomeromycetes,Diversisporales,Diversisporaceae,Diversispora,VTX00062,0.9,Fungi,Glomeromycota,Glomeromycetes,Diversisporales,Diversisporaceae,Diversispora,sp,0.6,Highly|_Probable,arbuscular_mycorrhizal,root-associated,Glomeromycota,Diversisporaceae,Diversispora,yes,yes,yes,primer
Diversispora_varaderana_P4-bc1055-1217-s652_STFP_ASV2039,Diversispora_varaderana_P4-bc1055-1217-s652_STFP_ASV2039_CCAMF,Diversispora,varaderana,P4-bc1055-1217-s652,STFP,CCAMF,ASV2039,Fungi,Mucoromycota,Glomeromycetes,Diversisporales,Diversisporaceae,Diversispora,VTX00062,0.9,Fungi,Glomeromycota,Glomeromycetes,Diversisporales,Diversisporaceae,Diversispora,sp,0.6,Highly|_Probable,arbuscular_mycorrhizal,root-associated,Glomeromycota,Diversisporaceae,Diversispora,yes,yes,yes,primer
Sclerocystis_sinuosa_P4-bc1058-SPU-6-9-6-MT106A-s1766_STFI_ASV2051,Sclerocystis_sinuosa_P4-bc1058-SPU-6-9-6-MT106A-s1766_STFI_ASV2051_CCAMF,Sclerocystis,sinuosa,P4-bc1058-SPU-6-9-6-MT106A-s1766,STFI,CCAMF,ASV2051,Fungi,Mucoromycota,Glomeromycetes,Glomerales,Glomeraceae,Glomus,VTX00069,1,Fungi,Glomeromycota,Glomeromycetes,Glomerales,Glomeraceae,NA,NA,1,Highly|_Probable,NA,NA,Glomeromycota,Sclerocystaceae_Kamienskiaceae,Sclerocystis,yes,yes,yes,primer
Sclerocystis_sinuosa_P4-bc1058-SPU-6-9-6-MT106A-s539_STFI_ASV2132,Sclerocystis_sinuosa_P4-bc1058-SPU-6-9-6-MT106A-s539_STFI_ASV2132_CCAMF,Sclerocystis,sinuosa,P4-bc1058-SPU-6-9-6-MT106A-s539,STFI,CCAMF,ASV2132,Fungi,Mucoromycota,Glomeromycetes,Glomerales,Glomeraceae,Glomus,VTX00069,1,Fungi,Glomeromycota,Glomeromycetes,Glomerales,Glomeraceae,NA,NA,1,Highly|_Probable,NA,NA,Glomeromycota,Sclerocystaceae_Kamienskiaceae,Sclerocystis,yes,yes,yes,primer
Sclerocystis_sinuosa_P4-bc1058-SPU-6-9-6-MT106A-s634_STFI_ASV2133,Sclerocystis_sinuosa_P4-bc1058-SPU-6-9-6-MT106A-s634_STFI_ASV2133_CCAMF,Sclerocystis,sinuosa,P4-bc1058-SPU-6-9-6-MT106A-s634,STFI,CCAMF,ASV2133,Fungi,Mucoromycota,Glomeromycetes,Glomerales,Glomeraceae,Glomus,VTX00069,1,Fungi,Glomeromycota,Glomeromycetes,Glomerales,Glomeraceae,NA,NA,1,Highly|_Probable,NA,NA,Glomeromycota,Sclerocystaceae_Kamienskiaceae,Sclerocystis,yes,yes,yes,primer
Sclerocystis_sinuosa_P4-bc1058-SPU-6-9-6-MT106A-s671_STFI_ASV2082,Sclerocystis_sinuosa_P4-bc1058-SPU-6-9-6-MT106A-s671_STFI_ASV2082_CCAMF,Sclerocystis,sinuosa,P4-bc1058-SPU-6-9-6-MT106A-s671,STFI,CCAMF,ASV2082,Fungi,Mucoromycota,Glomeromycetes,Glomerales,Glomeraceae,Glomus,VTX00069,1,Fungi,Glomeromycota,Glomeromycetes,Glomerales,Glomeraceae,NA,NA,1,Highly|_Probable,NA,NA,Glomeromycota,Sclerocystaceae_Kamienskiaceae,Sclerocystis,yes,yes,yes,primer
Diversispora_varaderana_P4-bc1059-1015-s158_STFP_ASV2090,Diversispora_varaderana_P4-bc1059-1015-s158_STFP_ASV2090_CCAMF,Diversispora,varaderana,P4-bc1059-1015-s158,STFP,CCAMF,ASV2090,Fungi,Mucoromycota,Glomeromycetes,Diversisporales,Diversisporaceae,Diversispora,VTX00062,0.9,Fungi,Glomeromycota,Glomeromycetes,Diversisporales,Diversisporaceae,Diversispora,NA,0.8,Highly|_Probable,arbuscular_mycorrhizal,root-associated,Glomeromycota,Diversisporaceae,Diversispora,yes,yes,yes,primer
Diversispora_varaderana_P4-bc1059-1015-s241_STFP_ASV2034,Diversispora_varaderana_P4-bc1059-1015-s241_STFP_ASV2034_CCAMF,Diversispora,varaderana,P4-bc1059-1015-s241,STFP,CCAMF,ASV2034,Fungi,Mucoromycota,Glomeromycetes,Diversisporales,Diversisporaceae,Diversispora,VTX00062,0.9,Fungi,Glomeromycota,Glomeromycetes,Diversisporales,Diversisporaceae,Diversispora,sp,0.6,Highly|_Probable,arbuscular_mycorrhizal,root-associated,Glomeromycota,Diversisporaceae,Diversispora,yes,yes,yes,primer
Diversispora_varaderana_P4-bc1059-1015-s442_STFP_ASV2573,Diversispora_varaderana_P4-bc1059-1015-s442_STFP_ASV2573_CCAMF,Diversispora,varaderana,P4-bc1059-1015-s442,STFP,CCAMF,ASV2573,Fungi,Mucoromycota,Glomeromycetes,Diversisporales,Diversisporaceae,Diversispora,VTX00062,0.9,Fungi,Glomeromycota,Glomeromycetes,Diversisporales,Diversisporaceae,Diversispora,sp,0.6,Highly|_Probable,arbuscular_mycorrhizal,root-associated,Glomeromycota,Diversisporaceae,Diversispora,yes,yes,yes,primer
Diversispora_varaderana_P4-bc1059-1015-s5890_STFP_ASV2039,Diversispora_varaderana_P4-bc1059-1015-s5890_STFP_ASV2039_CCAMF,Diversispora,varaderana,P4-bc1059-1015-s5890,STFP,CCAMF,ASV2039,Fungi,Mucoromycota,Glomeromycetes,Diversisporales,Diversisporaceae,Diversispora,VTX00062,0.9,Fungi,Glomeromycota,Glomeromycetes,Diversisporales,Diversisporaceae,Diversispora,sp,0.6,Highly|_Probable,arbuscular_mycorrhizal,root-associated,Glomeromycota,Diversisporaceae,Diversispora,yes,yes,yes,primer
Diversispora_aestuarii_P4-bc1061-1202-s102_STFP_ASV2589,Diversispora_aestuarii_P4-bc1061-1202-s102_STFP_ASV2589_CCAMF,Diversispora,aestuarii,P4-bc1061-1202-s102,STFP,CCAMF,ASV2589,Fungi,Mucoromycota,Glomeromycetes,Diversisporales,Diversisporaceae,Diversispora,VTX00062,0.9,Fungi,Glomeromycota,Glomeromycetes,Diversisporales,Diversisporaceae,Diversispora,sp,0.6,Highly|_Probable,arbuscular_mycorrhizal,root-associated,Glomeromycota,Diversisporaceae,Diversispora,yes,yes,yes,primer
Diversispora_aestuarii_P4-bc1061-1202-s124_STFP_ASV2580,Diversispora_aestuarii_P4-bc1061-1202-s124_STFP_ASV2580_CCAMF,Diversispora,aestuarii,P4-bc1061-1202-s124,STFP,CCAMF,ASV2580,Fungi,Mucoromycota,Glomeromycetes,Diversisporales,Diversisporaceae,Diversispora,VTX00062,0.9,Fungi,Glomeromycota,Glomeromycetes,Diversisporales,Diversisporaceae,Diversispora,sp,0.7,Highly|_Probable,arbuscular_mycorrhizal,root-associated,Glomeromycota,Diversisporaceae,Diversispora,yes,yes,yes,primer
Diversispora_aestuarii_P4-bc1061-1202-s134_STFP_ASV2581,Diversispora_aestuarii_P4-bc1061-1202-s134_STFP_ASV2581_CCAMF,Diversispora,aestuarii,P4-bc1061-1202-s134,STFP,CCAMF,ASV2581,Fungi,Mucoromycota,Glomeromycetes,Diversisporales,Diversisporaceae,Diversispora,VTX00062,0.9,Fungi,Glomeromycota,Glomeromycetes,Diversisporales,Diversisporaceae,Diversispora,sp,0.7,Highly|_Probable,arbuscular_mycorrhizal,root-associated,Glomeromycota,Diversisporaceae,Diversispora,yes,yes,yes,primer
Diversispora_aestuarii_P4-bc1061-1202-s138_STFP_ASV2588,Diversispora_aestuarii_P4-bc1061-1202-s138_STFP_ASV2588_CCAMF,Diversispora,aestuarii,P4-bc1061-1202-s138,STFP,CCAMF,ASV2588,Fungi,Mucoromycota,Glomeromycetes,Diversisporales,Diversisporaceae,Diversispora,VTX00062,0.9,Fungi,Glomeromycota,Glomeromycetes,Diversisporales,Diversisporaceae,Diversispora,sp,0.7,Highly|_Probable,arbuscular_mycorrhizal,root-associated,Glomeromycota,Diversisporaceae,Diversispora,yes,yes,yes,primer
Diversispora_aestuarii_P4-bc1061-1202-s27384_STFP_ASV2064,Diversispora_aestuarii_P4-bc1061-1202-s27384_STFP_ASV2064_CCAMF,Diversispora,aestuarii,P4-bc1061-1202-s27384,STFP,CCAMF,ASV2064,Fungi,Mucoromycota,Glomeromycetes,Diversisporales,Diversisporaceae,Diversispora,VTX00062,0.9,Fungi,Glomeromycota,Glomeromycetes,Diversisporales,Diversisporaceae,Diversispora,sp,0.7,Highly|_Probable,arbuscular_mycorrhizal,root-associated,Glomeromycota,Diversisporaceae,Diversispora,yes,yes,yes,primer
Diversispora_aestuarii_P4-bc1061-1202-s55_STFP_ASV2594,Diversispora_aestuarii_P4-bc1061-1202-s55_STFP_ASV2594_CCAMF,Diversispora,aestuarii,P4-bc1061-1202-s55,STFP,CCAMF,ASV2594,Fungi,Mucoromycota,Glomeromycetes,Diversisporales,Diversisporaceae,Diversispora,VTX00062,0.9,Fungi,Glomeromycota,Glomeromycetes,Diversisporales,Diversisporaceae,Diversispora,sp,0.6,Highly|_Probable,arbuscular_mycorrhizal,root-associated,Glomeromycota,Diversisporaceae,Diversispora,yes,yes,yes,primer
Diversispora_aestuarii_P4-bc1061-1202-s76_STFP_ASV2593,Diversispora_aestuarii_P4-bc1061-1202-s76_STFP_ASV2593_CCAMF,Diversispora,aestuarii,P4-bc1061-1202-s76,STFP,CCAMF,ASV2593,Fungi,Mucoromycota,Glomeromycetes,Diversisporales,Diversisporaceae,Diversispora,VTX00062,0.9,Fungi,Glomeromycota,Glomeromycetes,Diversisporales,Diversisporaceae,Diversispora,sp,0.6,Highly|_Probable,arbuscular_mycorrhizal,root-associated,Glomeromycota,Diversisporaceae,Diversispora,yes,yes,yes,primer
Diversispora_aestuarii_P4-bc1062-1485-s1454_STFP_ASV2582,Diversispora_aestuarii_P4-bc1062-1485-s1454_STFP_ASV2582_CCAMF,Diversispora,aestuarii,P4-bc1062-1485-s1454,STFP,CCAMF,ASV2582,Fungi,Mucoromycota,Glomeromycetes,Diversisporales,Diversisporaceae,Diversispora,VTX00062,0.9,Fungi,Glomeromycota,Glomeromycetes,Diversisporales,Diversisporaceae,Diversispora,sp,0.7,Highly|_Probable,arbuscular_mycorrhizal,root-associated,Glomeromycota,Diversisporaceae,Diversispora,yes,yes,yes,primer
Diversispora_aestuarii_P4-bc1062-1485-s198_STFP_ASV2592,Diversispora_aestuarii_P4-bc1062-1485-s198_STFP_ASV2592_CCAMF,Diversispora,aestuarii,P4-bc1062-1485-s198,STFP,CCAMF,ASV2592,Fungi,Mucoromycota,Glomeromycetes,Diversisporales,Diversisporaceae,Diversispora,VTX00062,0.9,Fungi,Glomeromycota,Glomeromycetes,Diversisporales,Diversisporaceae,Diversispora,sp,0.6,Highly|_Probable,arbuscular_mycorrhizal,root-associated,Glomeromycota,Diversisporaceae,Diversispora,yes,yes,yes,primer
Diversispora_aestuarii_P4-bc1062-1485-s209_STFP_ASV2597,Diversispora_aestuarii_P4-bc1062-1485-s209_STFP_ASV2597_CCAMF,Diversispora,aestuarii,P4-bc1062-1485-s209,STFP,CCAMF,ASV2597,Fungi,Mucoromycota,Glomeromycetes,Diversisporales,Diversisporaceae,Diversispora,VTX00062,1,Fungi,Glomeromycota,Glomeromycetes,Diversisporales,Diversisporaceae,Diversispora,sp,0.6,Highly|_Probable,arbuscular_mycorrhizal,root-associated,Glomeromycota,Diversisporaceae,Diversispora,yes,yes,yes,primer
Diversispora_aestuarii_P4-bc1062-1485-s230_STFP_ASV2596,Diversispora_aestuarii_P4-bc1062-1485-s230_STFP_ASV2596_CCAMF,Diversispora,aestuarii,P4-bc1062-1485-s230,STFP,CCAMF,ASV2596,Fungi,Mucoromycota,Glomeromycetes,Diversisporales,Diversisporaceae,Diversispora,VTX00062,0.9,Fungi,Glomeromycota,Glomeromycetes,Diversisporales,Diversisporaceae,Diversispora,sp,0.6,Highly|_Probable,arbuscular_mycorrhizal,root-associated,Glomeromycota,Diversisporaceae,Diversispora,yes,yes,yes,primer
Diversispora_aestuarii_P4-bc1062-1485-s390_STFP_ASV2583,Diversispora_aestuarii_P4-bc1062-1485-s390_STFP_ASV2583_CCAMF,Diversispora,aestuarii,P4-bc1062-1485-s390,STFP,CCAMF,ASV2583,Fungi,Mucoromycota,Glomeromycetes,Diversisporales,Diversisporaceae,Diversispora,VTX00062,0.9,Fungi,Glomeromycota,Glomeromycetes,Diversisporales,Diversisporaceae,Diversispora,sp,0.7,Highly|_Probable,arbuscular_mycorrhizal,root-associated,Glomeromycota,Diversisporaceae,Diversispora,yes,yes,yes,primer
Diversispora_aestuarii_P4-bc1062-1485-s478_STFP_ASV2595,Diversispora_aestuarii_P4-bc1062-1485-s478_STFP_ASV2595_CCAMF,Diversispora,aestuarii,P4-bc1062-1485-s478,STFP,CCAMF,ASV2595,Fungi,Mucoromycota,Glomeromycetes,Diversisporales,Diversisporaceae,Diversispora,VTX00062,1,Fungi,Glomeromycota,Glomeromycetes,Diversisporales,Diversisporaceae,Diversispora,sp,0.6,Highly|_Probable,arbuscular_mycorrhizal,root-associated,Glomeromycota,Diversisporaceae,Diversispora,yes,yes,yes,primer
Diversispora_aestuarii_P4-bc1062-1485-s534_STFP_ASV2586,Diversispora_aestuarii_P4-bc1062-1485-s534_STFP_ASV2586_CCAMF,Diversispora,aestuarii,P4-bc1062-1485-s534,STFP,CCAMF,ASV2586,Fungi,Mucoromycota,Glomeromycetes,Diversisporales,Diversisporaceae,Diversispora,VTX00062,0.9,Fungi,Glomeromycota,Glomeromycetes,Diversisporales,Diversisporaceae,Diversispora,sp,0.7,Highly|_Probable,arbuscular_mycorrhizal,root-associated,Glomeromycota,Diversisporaceae,Diversispora,yes,yes,yes,primer
Diversispora_aestuarii_P4-bc1062-1485-s656_STFP_ASV2584,Diversispora_aestuarii_P4-bc1062-1485-s656_STFP_ASV2584_CCAMF,Diversispora,aestuarii,P4-bc1062-1485-s656,STFP,CCAMF,ASV2584,Fungi,Mucoromycota,Glomeromycetes,Diversisporales,Diversisporaceae,Diversispora,VTX00062,0.9,Fungi,Glomeromycota,Glomeromycetes,Diversisporales,Diversisporaceae,Diversispora,sp,0.7,Highly|_Probable,arbuscular_mycorrhizal,root-associated,Glomeromycota,Diversisporaceae,Diversispora,yes,yes,yes,primer
Diversispora_aestuarii_P4-bc1062-1485-s954_STFP_ASV2591,Diversispora_aestuarii_P4-bc1062-1485-s954_STFP_ASV2591_CCAMF,Diversispora,aestuarii,P4-bc1062-1485-s954,STFP,CCAMF,ASV2591,Fungi,Mucoromycota,Glomeromycetes,Diversisporales,Diversisporaceae,Diversispora,VTX00062,0.9,Fungi,Glomeromycota,Glomeromycetes,Diversisporales,Diversisporaceae,Diversispora,sp,0.6,Highly|_Probable,arbuscular_mycorrhizal,root-associated,Glomeromycota,Diversisporaceae,Diversispora,yes,yes,yes,primer
Diversispora_aestuarii_P4-bc1062-1485-s957_STFP_ASV2590,Diversispora_aestuarii_P4-bc1062-1485-s957_STFP_ASV2590_CCAMF,Diversispora,aestuarii,P4-bc1062-1485-s957,STFP,CCAMF,ASV2590,Fungi,Mucoromycota,Glomeromycetes,Diversisporales,Diversisporaceae,Diversispora,VTX00062,0.9,Fungi,Glomeromycota,Glomeromycetes,Diversisporales,Diversisporaceae,Diversispora,sp,0.7,Highly|_Probable,arbuscular_mycorrhizal,root-associated,Glomeromycota,Diversisporaceae,Diversispora,yes,yes,yes,primer
Diversispora_varaderana_P4-bc1063-1521-s1076_STFP_ASV2577,Diversispora_varaderana_P4-bc1063-1521-s1076_STFP_ASV2577_CCAMF,Diversispora,varaderana,P4-bc1063-1521-s1076,STFP,CCAMF,ASV2577,Fungi,Mucoromycota,Glomeromycetes,Diversisporales,Diversisporaceae,Diversispora,VTX00062,0.9,Fungi,Glomeromycota,Glomeromycetes,Diversisporales,Diversisporaceae,Diversispora,sp,0.6,Highly|_Probable,arbuscular_mycorrhizal,root-associated,Glomeromycota,Diversisporaceae,Diversispora,yes,yes,yes,primer
Diversispora_varaderana_P4-bc1063-1521-s1098_STFP_ASV2028,Diversispora_varaderana_P4-bc1063-1521-s1098_STFP_ASV2028_CCAMF,Diversispora,varaderana,P4-bc1063-1521-s1098,STFP,CCAMF,ASV2028,Fungi,Mucoromycota,Glomeromycetes,Diversisporales,Diversisporaceae,Diversispora,VTX00062,0.9,Fungi,Glomeromycota,Glomeromycetes,Diversisporales,Diversisporaceae,Diversispora,sp,0.7,Highly|_Probable,arbuscular_mycorrhizal,root-associated,Glomeromycota,Diversisporaceae,Diversispora,yes,yes,yes,primer
Diversispora_varaderana_P4-bc1063-1521-s11021_STFP_ASV2039,Diversispora_varaderana_P4-bc1063-1521-s11021_STFP_ASV2039_CCAMF,Diversispora,varaderana,P4-bc1063-1521-s11021,STFP,CCAMF,ASV2039,Fungi,Mucoromycota,Glomeromycetes,Diversisporales,Diversisporaceae,Diversispora,VTX00062,0.9,Fungi,Glomeromycota,Glomeromycetes,Diversisporales,Diversisporaceae,Diversispora,sp,0.6,Highly|_Probable,arbuscular_mycorrhizal,root-associated,Glomeromycota,Diversisporaceae,Diversispora,yes,yes,yes,primer
Diversispora_varaderana_P4-bc1063-1521-s1318_STFP_ASV2090,Diversispora_varaderana_P4-bc1063-1521-s1318_STFP_ASV2090_CCAMF,Diversispora,varaderana,P4-bc1063-1521-s1318,STFP,CCAMF,ASV2090,Fungi,Mucoromycota,Glomeromycetes,Diversisporales,Diversisporaceae,Diversispora,VTX00062,0.9,Fungi,Glomeromycota,Glomeromycetes,Diversisporales,Diversisporaceae,Diversispora,NA,0.8,Highly|_Probable,arbuscular_mycorrhizal,root-associated,Glomeromycota,Diversisporaceae,Diversispora,yes,yes,yes,primer
Diversispora_varaderana_P4-bc1063-1521-s382_STFP_ASV2034,Diversispora_varaderana_P4-bc1063-1521-s382_STFP_ASV2034_CCAMF,Diversispora,varaderana,P4-bc1063-1521-s382,STFP,CCAMF,ASV2034,Fungi,Mucoromycota,Glomeromycetes,Diversisporales,Diversisporaceae,Diversispora,VTX00062,0.9,Fungi,Glomeromycota,Glomeromycetes,Diversisporales,Diversisporaceae,Diversispora,sp,0.6,Highly|_Probable,arbuscular_mycorrhizal,root-associated,Glomeromycota,Diversisporaceae,Diversispora,yes,yes,yes,primer
Diversispora_varaderana_P4-bc1063-1521-s889_STFP_ASV2567,Diversispora_varaderana_P4-bc1063-1521-s889_STFP_ASV2567_CCAMF,Diversispora,varaderana,P4-bc1063-1521-s889,STFP,CCAMF,ASV2567,Fungi,Mucoromycota,Glomeromycetes,Diversisporales,Diversisporaceae,Diversispora,VTX00062,0.9,Fungi,Glomeromycota,Glomeromycetes,Diversisporales,Diversisporaceae,Diversispora,NA,0.9,Highly|_Probable,arbuscular_mycorrhizal,root-associated,Glomeromycota,Diversisporaceae,Diversispora,yes,yes,yes,primer
Diversispora_varaderana_P4-bc1063-1521-s900_STFP_ASV2566,Diversispora_varaderana_P4-bc1063-1521-s900_STFP_ASV2566_CCAMF,Diversispora,varaderana,P4-bc1063-1521-s900,STFP,CCAMF,ASV2566,Fungi,Mucoromycota,Glomeromycetes,Diversisporales,Diversisporaceae,Diversispora,VTX00062,0.9,Fungi,Glomeromycota,Glomeromycetes,Diversisporales,Diversisporaceae,Diversispora,NA,0.8,Highly|_Probable,arbuscular_mycorrhizal,root-associated,Glomeromycota,Diversisporaceae,Diversispora,yes,yes,yes,primer
Diversispora_varaderana_P4-bc1063-1521-s938_STFP_ASV2572,Diversispora_varaderana_P4-bc1063-1521-s938_STFP_ASV2572_CCAMF,Diversispora,varaderana,P4-bc1063-1521-s938,STFP,CCAMF,ASV2572,Fungi,Mucoromycota,Glomeromycetes,Diversisporales,Diversisporaceae,Diversispora,VTX00062,0.9,Fungi,Glomeromycota,Glomeromycetes,Diversisporales,Diversisporaceae,Diversispora,sp,0.6,Highly|_Probable,arbuscular_mycorrhizal,root-associated,Glomeromycota,Diversisporaceae,Diversispora,yes,yes,yes,primer
Sclerocystis_sinuosa_P4-bc1068-SPU-9-1-1-MT106-2767A-s1384_STFI_ASV2082,Sclerocystis_sinuosa_P4-bc1068-SPU-9-1-1-MT106-2767A-s1384_STFI_ASV2082_CCAMF,Sclerocystis,sinuosa,P4-bc1068-SPU-9-1-1-MT106-2767A-s1384,STFI,CCAMF,ASV2082,Fungi,Mucoromycota,Glomeromycetes,Glomerales,Glomeraceae,Glomus,VTX00069,1,Fungi,Glomeromycota,Glomeromycetes,Glomerales,Glomeraceae,NA,NA,1,Highly|_Probable,NA,NA,Glomeromycota,Sclerocystaceae_Kamienskiaceae,Sclerocystis,yes,yes,yes,primer
Sclerocystis_sinuosa_P4-bc1068-SPU-9-1-1-MT106-2767A-s5062_STFI_ASV2051,Sclerocystis_sinuosa_P4-bc1068-SPU-9-1-1-MT106-2767A-s5062_STFI_ASV2051_CCAMF,Sclerocystis,sinuosa,P4-bc1068-SPU-9-1-1-MT106-2767A-s5062,STFI,CCAMF,ASV2051,Fungi,Mucoromycota,Glomeromycetes,Glomerales,Glomeraceae,Glomus,VTX00069,1,Fungi,Glomeromycota,Glomeromycetes,Glomerales,Glomeraceae,NA,NA,1,Highly|_Probable,NA,NA,Glomeromycota,Sclerocystaceae_Kamienskiaceae,Sclerocystis,yes,yes,yes,primer
Sclerocystis_sinuosa_P4-bc1069-SPU-9-1-3-MT106-2767A-s1165_STFI_ASV2051,Sclerocystis_sinuosa_P4-bc1069-SPU-9-1-3-MT106-2767A-s1165_STFI_ASV2051_CCAMF,Sclerocystis,sinuosa,P4-bc1069-SPU-9-1-3-MT106-2767A-s1165,STFI,CCAMF,ASV2051,Fungi,Mucoromycota,Glomeromycetes,Glomerales,Glomeraceae,Glomus,VTX00069,1,Fungi,Glomeromycota,Glomeromycetes,Glomerales,Glomeraceae,NA,NA,1,Highly|_Probable,NA,NA,Glomeromycota,Sclerocystaceae_Kamienskiaceae,Sclerocystis,yes,yes,yes,primer
Sclerocystis_sinuosa_P4-bc1069-SPU-9-1-3-MT106-2767A-s421_STFI_ASV2082,Sclerocystis_sinuosa_P4-bc1069-SPU-9-1-3-MT106-2767A-s421_STFI_ASV2082_CCAMF,Sclerocystis,sinuosa,P4-bc1069-SPU-9-1-3-MT106-2767A-s421,STFI,CCAMF,ASV2082,Fungi,Mucoromycota,Glomeromycetes,Glomerales,Glomeraceae,Glomus,VTX00069,1,Fungi,Glomeromycota,Glomeromycetes,Glomerales,Glomeraceae,NA,NA,1,Highly|_Probable,NA,NA,Glomeromycota,Sclerocystaceae_Kamienskiaceae,Sclerocystis,yes,yes,yes,primer
Sclerocystis_sinuosa_P4-bc1069-SPU-9-1-3-MT106-2767A-s618_STFI_ASV2131,Sclerocystis_sinuosa_P4-bc1069-SPU-9-1-3-MT106-2767A-s618_STFI_ASV2131_CCAMF,Sclerocystis,sinuosa,P4-bc1069-SPU-9-1-3-MT106-2767A-s618,STFI,CCAMF,ASV2131,Fungi,Mucoromycota,Glomeromycetes,Glomerales,Glomeraceae,Glomus,VTX00069,1,Fungi,Glomeromycota,Glomeromycetes,Glomerales,Glomeraceae,NA,NA,1,Highly|_Probable,NA,NA,Glomeromycota,Sclerocystaceae_Kamienskiaceae,Sclerocystis,yes,yes,yes,primer
Rhizophagus_irregularis_P4-bc1070-SPU-8-1-23-197198-s1322_STFI_ASV2015,Rhizophagus_irregularis_P4-bc1070-SPU-8-1-23-197198-s1322_STFI_ASV2015_CCAMF,Rhizophagus,irregularis,P4-bc1070-SPU-8-1-23-197198-s1322,STFI,CCAMF,ASV2015,Fungi,Mucoromycota,Glomeromycetes,Glomerales,Glomeraceae,Glomus,VTX00114,0.8,Fungi,Glomeromycota,Glomeromycetes,Glomerales,Glomeraceae,NA,NA,0.7,Highly|_Probable,NA,NA,Glomeromycota,Sclerocystaceae_Kamienskiaceae,Rhizophagus,yes,yes,yes,primer
Rhizophagus_irregularis_P4-bc1070-SPU-8-1-23-197198-s292_STFI_ASV2000,Rhizophagus_irregularis_P4-bc1070-SPU-8-1-23-197198-s292_STFI_ASV2000_CCAMF,Rhizophagus,irregularis,P4-bc1070-SPU-8-1-23-197198-s292,STFI,CCAMF,ASV2000,Fungi,Mucoromycota,Glomeromycetes,Glomerales,Glomeraceae,Glomus,VTX00114,0.8,Fungi,Glomeromycota,Glomeromycetes,Glomerales,Glomeraceae,Rhizophagus,irregularis,0.7,Highly|_Probable,arbuscular_mycorrhizal,root-associated,Glomeromycota,Sclerocystaceae_Kamienskiaceae,Rhizophagus,yes,yes,yes,primer
Rhizophagus_irregularis_P4-bc1070-SPU-8-1-23-197198-s405_STFI_ASV2052,Rhizophagus_irregularis_P4-bc1070-SPU-8-1-23-197198-s405_STFI_ASV2052_CCAMF,Rhizophagus,irregularis,P4-bc1070-SPU-8-1-23-197198-s405,STFI,CCAMF,ASV2052,Fungi,Mucoromycota,Glomeromycetes,Glomerales,Glomeraceae,Glomus,VTX00114,0.8,Fungi,Glomeromycota,Glomeromycetes,Glomerales,Glomeraceae,NA,NA,0.7,Highly|_Probable,NA,NA,Glomeromycota,Sclerocystaceae_Kamienskiaceae,Rhizophagus,yes,yes,yes,primer
Rhizophagus_irregularis_P4-bc1070-SPU-8-1-23-197198-s461_STFI_ASV2030,Rhizophagus_irregularis_P4-bc1070-SPU-8-1-23-197198-s461_STFI_ASV2030_CCAMF,Rhizophagus,irregularis,P4-bc1070-SPU-8-1-23-197198-s461,STFI,CCAMF,ASV2030,Fungi,Mucoromycota,Glomeromycetes,Glomerales,Glomeraceae,Glomus,VTX00114,0.8,Fungi,Glomeromycota,Glomeromycetes,Glomerales,Glomeraceae,NA,NA,0.7,Highly|_Probable,NA,NA,Glomeromycota,Sclerocystaceae_Kamienskiaceae,Rhizophagus,yes,yes,yes,primer
Rhizophagus_irregularis_P4-bc1071-SPU-8-2-16-197198-s219_STFI_ASV2063,Rhizophagus_irregularis_P4-bc1071-SPU-8-2-16-197198-s219_STFI_ASV2063_CCAMF,Rhizophagus,irregularis,P4-bc1071-SPU-8-2-16-197198-s219,STFI,CCAMF,ASV2063,Fungi,Mucoromycota,Glomeromycetes,Glomerales,Glomeraceae,Glomus,VTX00114,0.8,Fungi,Glomeromycota,Glomeromycetes,Glomerales,Glomeraceae,NA,NA,0.7,Highly|_Probable,NA,NA,Glomeromycota,Sclerocystaceae_Kamienskiaceae,Rhizophagus,yes,yes,yes,primer
Rhizophagus_irregularis_P4-bc1071-SPU-8-2-16-197198-s485_STFI_ASV2030,Rhizophagus_irregularis_P4-bc1071-SPU-8-2-16-197198-s485_STFI_ASV2030_CCAMF,Rhizophagus,irregularis,P4-bc1071-SPU-8-2-16-197198-s485,STFI,CCAMF,ASV2030,Fungi,Mucoromycota,Glomeromycetes,Glomerales,Glomeraceae,Glomus,VTX00114,0.8,Fungi,Glomeromycota,Glomeromycetes,Glomerales,Glomeraceae,NA,NA,0.7,Highly|_Probable,NA,NA,Glomeromycota,Sclerocystaceae_Kamienskiaceae,Rhizophagus,yes,yes,yes,primer
Rhizophagus_irregularis_P4-bc1071-SPU-8-2-16-197198-s644_STFI_ASV2015,Rhizophagus_irregularis_P4-bc1071-SPU-8-2-16-197198-s644_STFI_ASV2015_CCAMF,Rhizophagus,irregularis,P4-bc1071-SPU-8-2-16-197198-s644,STFI,CCAMF,ASV2015,Fungi,Mucoromycota,Glomeromycetes,Glomerales,Glomeraceae,Glomus,VTX00114,0.8,Fungi,Glomeromycota,Glomeromycetes,Glomerales,Glomeraceae,NA,NA,0.7,Highly|_Probable,NA,NA,Glomeromycota,Sclerocystaceae_Kamienskiaceae,Rhizophagus,yes,yes,yes,primer
Rhizophagus_irregularis_P4-bc1071-SPU-8-2-16-197198-s85_STFI_ASV2052,Rhizophagus_irregularis_P4-bc1071-SPU-8-2-16-197198-s85_STFI_ASV2052_CCAMF,Rhizophagus,irregularis,P4-bc1071-SPU-8-2-16-197198-s85,STFI,CCAMF,ASV2052,Fungi,Mucoromycota,Glomeromycetes,Glomerales,Glomeraceae,Glomus,VTX00114,0.8,Fungi,Glomeromycota,Glomeromycetes,Glomerales,Glomeraceae,NA,NA,0.7,Highly|_Probable,NA,NA,Glomeromycota,Sclerocystaceae_Kamienskiaceae,Rhizophagus,yes,yes,yes,primer
Rhizophagus_prolifer_P4-bc1076-SPU-5-18-2-SD-5-IVT32-s142_STFI_ASV2140,Rhizophagus_prolifer_P4-bc1076-SPU-5-18-2-SD-5-IVT32-s142_STFI_ASV2140_CCAMF,Rhizophagus,prolifer,P4-bc1076-SPU-5-18-2-SD-5-IVT32-s142,STFI,CCAMF,ASV2140,Fungi,Mucoromycota,Glomeromycetes,Glomerales,Glomeraceae,Glomus,VTX00099,1,Fungi,Glomeromycota,Glomeromycetes,Glomerales,Glomeraceae,NA,NA,0.9,Highly|_Probable,NA,NA,Glomeromycota,Sclerocystaceae_Kamienskiaceae,Rhizophagus,yes,yes,yes,primer
Rhizophagus_prolifer_P4-bc1076-SPU-5-18-2-SD-5-IVT32-s1447_STFI_ASV2026,Rhizophagus_prolifer_P4-bc1076-SPU-5-18-2-SD-5-IVT32-s1447_STFI_ASV2026_CCAMF,Rhizophagus,prolifer,P4-bc1076-SPU-5-18-2-SD-5-IVT32-s1447,STFI,CCAMF,ASV2026,Fungi,Mucoromycota,Glomeromycetes,Glomerales,Glomeraceae,Glomus,VTX00099,1,Fungi,Glomeromycota,Glomeromycetes,Glomerales,Glomeraceae,NA,NA,1,Highly|_Probable,NA,NA,Glomeromycota,Sclerocystaceae_Kamienskiaceae,Rhizophagus,yes,yes,yes,primer
Rhizophagus_prolifer_P4-bc1076-SPU-5-18-2-SD-5-IVT32-s1737_STFI_ASV2074,Rhizophagus_prolifer_P4-bc1076-SPU-5-18-2-SD-5-IVT32-s1737_STFI_ASV2074_CCAMF,Rhizophagus,prolifer,P4-bc1076-SPU-5-18-2-SD-5-IVT32-s1737,STFI,CCAMF,ASV2074,Fungi,Mucoromycota,Glomeromycetes,Glomerales,Glomeraceae,Glomus,VTX00099,1,Fungi,Glomeromycota,Glomeromycetes,Glomerales,Glomeraceae,NA,NA,1,Highly|_Probable,NA,NA,Glomeromycota,Sclerocystaceae_Kamienskiaceae,Rhizophagus,yes,yes,yes,primer
Rhizophagus_prolifer_P4-bc1076-SPU-5-18-2-SD-5-IVT32-s611_STFI_ASV2061,Rhizophagus_prolifer_P4-bc1076-SPU-5-18-2-SD-5-IVT32-s611_STFI_ASV2061_CCAMF,Rhizophagus,prolifer,P4-bc1076-SPU-5-18-2-SD-5-IVT32-s611,STFI,CCAMF,ASV2061,Fungi,Mucoromycota,Glomeromycetes,Glomerales,Glomeraceae,Glomus,VTX00099,1,Fungi,Glomeromycota,Glomeromycetes,Glomerales,Glomeraceae,NA,NA,0.9,Highly|_Probable,NA,NA,Glomeromycota,Sclerocystaceae_Kamienskiaceae,Rhizophagus,yes,yes,yes,primer
Rhizophagus_prolifer_P4-bc1077-SPU-5-18-3-SD-5-IVT32-s1320_STFI_ASV2026,Rhizophagus_prolifer_P4-bc1077-SPU-5-18-3-SD-5-IVT32-s1320_STFI_ASV2026_CCAMF,Rhizophagus,prolifer,P4-bc1077-SPU-5-18-3-SD-5-IVT32-s1320,STFI,CCAMF,ASV2026,Fungi,Mucoromycota,Glomeromycetes,Glomerales,Glomeraceae,Glomus,VTX00099,1,Fungi,Glomeromycota,Glomeromycetes,Glomerales,Glomeraceae,NA,NA,1,Highly|_Probable,NA,NA,Glomeromycota,Sclerocystaceae_Kamienskiaceae,Rhizophagus,yes,yes,yes,primer
Rhizophagus_prolifer_P4-bc1077-SPU-5-18-3-SD-5-IVT32-s1399_STFI_ASV2074,Rhizophagus_prolifer_P4-bc1077-SPU-5-18-3-SD-5-IVT32-s1399_STFI_ASV2074_CCAMF,Rhizophagus,prolifer,P4-bc1077-SPU-5-18-3-SD-5-IVT32-s1399,STFI,CCAMF,ASV2074,Fungi,Mucoromycota,Glomeromycetes,Glomerales,Glomeraceae,Glomus,VTX00099,1,Fungi,Glomeromycota,Glomeromycetes,Glomerales,Glomeraceae,NA,NA,1,Highly|_Probable,NA,NA,Glomeromycota,Sclerocystaceae_Kamienskiaceae,Rhizophagus,yes,yes,yes,primer
Rhizophagus_prolifer_P4-bc1077-SPU-5-18-3-SD-5-IVT32-s236_STFI_ASV2143,Rhizophagus_prolifer_P4-bc1077-SPU-5-18-3-SD-5-IVT32-s236_STFI_ASV2143_CCAMF,Rhizophagus,prolifer,P4-bc1077-SPU-5-18-3-SD-5-IVT32-s236,STFI,CCAMF,ASV2143,Fungi,Mucoromycota,Glomeromycetes,Glomerales,Glomeraceae,Glomus,VTX00099,1,Fungi,Glomeromycota,Glomeromycetes,Glomerales,Glomeraceae,NA,NA,1,Highly|_Probable,NA,NA,Glomeromycota,Sclerocystaceae_Kamienskiaceae,Rhizophagus,yes,yes,yes,primer
Rhizophagus_prolifer_P4-bc1077-SPU-5-18-3-SD-5-IVT32-s280_STFI_ASV2141,Rhizophagus_prolifer_P4-bc1077-SPU-5-18-3-SD-5-IVT32-s280_STFI_ASV2141_CCAMF,Rhizophagus,prolifer,P4-bc1077-SPU-5-18-3-SD-5-IVT32-s280,STFI,CCAMF,ASV2141,Fungi,Mucoromycota,Glomeromycetes,Glomerales,Glomeraceae,Glomus,VTX00099,1,Fungi,Glomeromycota,Glomeromycetes,Glomerales,Glomeraceae,Rhizoglomus,intraradices,0.7,Probable,arbuscular_mycorrhizal,root-associated,Glomeromycota,Sclerocystaceae_Kamienskiaceae,Rhizophagus,yes,yes,yes,primer
Rhizophagus_prolifer_P4-bc1077-SPU-5-18-3-SD-5-IVT32-s694_STFI_ASV2061,Rhizophagus_prolifer_P4-bc1077-SPU-5-18-3-SD-5-IVT32-s694_STFI_ASV2061_CCAMF,Rhizophagus,prolifer,P4-bc1077-SPU-5-18-3-SD-5-IVT32-s694,STFI,CCAMF,ASV2061,Fungi,Mucoromycota,Glomeromycetes,Glomerales,Glomeraceae,Glomus,VTX00099,1,Fungi,Glomeromycota,Glomeromycetes,Glomerales,Glomeraceae,NA,NA,0.9,Highly|_Probable,NA,NA,Glomeromycota,Sclerocystaceae_Kamienskiaceae,Rhizophagus,yes,yes,yes,primer
Rhizophagus_prolifer_P4-bc1077-SPU-5-18-3-SD-5-IVT32-s965_STFI_ASV2142,Rhizophagus_prolifer_P4-bc1077-SPU-5-18-3-SD-5-IVT32-s965_STFI_ASV2142_CCAMF,Rhizophagus,prolifer,P4-bc1077-SPU-5-18-3-SD-5-IVT32-s965,STFI,CCAMF,ASV2142,Fungi,Mucoromycota,Glomeromycetes,Glomerales,Glomeraceae,Glomus,VTX00099,1,Fungi,Glomeromycota,Glomeromycetes,Glomerales,Glomeraceae,NA,NA,1,Highly|_Probable,NA,NA,Glomeromycota,Sclerocystaceae_Kamienskiaceae,Rhizophagus,yes,yes,yes,primer
Rhizophagus_intraradices_P4-bc1080-SPU-5-16-1-KS906-IVT156-s1556_STFI_ASV2040,Rhizophagus_intraradices_P4-bc1080-SPU-5-16-1-KS906-IVT156-s1556_STFI_ASV2040_CCAMF,Rhizophagus,intraradices,P4-bc1080-SPU-5-16-1-KS906-IVT156-s1556,STFI,CCAMF,ASV2040,Fungi,Mucoromycota,Glomeromycetes,Glomerales,Glomeraceae,Glomus,VTX00100,1,Fungi,Glomeromycota,Glomeromycetes,Glomerales,Glomeraceae,NA,NA,0.9,Highly|_Probable,NA,NA,Glomeromycota,Sclerocystaceae_Kamienskiaceae,Rhizophagus,yes,yes,yes,primer
Rhizophagus_intraradices_P4-bc1080-SPU-5-16-1-KS906-IVT156-s2025_STFI_ASV2139,Rhizophagus_intraradices_P4-bc1080-SPU-5-16-1-KS906-IVT156-s2025_STFI_ASV2139_CCAMF,Rhizophagus,intraradices,P4-bc1080-SPU-5-16-1-KS906-IVT156-s2025,STFI,CCAMF,ASV2139,Fungi,Mucoromycota,Glomeromycetes,Glomerales,Glomeraceae,Glomus,VTX00100,0.9,Fungi,Glomeromycota,Glomeromycetes,Glomerales,Glomeraceae,Rhizoglomus,intraradices,0.8,Probable,arbuscular_mycorrhizal,root-associated,Glomeromycota,Sclerocystaceae_Kamienskiaceae,Rhizophagus,yes,yes,yes,primer
Rhizophagus_intraradices_P4-bc1080-SPU-5-16-1-KS906-IVT156-s4057_STFI_ASV2111,Rhizophagus_intraradices_P4-bc1080-SPU-5-16-1-KS906-IVT156-s4057_STFI_ASV2111_CCAMF,Rhizophagus,intraradices,P4-bc1080-SPU-5-16-1-KS906-IVT156-s4057,STFI,CCAMF,ASV2111,Fungi,Mucoromycota,Glomeromycetes,Glomerales,Glomeraceae,Glomus,VTX00100,0.9,Fungi,Glomeromycota,Glomeromycetes,Glomerales,Glomeraceae,Rhizoglomus,intraradices,0.8,Probable,arbuscular_mycorrhizal,root-associated,Glomeromycota,Sclerocystaceae_Kamienskiaceae,Rhizophagus,yes,yes,yes,primer
Rhizophagus_intraradices_P4-bc1080-SPU-5-16-1-KS906-IVT156-s7829_STFI_ASV2018,Rhizophagus_intraradices_P4-bc1080-SPU-5-16-1-KS906-IVT156-s7829_STFI_ASV2018_CCAMF,Rhizophagus,intraradices,P4-bc1080-SPU-5-16-1-KS906-IVT156-s7829,STFI,CCAMF,ASV2018,Fungi,Mucoromycota,Glomeromycetes,Glomerales,Glomeraceae,Glomus,VTX00100,0.9,Fungi,Glomeromycota,Glomeromycetes,Glomerales,Glomeraceae,Rhizoglomus,intraradices,0.8,Probable,arbuscular_mycorrhizal,root-associated,Glomeromycota,Sclerocystaceae_Kamienskiaceae,Rhizophagus,yes,yes,yes,primer
Paraglomus_laccatum_P4-bc1083-SPU-5-13-1-CW0010-4009B-s1001_STFI_ASV2116,Paraglomus_laccatum_P4-bc1083-SPU-5-13-1-CW0010-4009B-s1001_STFI_ASV2116_CCAMF,Paraglomus,laccatum,P4-bc1083-SPU-5-13-1-CW0010-4009B-s1001,STFI,CCAMF,ASV2116,Fungi,Mucoromycota,Paraglomeromycetes,Paraglomerales,Paraglomeraceae,Paraglomus,VTX00281,1,Fungi,Glomeromycota,Paraglomeromycetes,Paraglomerales,Paraglomeraceae,Paraglomus,laccatum,0.6,Highly|_Probable,arbuscular_mycorrhizal,root-associated,Glomeromycota,Paraglomeraceae,Paraglomus,yes,yes,yes,primer
Paraglomus_laccatum_P4-bc1083-SPU-5-13-1-CW0010-4009B-s15657_STFI_ASV2115,Paraglomus_laccatum_P4-bc1083-SPU-5-13-1-CW0010-4009B-s15657_STFI_ASV2115_CCAMF,Paraglomus,laccatum,P4-bc1083-SPU-5-13-1-CW0010-4009B-s15657,STFI,CCAMF,ASV2115,Fungi,Mucoromycota,Paraglomeromycetes,Paraglomerales,Paraglomeraceae,Paraglomus,VTX00281,1,Fungi,Glomeromycota,Paraglomeromycetes,Paraglomerales,Paraglomeraceae,Paraglomus,laccatum,0.6,Highly|_Probable,arbuscular_mycorrhizal,root-associated,Glomeromycota,Paraglomeraceae,Paraglomus,yes,yes,yes,primer
Paraglomus_laccatum_P4-bc1083-SPU-5-13-1-CW0010-4009B-s1630_STFI_ASV2113,Paraglomus_laccatum_P4-bc1083-SPU-5-13-1-CW0010-4009B-s1630_STFI_ASV2113_CCAMF,Paraglomus,laccatum,P4-bc1083-SPU-5-13-1-CW0010-4009B-s1630,STFI,CCAMF,ASV2113,Fungi,Mucoromycota,Paraglomeromycetes,Paraglomerales,Paraglomeraceae,Paraglomus,VTX00281,1,Fungi,Glomeromycota,Paraglomeromycetes,Paraglomerales,Paraglomeraceae,Paraglomus,laccatum,0.6,Highly|_Probable,arbuscular_mycorrhizal,root-associated,Glomeromycota,Paraglomeraceae,Paraglomus,yes,yes,yes,primer
Paraglomus_laccatum_P4-bc1083-SPU-5-13-1-CW0010-4009B-s2483_STFI_ASV2112,Paraglomus_laccatum_P4-bc1083-SPU-5-13-1-CW0010-4009B-s2483_STFI_ASV2112_CCAMF,Paraglomus,laccatum,P4-bc1083-SPU-5-13-1-CW0010-4009B-s2483,STFI,CCAMF,ASV2112,Fungi,Mucoromycota,Paraglomeromycetes,Paraglomerales,Paraglomeraceae,Paraglomus,VTX00281,1,Fungi,Glomeromycota,Paraglomeromycetes,Paraglomerales,Paraglomeraceae,Paraglomus,laccatum,0.6,Highly|_Probable,arbuscular_mycorrhizal,root-associated,Glomeromycota,Paraglomeraceae,Paraglomus,yes,yes,yes,primer
Paraglomus_laccatum_P4-bc1083-SPU-5-13-1-CW0010-4009B-s802_STFI_ASV2114,Paraglomus_laccatum_P4-bc1083-SPU-5-13-1-CW0010-4009B-s802_STFI_ASV2114_CCAMF,Paraglomus,laccatum,P4-bc1083-SPU-5-13-1-CW0010-4009B-s802,STFI,CCAMF,ASV2114,Fungi,Mucoromycota,Paraglomeromycetes,Paraglomerales,Paraglomeraceae,Paraglomus,VTX00281,1,Fungi,Glomeromycota,Paraglomeromycetes,Paraglomerales,Paraglomeraceae,Paraglomus,laccatum,0.6,Highly|_Probable,arbuscular_mycorrhizal,root-associated,Glomeromycota,Paraglomeraceae,Paraglomus,yes,yes,yes,primer
Glomus_tetrastratosum_P4-bc1084-SPU-5-12-3-5094-2349C-s100_STFI_ASV2144,Glomus_tetrastratosum_P4-bc1084-SPU-5-12-3-5094-2349C-s100_STFI_ASV2144_CCAMF,Glomus,tetrastratosum,P4-bc1084-SPU-5-12-3-5094-2349C-s100,STFI,CCAMF,ASV2144,Fungi,Mucoromycota,Glomeromycetes,Glomerales,Glomeraceae,Glomus,VTX00199,1,Fungi,Glomeromycota,Glomeromycetes,Glomerales,Glomeraceae,Glomus,NA,0.8,Highly|_Probable,arbuscular_mycorrhizal,root-associated,Glomeromycota,Glomeraceae,Glomus,yes,yes,yes,primer
Glomus_tetrastratosum_P4-bc1084-SPU-5-12-3-5094-2349C-s138-1_STFI_ASV2092,Glomus_tetrastratosum_P4-bc1084-SPU-5-12-3-5094-2349C-s138-1_STFI_ASV2092_CCAMF,Glomus,tetrastratosum,P4-bc1084-SPU-5-12-3-5094-2349C-s138-1,STFI,CCAMF,ASV2092,Fungi,Mucoromycota,Glomeromycetes,Glomerales,Glomeraceae,Glomus,VTX00199,1,Fungi,Glomeromycota,Glomeromycetes,Glomerales,Glomeraceae,NA,NA,0.667,Highly|_Probable,NA,NA,Glomeromycota,Glomeraceae,Glomus,yes,yes,yes,primer
Glomus_tetrastratosum_P4-bc1084-SPU-5-12-3-5094-2349C-s138-2_STFI_ASV2146,Glomus_tetrastratosum_P4-bc1084-SPU-5-12-3-5094-2349C-s138-2_STFI_ASV2146_CCAMF,Glomus,tetrastratosum,P4-bc1084-SPU-5-12-3-5094-2349C-s138-2,STFI,CCAMF,ASV2146,Fungi,Mucoromycota,Glomeromycetes,Glomerales,Glomeraceae,Glomus,VTX00199,1,Fungi,Glomeromycota,Glomeromycetes,Glomerales,Glomeraceae,Glomus,NA,0.8,Highly|_Probable,arbuscular_mycorrhizal,root-associated,Glomeromycota,Glomeraceae,Glomus,yes,yes,yes,primer
Glomus_tetrastratosum_P4-bc1084-SPU-5-12-3-5094-2349C-s148_STFI_ASV2147,Glomus_tetrastratosum_P4-bc1084-SPU-5-12-3-5094-2349C-s148_STFI_ASV2147_CCAMF,Glomus,tetrastratosum,P4-bc1084-SPU-5-12-3-5094-2349C-s148,STFI,CCAMF,ASV2147,Fungi,Mucoromycota,Glomeromycetes,Glomerales,Glomeraceae,Glomus,VTX00199,1,Fungi,Glomeromycota,Glomeromycetes,Glomerales,Glomeraceae,Glomus,NA,0.8,Highly|_Probable,arbuscular_mycorrhizal,root-associated,Glomeromycota,Glomeraceae,Glomus,yes,yes,yes,primer
Glomus_tetrastratosum_P4-bc1084-SPU-5-12-3-5094-2349C-s351_STFI_ASV2011,Glomus_tetrastratosum_P4-bc1084-SPU-5-12-3-5094-2349C-s351_STFI_ASV2011_CCAMF,Glomus,tetrastratosum,P4-bc1084-SPU-5-12-3-5094-2349C-s351,STFI,CCAMF,ASV2011,Fungi,Mucoromycota,Glomeromycetes,Glomerales,Glomeraceae,Glomus,VTX00199,1,Fungi,Glomeromycota,Glomeromycetes,Glomerales,Glomeraceae,Glomus,NA,0.8,Highly|_Probable,arbuscular_mycorrhizal,root-associated,Glomeromycota,Glomeraceae,Glomus,yes,yes,yes,primer
Glomus_tetrastratosum_P4-bc1084-SPU-5-12-3-5094-2349C-s654_STFI_ASV2003,Glomus_tetrastratosum_P4-bc1084-SPU-5-12-3-5094-2349C-s654_STFI_ASV2003_CCAMF,Glomus,tetrastratosum,P4-bc1084-SPU-5-12-3-5094-2349C-s654,STFI,CCAMF,ASV2003,Fungi,Mucoromycota,Glomeromycetes,Glomerales,Glomeraceae,Glomus,VTX00199,1,Fungi,Glomeromycota,Glomeromycetes,Glomerales,Glomeraceae,Glomus,NA,0.8,Highly|_Probable,arbuscular_mycorrhizal,root-associated,Glomeromycota,Glomeraceae,Glomus,yes,yes,yes,primer
Glomus_tetrastratosum_P4-bc1084-SPU-5-12-3-5094-2349C-s94_STFI_ASV2145,Glomus_tetrastratosum_P4-bc1084-SPU-5-12-3-5094-2349C-s94_STFI_ASV2145_CCAMF,Glomus,tetrastratosum,P4-bc1084-SPU-5-12-3-5094-2349C-s94,STFI,CCAMF,ASV2145,Fungi,Mucoromycota,Glomeromycetes,Glomerales,Glomeraceae,Glomus,VTX00199,1,Fungi,Glomeromycota,Glomeromycetes,Glomerales,Glomeraceae,Glomus,NA,0.8,Highly|_Probable,arbuscular_mycorrhizal,root-associated,Glomeromycota,Glomeraceae,Glomus,yes,yes,yes,primer
Diversispora_spurca_P4-bc1086-SPU-5-6-2-CW0006-4005B-s146_STFI_ASV2119,Diversispora_spurca_P4-bc1086-SPU-5-6-2-CW0006-4005B-s146_STFI_ASV2119_CCAMF,Diversispora,spurca,P4-bc1086-SPU-5-6-2-CW0006-4005B-s146,STFI,CCAMF,ASV2119,Fungi,Mucoromycota,Glomeromycetes,Diversisporales,Diversisporaceae,Diversispora,NA,1,Fungi,Glomeromycota,Glomeromycetes,Diversisporales,Diversisporaceae,Diversispora,NA,1,Highly|_Probable,arbuscular_mycorrhizal,root-associated,Glomeromycota,Diversisporaceae,Diversispora,yes,yes,yes,primer
Diversispora_spurca_P4-bc1086-SPU-5-6-2-CW0006-4005B-s332_STFI_ASV2105,Diversispora_spurca_P4-bc1086-SPU-5-6-2-CW0006-4005B-s332_STFI_ASV2105_CCAMF,Diversispora,spurca,P4-bc1086-SPU-5-6-2-CW0006-4005B-s332,STFI,CCAMF,ASV2105,Fungi,Mucoromycota,Glomeromycetes,Diversisporales,Diversisporaceae,Diversispora,NA,1,Fungi,Glomeromycota,Glomeromycetes,Diversisporales,Diversisporaceae,Diversispora,NA,1,Highly|_Probable,arbuscular_mycorrhizal,root-associated,Glomeromycota,Diversisporaceae,Diversispora,yes,yes,yes,primer
Diversispora_spurca_P4-bc1086-SPU-5-6-2-CW0006-4005B-s37_STFI_ASV2008,Diversispora_spurca_P4-bc1086-SPU-5-6-2-CW0006-4005B-s37_STFI_ASV2008_CCAMF,Diversispora,spurca,P4-bc1086-SPU-5-6-2-CW0006-4005B-s37,STFI,CCAMF,ASV2008,Fungi,Mucoromycota,Glomeromycetes,Diversisporales,Diversisporaceae,Diversispora,NA,1,Fungi,Glomeromycota,Glomeromycetes,Diversisporales,Diversisporaceae,Diversispora,NA,1,Highly|_Probable,arbuscular_mycorrhizal,root-associated,Glomeromycota,Diversisporaceae,Diversispora,yes,yes,yes,primer
Diversispora_spurca_P4-bc1087-SPU-5-6-3-CW0006-4005B-s181_STFI_ASV2118,Diversispora_spurca_P4-bc1087-SPU-5-6-3-CW0006-4005B-s181_STFI_ASV2118_CCAMF,Diversispora,spurca,P4-bc1087-SPU-5-6-3-CW0006-4005B-s181,STFI,CCAMF,ASV2118,Fungi,Mucoromycota,Glomeromycetes,Diversisporales,Diversisporaceae,Diversispora,NA,1,Fungi,Glomeromycota,Glomeromycetes,Diversisporales,Diversisporaceae,Diversispora,NA,1,Highly|_Probable,arbuscular_mycorrhizal,root-associated,Glomeromycota,Diversisporaceae,Diversispora,yes,yes,yes,primer
Diversispora_spurca_P4-bc1087-SPU-5-6-3-CW0006-4005B-s184_STFI_ASV2117,Diversispora_spurca_P4-bc1087-SPU-5-6-3-CW0006-4005B-s184_STFI_ASV2117_CCAMF,Diversispora,spurca,P4-bc1087-SPU-5-6-3-CW0006-4005B-s184,STFI,CCAMF,ASV2117,Fungi,Mucoromycota,Glomeromycetes,Diversisporales,Diversisporaceae,Diversispora,NA,1,Fungi,Glomeromycota,Glomeromycetes,Diversisporales,Diversisporaceae,Diversispora,NA,1,Highly|_Probable,arbuscular_mycorrhizal,root-associated,Glomeromycota,Diversisporaceae,Diversispora,yes,yes,yes,primer
Diversispora_spurca_P4-bc1087-SPU-5-6-3-CW0006-4005B-s194_STFI_ASV2120,Diversispora_spurca_P4-bc1087-SPU-5-6-3-CW0006-4005B-s194_STFI_ASV2120_CCAMF,Diversispora,spurca,P4-bc1087-SPU-5-6-3-CW0006-4005B-s194,STFI,CCAMF,ASV2120,Fungi,Mucoromycota,Glomeromycetes,Diversisporales,Diversisporaceae,Diversispora,NA,1,Fungi,Glomeromycota,Glomeromycetes,Diversisporales,Diversisporaceae,Diversispora,NA,1,Highly|_Probable,arbuscular_mycorrhizal,root-associated,Glomeromycota,Diversisporaceae,Diversispora,yes,yes,yes,primer
Diversispora_spurca_P4-bc1087-SPU-5-6-3-CW0006-4005B-s284_STFI_ASV2105,Diversispora_spurca_P4-bc1087-SPU-5-6-3-CW0006-4005B-s284_STFI_ASV2105_CCAMF,Diversispora,spurca,P4-bc1087-SPU-5-6-3-CW0006-4005B-s284,STFI,CCAMF,ASV2105,Fungi,Mucoromycota,Glomeromycetes,Diversisporales,Diversisporaceae,Diversispora,NA,1,Fungi,Glomeromycota,Glomeromycetes,Diversisporales,Diversisporaceae,Diversispora,NA,1,Highly|_Probable,arbuscular_mycorrhizal,root-associated,Glomeromycota,Diversisporaceae,Diversispora,yes,yes,yes,primer
Diversispora_spurca_P4-bc1087-SPU-5-6-3-CW0006-4005B-s3099_STFI_ASV2008,Diversispora_spurca_P4-bc1087-SPU-5-6-3-CW0006-4005B-s3099_STFI_ASV2008_CCAMF,Diversispora,spurca,P4-bc1087-SPU-5-6-3-CW0006-4005B-s3099,STFI,CCAMF,ASV2008,Fungi,Mucoromycota,Glomeromycetes,Diversisporales,Diversisporaceae,Diversispora,NA,1,Fungi,Glomeromycota,Glomeromycetes,Diversisporales,Diversisporaceae,Diversispora,NA,1,Highly|_Probable,arbuscular_mycorrhizal,root-associated,Glomeromycota,Diversisporaceae,Diversispora,yes,yes,yes,primer
Diversispora_spurca_P4-bc1087-SPU-5-6-3-CW0006-4005B-s5050_STFI_ASV2105,Diversispora_spurca_P4-bc1087-SPU-5-6-3-CW0006-4005B-s5050_STFI_ASV2105_CCAMF,Diversispora,spurca,P4-bc1087-SPU-5-6-3-CW0006-4005B-s5050,STFI,CCAMF,ASV2105,Fungi,Mucoromycota,Glomeromycetes,Diversisporales,Diversisporaceae,Diversispora,NA,1,Fungi,Glomeromycota,Glomeromycetes,Diversisporales,Diversisporaceae,Diversispora,NA,1,Highly|_Probable,arbuscular_mycorrhizal,root-associated,Glomeromycota,Diversisporaceae,Diversispora,yes,yes,yes,primer
Diversispora_spurca_P4-bc1087-SPU-5-6-3-CW0006-4005B-s943_STFI_ASV2100,Diversispora_spurca_P4-bc1087-SPU-5-6-3-CW0006-4005B-s943_STFI_ASV2100_CCAMF,Diversispora,spurca,P4-bc1087-SPU-5-6-3-CW0006-4005B-s943,STFI,CCAMF,ASV2100,Fungi,Mucoromycota,Glomeromycetes,Diversisporales,Diversisporaceae,Diversispora,NA,1,Fungi,Glomeromycota,Glomeromycetes,Diversisporales,Diversisporaceae,Diversispora,NA,1,Highly|_Probable,arbuscular_mycorrhizal,root-associated,Glomeromycota,Diversisporaceae,Diversispora,yes,yes,yes,primer
Septoglomus_turnauae_P4-bc1088-SPU-5-5-1-Blasz-12-2272D-s1052_STFI_ASV2156,Septoglomus_turnauae_P4-bc1088-SPU-5-5-1-Blasz-12-2272D-s1052_STFI_ASV2156_CCAMF,Septoglomus,turnauae,P4-bc1088-SPU-5-5-1-Blasz-12-2272D-s1052,STFI,CCAMF,ASV2156,Fungi,Mucoromycota,Glomeromycetes,Glomerales,Glomeraceae,Glomus,VTX00064,1,Fungi,Glomeromycota,Glomeromycetes,Glomerales,Glomeraceae,Septoglomus,NA,0.8,Highly|_Probable,arbuscular_mycorrhizal,root-associated,Glomeromycota,Septoglomeraceae,Septoglomus,yes,yes,yes,primer
Septoglomus_turnauae_P4-bc1088-SPU-5-5-1-Blasz-12-2272D-s172_STFI_ASV2158,Septoglomus_turnauae_P4-bc1088-SPU-5-5-1-Blasz-12-2272D-s172_STFI_ASV2158_CCAMF,Septoglomus,turnauae,P4-bc1088-SPU-5-5-1-Blasz-12-2272D-s172,STFI,CCAMF,ASV2158,Fungi,Mucoromycota,Glomeromycetes,Glomerales,Glomeraceae,Glomus,VTX00064,1,Fungi,Glomeromycota,Glomeromycetes,Glomerales,Glomeraceae,Septoglomus,NA,0.7,Highly|_Probable,arbuscular_mycorrhizal,root-associated,Glomeromycota,Septoglomeraceae,Septoglomus,yes,yes,yes,primer
Septoglomus_turnauae_P4-bc1088-SPU-5-5-1-Blasz-12-2272D-s196_STFI_ASV2157,Septoglomus_turnauae_P4-bc1088-SPU-5-5-1-Blasz-12-2272D-s196_STFI_ASV2157_CCAMF,Septoglomus,turnauae,P4-bc1088-SPU-5-5-1-Blasz-12-2272D-s196,STFI,CCAMF,ASV2157,Fungi,Mucoromycota,Glomeromycetes,Glomerales,Glomeraceae,Glomus,VTX00064,1,Fungi,Glomeromycota,Glomeromycetes,Glomerales,Glomeraceae,Septoglomus,NA,0.7,Highly|_Probable,arbuscular_mycorrhizal,root-associated,Glomeromycota,Septoglomeraceae,Septoglomus,yes,yes,yes,primer
Septoglomus_turnauae_P4-bc1088-SPU-5-5-1-Blasz-12-2272D-s4314_STFI_ASV2155,Septoglomus_turnauae_P4-bc1088-SPU-5-5-1-Blasz-12-2272D-s4314_STFI_ASV2155_CCAMF,Septoglomus,turnauae,P4-bc1088-SPU-5-5-1-Blasz-12-2272D-s4314,STFI,CCAMF,ASV2155,Fungi,Mucoromycota,Glomeromycetes,Glomerales,Glomeraceae,Glomus,VTX00064,1,Fungi,Glomeromycota,Glomeromycetes,Glomerales,Glomeraceae,Septoglomus,NA,0.7,Highly|_Probable,arbuscular_mycorrhizal,root-associated,Glomeromycota,Septoglomeraceae,Septoglomus,yes,yes,yes,primer
Septoglomus_turnauae_P4-bc1088-SPU-5-5-1-Blasz-12-2272D-s820_STFI_ASV2154,Septoglomus_turnauae_P4-bc1088-SPU-5-5-1-Blasz-12-2272D-s820_STFI_ASV2154_CCAMF,Septoglomus,turnauae,P4-bc1088-SPU-5-5-1-Blasz-12-2272D-s820,STFI,CCAMF,ASV2154,Fungi,Mucoromycota,Glomeromycetes,Glomerales,Glomeraceae,Glomus,VTX00064,1,Fungi,Glomeromycota,Glomeromycetes,Glomerales,Glomeraceae,Septoglomus,NA,0.8,Highly|_Probable,arbuscular_mycorrhizal,root-associated,Glomeromycota,Septoglomeraceae,Septoglomus,yes,yes,yes,primer
Gigaspora_rosea_P4-bc1089-SPU-5-4-1-CU131-1018E-s43_STFI_ASV2130,Gigaspora_rosea_P4-bc1089-SPU-5-4-1-CU131-1018E-s43_STFI_ASV2130_CCAMF,Gigaspora,rosea,P4-bc1089-SPU-5-4-1-CU131-1018E-s43,STFI,CCAMF,ASV2130,Fungi,Mucoromycota,Glomeromycetes,Diversisporales,Gigasporaceae,Gigaspora,VTX00039,1,Fungi,Glomeromycota,Glomeromycetes,Gigasporales,Gigasporaceae,Gigaspora,rosea,0.8,Highly|_Probable,arbuscular_mycorrhizal,root-associated,Glomeromycota,Gigasporaceae,Gigaspora,yes,yes,yes,primer
Gigaspora_rosea_P4-bc1089-SPU-5-4-1-CU131-1018E-s54_STFI_ASV2129,Gigaspora_rosea_P4-bc1089-SPU-5-4-1-CU131-1018E-s54_STFI_ASV2129_CCAMF,Gigaspora,rosea,P4-bc1089-SPU-5-4-1-CU131-1018E-s54,STFI,CCAMF,ASV2129,Fungi,Mucoromycota,Glomeromycetes,Diversisporales,Gigasporaceae,Gigaspora,VTX00039,1,Fungi,Glomeromycota,Glomeromycetes,Gigasporales,Gigasporaceae,Gigaspora,rosea,0.6,Highly|_Probable,arbuscular_mycorrhizal,root-associated,Glomeromycota,Gigasporaceae,Gigaspora,yes,yes,yes,primer
Gigaspora_rosea_P4-bc1089-SPU-5-4-1-CU131-1018E-s70_STFI_ASV2098,Gigaspora_rosea_P4-bc1089-SPU-5-4-1-CU131-1018E-s70_STFI_ASV2098_CCAMF,Gigaspora,rosea,P4-bc1089-SPU-5-4-1-CU131-1018E-s70,STFI,CCAMF,ASV2098,Fungi,Mucoromycota,Glomeromycetes,Diversisporales,Gigasporaceae,Gigaspora,VTX00039,1,Fungi,Glomeromycota,Glomeromycetes,Gigasporales,Gigasporaceae,Gigaspora,rosea,0.7,Highly|_Probable,arbuscular_mycorrhizal,root-associated,Glomeromycota,Gigasporaceae,Gigaspora,yes,yes,yes,primer
Gigaspora_rosea_P4-bc1089-SPU-5-4-1-CU131-1018E-s99_STFI_ASV2050,Gigaspora_rosea_P4-bc1089-SPU-5-4-1-CU131-1018E-s99_STFI_ASV2050_CCAMF,Gigaspora,rosea,P4-bc1089-SPU-5-4-1-CU131-1018E-s99,STFI,CCAMF,ASV2050,Fungi,Mucoromycota,Glomeromycetes,Diversisporales,Gigasporaceae,Gigaspora,VTX00039,1,Fungi,Glomeromycota,Glomeromycetes,Gigasporales,Gigasporaceae,Gigaspora,NA,0.9,Highly|_Probable,arbuscular_mycorrhizal,root-associated,Glomeromycota,Gigasporaceae,Gigaspora,yes,yes,yes,primer
Cetraspora_gilmorei_P4-bc1091-SPU-5-3-1-CW0008-2669B-s121_STFI_ASV2125,Cetraspora_gilmorei_P4-bc1091-SPU-5-3-1-CW0008-2669B-s121_STFI_ASV2125_CCAMF,Cetraspora,gilmorei,P4-bc1091-SPU-5-3-1-CW0008-2669B-s121,STFI,CCAMF,ASV2125,Fungi,Mucoromycota,Glomeromycetes,Diversisporales,Gigasporaceae,Scutellospora,VTX00041,0.8,Fungi,Glomeromycota,Glomeromycetes,Gigasporales,Racocetraceae,Cetraspora,NA,0.9,Highly|_Probable,arbuscular_mycorrhizal,root-associated,Glomeromycota,Gigasporaceae,Cetraspora,yes,yes,yes,primer
Cetraspora_gilmorei_P4-bc1091-SPU-5-3-1-CW0008-2669B-s124_STFI_ASV2123,Cetraspora_gilmorei_P4-bc1091-SPU-5-3-1-CW0008-2669B-s124_STFI_ASV2123_CCAMF,Cetraspora,gilmorei,P4-bc1091-SPU-5-3-1-CW0008-2669B-s124,STFI,CCAMF,ASV2123,Fungi,Mucoromycota,Glomeromycetes,Diversisporales,Gigasporaceae,Scutellospora,VTX00041,0.9,Fungi,Glomeromycota,Glomeromycetes,Gigasporales,Racocetraceae,Cetraspora,NA,0.9,Highly|_Probable,arbuscular_mycorrhizal,root-associated,Glomeromycota,Gigasporaceae,Cetraspora,yes,yes,yes,primer
Cetraspora_gilmorei_P4-bc1091-SPU-5-3-1-CW0008-2669B-s153_STFI_ASV2122,Cetraspora_gilmorei_P4-bc1091-SPU-5-3-1-CW0008-2669B-s153_STFI_ASV2122_CCAMF,Cetraspora,gilmorei,P4-bc1091-SPU-5-3-1-CW0008-2669B-s153,STFI,CCAMF,ASV2122,Fungi,Mucoromycota,Glomeromycetes,Diversisporales,Gigasporaceae,Scutellospora,VTX00041,0.9,Fungi,Glomeromycota,Glomeromycetes,Gigasporales,Racocetraceae,Cetraspora,NA,0.9,Highly|_Probable,arbuscular_mycorrhizal,root-associated,Glomeromycota,Gigasporaceae,Cetraspora,yes,yes,yes,primer
Cetraspora_gilmorei_P4-bc1091-SPU-5-3-1-CW0008-2669B-s5021_STFI_ASV2108,Cetraspora_gilmorei_P4-bc1091-SPU-5-3-1-CW0008-2669B-s5021_STFI_ASV2108_CCAMF,Cetraspora,gilmorei,P4-bc1091-SPU-5-3-1-CW0008-2669B-s5021,STFI,CCAMF,ASV2108,Fungi,Mucoromycota,Glomeromycetes,Diversisporales,Gigasporaceae,Scutellospora,VTX00041,0.8,Fungi,Glomeromycota,Glomeromycetes,Gigasporales,Racocetraceae,Cetraspora,NA,0.9,Highly|_Probable,arbuscular_mycorrhizal,root-associated,Glomeromycota,Gigasporaceae,Cetraspora,yes,yes,yes,primer
Cetraspora_gilmorei_P4-bc1091-SPU-5-3-1-CW0008-2669B-s679_STFI_ASV2121,Cetraspora_gilmorei_P4-bc1091-SPU-5-3-1-CW0008-2669B-s679_STFI_ASV2121_CCAMF,Cetraspora,gilmorei,P4-bc1091-SPU-5-3-1-CW0008-2669B-s679,STFI,CCAMF,ASV2121,Fungi,Mucoromycota,Glomeromycetes,Diversisporales,Gigasporaceae,Scutellospora,VTX00041,0.8,Fungi,Glomeromycota,Glomeromycetes,Gigasporales,Racocetraceae,Cetraspora,NA,0.9,Highly|_Probable,arbuscular_mycorrhizal,root-associated,Glomeromycota,Gigasporaceae,Cetraspora,yes,yes,yes,primer
Cetraspora_gilmorei_P4-bc1091-SPU-5-3-1-CW0008-2669B-s92_STFI_ASV2124,Cetraspora_gilmorei_P4-bc1091-SPU-5-3-1-CW0008-2669B-s92_STFI_ASV2124_CCAMF,Cetraspora,gilmorei,P4-bc1091-SPU-5-3-1-CW0008-2669B-s92,STFI,CCAMF,ASV2124,Fungi,Mucoromycota,Glomeromycetes,Diversisporales,Gigasporaceae,Scutellospora,VTX00041,0.8,Fungi,Glomeromycota,Glomeromycetes,Gigasporales,Racocetraceae,Cetraspora,NA,0.9,Highly|_Probable,arbuscular_mycorrhizal,root-associated,Glomeromycota,Gigasporaceae,Cetraspora,yes,yes,yes,primer
Cetraspora_gilmorei_P4-bc1091-SPU-5-3-1-CW0008-2669B-s93_STFI_ASV2126,Cetraspora_gilmorei_P4-bc1091-SPU-5-3-1-CW0008-2669B-s93_STFI_ASV2126_CCAMF,Cetraspora,gilmorei,P4-bc1091-SPU-5-3-1-CW0008-2669B-s93,STFI,CCAMF,ASV2126,Fungi,Mucoromycota,Glomeromycetes,Diversisporales,Gigasporaceae,Scutellospora,VTX00041,0.8,Fungi,Glomeromycota,Glomeromycetes,Gigasporales,Racocetraceae,Cetraspora,NA,0.9,Highly|_Probable,arbuscular_mycorrhizal,root-associated,Glomeromycota,Gigasporaceae,Cetraspora,yes,yes,yes,primer
Cetraspora_gilmorei_P4-bc1092-SPU-5-3-2-CW0008-2669B-s10351_STFI_ASV2108,Cetraspora_gilmorei_P4-bc1092-SPU-5-3-2-CW0008-2669B-s10351_STFI_ASV2108_CCAMF,Cetraspora,gilmorei,P4-bc1092-SPU-5-3-2-CW0008-2669B-s10351,STFI,CCAMF,ASV2108,Fungi,Mucoromycota,Glomeromycetes,Diversisporales,Gigasporaceae,Scutellospora,VTX00041,0.8,Fungi,Glomeromycota,Glomeromycetes,Gigasporales,Racocetraceae,Cetraspora,NA,0.9,Highly|_Probable,arbuscular_mycorrhizal,root-associated,Glomeromycota,Gigasporaceae,Cetraspora,yes,yes,yes,primer
Cetraspora_gilmorei_P4-bc1092-SPU-5-3-2-CW0008-2669B-s1137_STFI_ASV2084,Cetraspora_gilmorei_P4-bc1092-SPU-5-3-2-CW0008-2669B-s1137_STFI_ASV2084_CCAMF,Cetraspora,gilmorei,P4-bc1092-SPU-5-3-2-CW0008-2669B-s1137,STFI,CCAMF,ASV2084,Fungi,Mucoromycota,Glomeromycetes,Diversisporales,Gigasporaceae,Scutellospora,VTX00041,0.8,Fungi,Glomeromycota,Glomeromycetes,Gigasporales,Racocetraceae,Cetraspora,NA,0.9,Highly|_Probable,arbuscular_mycorrhizal,root-associated,Glomeromycota,Gigasporaceae,Cetraspora,yes,yes,yes,primer
Cetraspora_gilmorei_P4-bc1092-SPU-5-3-2-CW0008-2669B-s2533_STFI_ASV2005,Cetraspora_gilmorei_P4-bc1092-SPU-5-3-2-CW0008-2669B-s2533_STFI_ASV2005_CCAMF,Cetraspora,gilmorei,P4-bc1092-SPU-5-3-2-CW0008-2669B-s2533,STFI,CCAMF,ASV2005,Fungi,Mucoromycota,Glomeromycetes,Diversisporales,Gigasporaceae,Scutellospora,VTX00041,0.8,Fungi,Glomeromycota,Glomeromycetes,Gigasporales,Racocetraceae,Cetraspora,NA,0.9,Highly|_Probable,arbuscular_mycorrhizal,root-associated,Glomeromycota,Gigasporaceae,Cetraspora,yes,yes,yes,primer
Ambispora_sp._P4-bc1093-SPU-6-11-9-ON205-s167_STFI_ASV2049,Ambispora_sp._P4-bc1093-SPU-6-11-9-ON205-s167_STFI_ASV2049_CCAMF,Ambispora,sp.,P4-bc1093-SPU-6-11-9-ON205-s167,STFI,CCAMF,ASV2049,Fungi,Mucoromycota,Archaeosporomycetes,Archaeosporales,Ambisporaceae,Ambispora,VTX00242,1,Fungi,Glomeromycota,Archaeosporomycetes,Archaeosporales,Ambisporaceae,Ambispora,NA,1,Highly|_Probable,arbuscular_mycorrhizal,root-associated,Glomeromycota,Ambisporaceae,Ambispora,yes,yes,yes,primer
Rhizophagus_irregularis_P4-bc1095-SPU-8-1-24-197198-s156_STFI_ASV2052,Rhizophagus_irregularis_P4-bc1095-SPU-8-1-24-197198-s156_STFI_ASV2052_CCAMF,Rhizophagus,irregularis,P4-bc1095-SPU-8-1-24-197198-s156,STFI,CCAMF,ASV2052,Fungi,Mucoromycota,Glomeromycetes,Glomerales,Glomeraceae,Glomus,VTX00114,0.8,Fungi,Glomeromycota,Glomeromycetes,Glomerales,Glomeraceae,NA,NA,0.7,Highly|_Probable,NA,NA,Glomeromycota,Sclerocystaceae_Kamienskiaceae,Rhizophagus,yes,yes,yes,primer
Rhizophagus_irregularis_P4-bc1095-SPU-8-1-24-197198-s190_STFI_ASV2063,Rhizophagus_irregularis_P4-bc1095-SPU-8-1-24-197198-s190_STFI_ASV2063_CCAMF,Rhizophagus,irregularis,P4-bc1095-SPU-8-1-24-197198-s190,STFI,CCAMF,ASV2063,Fungi,Mucoromycota,Glomeromycetes,Glomerales,Glomeraceae,Glomus,VTX00114,0.8,Fungi,Glomeromycota,Glomeromycetes,Glomerales,Glomeraceae,NA,NA,0.7,Highly|_Probable,NA,NA,Glomeromycota,Sclerocystaceae_Kamienskiaceae,Rhizophagus,yes,yes,yes,primer
Rhizophagus_irregularis_P4-bc1095-SPU-8-1-24-197198-s216_STFI_ASV2000,Rhizophagus_irregularis_P4-bc1095-SPU-8-1-24-197198-s216_STFI_ASV2000_CCAMF,Rhizophagus,irregularis,P4-bc1095-SPU-8-1-24-197198-s216,STFI,CCAMF,ASV2000,Fungi,Mucoromycota,Glomeromycetes,Glomerales,Glomeraceae,Glomus,VTX00114,0.8,Fungi,Glomeromycota,Glomeromycetes,Glomerales,Glomeraceae,Rhizophagus,irregularis,0.7,Highly|_Probable,arbuscular_mycorrhizal,root-associated,Glomeromycota,Sclerocystaceae_Kamienskiaceae,Rhizophagus,yes,yes,yes,primer
Rhizophagus_irregularis_P4-bc1095-SPU-8-1-24-197198-s472_STFI_ASV2015,Rhizophagus_irregularis_P4-bc1095-SPU-8-1-24-197198-s472_STFI_ASV2015_CCAMF,Rhizophagus,irregularis,P4-bc1095-SPU-8-1-24-197198-s472,STFI,CCAMF,ASV2015,Fungi,Mucoromycota,Glomeromycetes,Glomerales,Glomeraceae,Glomus,VTX00114,0.8,Fungi,Glomeromycota,Glomeromycetes,Glomerales,Glomeraceae,NA,NA,0.7,Highly|_Probable,NA,NA,Glomeromycota,Sclerocystaceae_Kamienskiaceae,Rhizophagus,yes,yes,yes,primer
Rhizophagus_irregularis_P4-bc1095-SPU-8-1-24-197198-s629_STFI_ASV2030,Rhizophagus_irregularis_P4-bc1095-SPU-8-1-24-197198-s629_STFI_ASV2030_CCAMF,Rhizophagus,irregularis,P4-bc1095-SPU-8-1-24-197198-s629,STFI,CCAMF,ASV2030,Fungi,Mucoromycota,Glomeromycetes,Glomerales,Glomeraceae,Glomus,VTX00114,0.8,Fungi,Glomeromycota,Glomeromycetes,Glomerales,Glomeraceae,NA,NA,0.7,Highly|_Probable,NA,NA,Glomeromycota,Sclerocystaceae_Kamienskiaceae,Rhizophagus,yes,yes,yes,primer
Rhizophagus_irregularis_P4-bc1096-SPU-8-1-22-197198-s218_STFI_ASV2063,Rhizophagus_irregularis_P4-bc1096-SPU-8-1-22-197198-s218_STFI_ASV2063_CCAMF,Rhizophagus,irregularis,P4-bc1096-SPU-8-1-22-197198-s218,STFI,CCAMF,ASV2063,Fungi,Mucoromycota,Glomeromycetes,Glomerales,Glomeraceae,Glomus,VTX00114,0.8,Fungi,Glomeromycota,Glomeromycetes,Glomerales,Glomeraceae,NA,NA,0.7,Highly|_Probable,NA,NA,Glomeromycota,Sclerocystaceae_Kamienskiaceae,Rhizophagus,yes,yes,yes,primer
Rhizophagus_irregularis_P4-bc1096-SPU-8-1-22-197198-s286_STFI_ASV2015,Rhizophagus_irregularis_P4-bc1096-SPU-8-1-22-197198-s286_STFI_ASV2015_CCAMF,Rhizophagus,irregularis,P4-bc1096-SPU-8-1-22-197198-s286,STFI,CCAMF,ASV2015,Fungi,Mucoromycota,Glomeromycetes,Glomerales,Glomeraceae,Glomus,VTX00114,0.8,Fungi,Glomeromycota,Glomeromycetes,Glomerales,Glomeraceae,NA,NA,0.7,Highly|_Probable,NA,NA,Glomeromycota,Sclerocystaceae_Kamienskiaceae,Rhizophagus,yes,yes,yes,primer
Rhizophagus_irregularis_P4-bc1096-SPU-8-1-22-197198-s359_STFI_ASV2052,Rhizophagus_irregularis_P4-bc1096-SPU-8-1-22-197198-s359_STFI_ASV2052_CCAMF,Rhizophagus,irregularis,P4-bc1096-SPU-8-1-22-197198-s359,STFI,CCAMF,ASV2052,Fungi,Mucoromycota,Glomeromycetes,Glomerales,Glomeraceae,Glomus,VTX00114,0.8,Fungi,Glomeromycota,Glomeromycetes,Glomerales,Glomeraceae,NA,NA,0.7,Highly|_Probable,NA,NA,Glomeromycota,Sclerocystaceae_Kamienskiaceae,Rhizophagus,yes,yes,yes,primer
Rhizophagus_irregularis_P4-bc1096-SPU-8-1-22-197198-s816_STFI_ASV2030,Rhizophagus_irregularis_P4-bc1096-SPU-8-1-22-197198-s816_STFI_ASV2030_CCAMF,Rhizophagus,irregularis,P4-bc1096-SPU-8-1-22-197198-s816,STFI,CCAMF,ASV2030,Fungi,Mucoromycota,Glomeromycetes,Glomerales,Glomeraceae,Glomus,VTX00114,0.8,Fungi,Glomeromycota,Glomeromycetes,Glomerales,Glomeraceae,NA,NA,0.7,Highly|_Probable,NA,NA,Glomeromycota,Sclerocystaceae_Kamienskiaceae,Rhizophagus,yes,yes,yes,primer
Rhizophagus_irregularis_P4-bc1096-SPU-8-1-22-197198-s85_STFI_ASV2134,Rhizophagus_irregularis_P4-bc1096-SPU-8-1-22-197198-s85_STFI_ASV2134_CCAMF,Rhizophagus,irregularis,P4-bc1096-SPU-8-1-22-197198-s85,STFI,CCAMF,ASV2134,Fungi,Mucoromycota,Glomeromycetes,Glomerales,Glomeraceae,Glomus,VTX00114,0.8,Fungi,Glomeromycota,Glomeromycetes,Glomerales,Glomeraceae,NA,NA,0.8,Highly|_Probable,NA,NA,Glomeromycota,Sclerocystaceae_Kamienskiaceae,Rhizophagus,yes,yes,yes,primer
Dentiscutata_erythropa_RI275_31_KU_ASV1149,Dentiscutata_erythropa_RI275_31_KU_ASV1149_INVAM,Dentiscutata,erythropa,RI275_31,KU,INVAM,ASV1149,Fungi,Mucoromycota,Glomeromycetes,Diversisporales,Gigasporaceae,Scutellospora,VTX00255,1,Fungi,Glomeromycota,Glomeromycetes,Gigasporales,NA,NA,NA,0.9,Highly_Probable,NA,NA,Glomeromycota,Gigasporaceae,NA,yes,yes,yes,primer
Dentiscutata_erythropa_RI275_31_KU_ASV1150,Dentiscutata_erythropa_RI275_31_KU_ASV1150_INVAM,Dentiscutata,erythropa,RI275_31,KU,INVAM,ASV1150,Fungi,Mucoromycota,Glomeromycetes,Diversisporales,Gigasporaceae,Scutellospora,VTX00255,1,Fungi,Glomeromycota,Glomeromycetes,Gigasporales,NA,NA,NA,0.9,Highly_Probable,NA,NA,Glomeromycota,Gigasporaceae,Dentiscutata,yes,yes,yes,primer
Dentiscutata_erythropa_RI275_31_KU_ASV1151,Dentiscutata_erythropa_RI275_31_KU_ASV1151_INVAM,Dentiscutata,erythropa,RI275_31,KU,INVAM,ASV1151,Fungi,Mucoromycota,Glomeromycetes,Diversisporales,Gigasporaceae,Scutellospora,VTX00255,1,Fungi,Glomeromycota,Glomeromycetes,Gigasporales,NA,NA,NA,0.9,Highly_Probable,NA,NA,Glomeromycota,Gigasporaceae,Dentiscutata,yes,yes,yes,primer
Dentiscutata_erythropa_RI275_31_KU_ASV1152,Dentiscutata_erythropa_RI275_31_KU_ASV1152_INVAM,Dentiscutata,erythropa,RI275_31,KU,INVAM,ASV1152,Fungi,Mucoromycota,Glomeromycetes,Diversisporales,Gigasporaceae,Scutellospora,VTX00255,1,Fungi,Glomeromycota,Glomeromycetes,Gigasporales,Dentiscutataceae,NA,NA,0.6,Highly_Probable,NA,NA,Glomeromycota,Gigasporaceae,Dentiscutata,yes,yes,yes,primer
Dentiscutata_erythropa_RI275_31_KU_ASV1153,Dentiscutata_erythropa_RI275_31_KU_ASV1153_INVAM,Dentiscutata,erythropa,RI275_31,KU,INVAM,ASV1153,Fungi,Mucoromycota,Glomeromycetes,Diversisporales,Gigasporaceae,Scutellospora,VTX00255,1,Fungi,Glomeromycota,Glomeromycetes,Gigasporales,NA,NA,NA,0.9,Highly_Probable,NA,NA,Glomeromycota,Gigasporaceae,Dentiscutata,yes,yes,yes,primer
Dentiscutata_erythropa_RI275_31_KU_ASV1154,Dentiscutata_erythropa_RI275_31_KU_ASV1154_INVAM,Dentiscutata,erythropa,RI275_31,KU,INVAM,ASV1154,Fungi,Mucoromycota,Glomeromycetes,Diversisporales,Gigasporaceae,Scutellospora,VTX00255,1,Fungi,Glomeromycota,Glomeromycetes,Gigasporales,NA,NA,NA,0.9,Highly_Probable,NA,NA,Glomeromycota,Gigasporaceae,Dentiscutata,yes,yes,yes,primer
Dentiscutata_erythropa_RI275_31_KU_ASV1155,Dentiscutata_erythropa_RI275_31_KU_ASV1155_INVAM,Dentiscutata,erythropa,RI275_31,KU,INVAM,ASV1155,Fungi,Mucoromycota,Glomeromycetes,Diversisporales,Gigasporaceae,Scutellospora,VTX00255,0.9,Fungi,Glomeromycota,Glomeromycetes,Gigasporales,Dentiscutataceae,NA,NA,0.6,Highly_Probable,NA,NA,Glomeromycota,Gigasporaceae,Dentiscutata,yes,yes,yes,primer
Dentiscutata_erythropa_RI275_31_KU_ASV1156,Dentiscutata_erythropa_RI275_31_KU_ASV1156_INVAM,Dentiscutata,erythropa,RI275_31,KU,INVAM,ASV1156,Fungi,Mucoromycota,Glomeromycetes,Diversisporales,Gigasporaceae,Scutellospora,VTX00255,1,Fungi,Glomeromycota,Glomeromycetes,Gigasporales,NA,NA,NA,0.9,Highly_Probable,NA,NA,Glomeromycota,Gigasporaceae,Dentiscutata,yes,yes,yes,primer
Dentiscutata_erythropa_RI275_31_KU_ASV1157,Dentiscutata_erythropa_RI275_31_KU_ASV1157_INVAM,Dentiscutata,erythropa,RI275_31,KU,INVAM,ASV1157,Fungi,Mucoromycota,Glomeromycetes,Diversisporales,Gigasporaceae,Scutellospora,VTX00255,1,Fungi,Glomeromycota,Glomeromycetes,Gigasporales,Dentiscutataceae,NA,NA,0.6,Highly_Probable,NA,NA,Glomeromycota,Gigasporaceae,Dentiscutata,yes,yes,yes,primer
Acaulospora_koskei_SC705_ZU_ASV1057,Acaulospora_koskei_SC705_ZU_ASV1057_INVAM,Acaulospora,koskei,SC705,ZU,INVAM,ASV1057,Fungi,Mucoromycota,Glomeromycetes,Diversisporales,Acaulosporaceae,Acaulospora,NA,1,Fungi,Glomeromycota,Glomeromycetes,Diversisporales,Acaulosporaceae,Acaulospora,koskei,0.9,Highly_Probable,arbuscular_mycorrhizal,root-associated,Glomeromycota,Acaulosporaceae,Acaulospora,yes,yes,yes,primer
Archaeospora_trappei_SF124_22_KU_ASV1140,Archaeospora_trappei_SF124_22_KU_ASV1140_INVAM,Archaeospora,trappei,SF124_22,KU,INVAM,ASV1140,NA,NA,NA,NA,NA,NA,NA,NA,NA,NA,NA,NA,NA,NA,NA,NA,Highly_Probable,NA,NA,Glomeromycota,Archaeosporaceae,Archaeospora,no,no,yes,align
Archaeospora_trappei_SF124_22_KU_ASV1141,Archaeospora_trappei_SF124_22_KU_ASV1141_INVAM,Archaeospora,trappei,SF124_23,KU,INVAM,ASV1141,NA,NA,NA,NA,NA,NA,NA,NA,NA,NA,NA,NA,NA,NA,NA,NA,Highly_Probable,NA,NA,Glomeromycota,Archaeosporaceae,Archaeospora,no,no,yes,align
Archaeospora_trappei_SF124_22_KU_ASV1142,Archaeospora_trappei_SF124_22_KU_ASV1142_INVAM,Archaeospora,trappei,SF124_24,KU,INVAM,ASV1142,NA,NA,NA,NA,NA,NA,NA,NA,NA,NA,NA,NA,NA,NA,NA,NA,Highly_Probable,NA,NA,Glomeromycota,Archaeosporaceae,Archaeospora,no,no,yes,align
Archaeospora_trappei_SF124_22_KU_ASV1143,Archaeospora_trappei_SF124_22_KU_ASV1143_INVAM,Archaeospora,trappei,SF124_25,KU,INVAM,ASV1143,NA,NA,NA,NA,NA,NA,NA,NA,NA,NA,NA,NA,NA,NA,NA,NA,Highly_Probable,NA,NA,Glomeromycota,Archaeosporaceae,Archaeospora,no,no,yes,align
Diversispora_spurca_W6227_ZUII_ASV1188,Diversispora_sp._W6227_ZUII_ASV1188_INVAM,Diversispora,sp.,W6227,ZUII,INVAM,ASV1188,Fungi,Mucoromycota,Glomeromycetes,Diversisporales,Diversisporaceae,Diversispora,NA,1,Fungi,Glomeromycota,Glomeromycetes,Diversisporales,Diversisporaceae,Diversispora,NA,1,Highly_Probable,arbuscular_mycorrhizal,root-associated,Glomeromycota,Diversisporaceae,Diversispora,yes,yes,yes,primer
Diversispora_spurca_W6227_ZUII_ASV1189,Diversispora_sp._W6227_ZUII_ASV1189_INVAM,Diversispora,sp.,W6227,ZUII,INVAM,ASV1189,Fungi,Mucoromycota,Glomeromycetes,Diversisporales,Diversisporaceae,Diversispora,NA,1,Fungi,Glomeromycota,Glomeromycetes,Diversisporales,Diversisporaceae,Diversispora,NA,1,Highly_Probable,arbuscular_mycorrhizal,root-associated,Glomeromycota,Diversisporaceae,Diversispora,yes,yes,yes,primer
Acaulospora_koskei_WV685_ZU_ASV1058,Acaulospora_sp._WV685_ZU_ASV1058_INVAM,Acaulospora,sp.,WV685,ZU,INVAM,ASV1058,Fungi,Mucoromycota,Glomeromycetes,Diversisporales,Acaulosporaceae,Acaulospora,VTX00028,1,Fungi,Glomeromycota,Glomeromycetes,Diversisporales,Acaulosporaceae,NA,NA,0.8,Highly_Probable,NA,NA,Glomeromycota,Acaulosporaceae,Acaulospora,yes,yes,yes,primer
Acaulospora_koskei_WV685_ZU_ASV1060,Acaulospora_sp._WV685_ZU_ASV1060_INVAM,Acaulospora,sp.,WV685,ZU,INVAM,ASV1060,Fungi,Mucoromycota,Glomeromycetes,Diversisporales,Acaulosporaceae,Acaulospora,VTX00028,1,Fungi,Glomeromycota,Glomeromycetes,Diversisporales,Acaulosporaceae,NA,NA,0.8,Highly_Probable,NA,NA,Glomeromycota,Acaulosporaceae,Acaulospora,yes,yes,yes,primer
Acaulospora_koskei_WV685_ZU_ASV1061,Acaulospora_sp._WV685_ZU_ASV1061_INVAM,Acaulospora,sp.,WV685,ZU,INVAM,ASV1061,Fungi,Mucoromycota,Glomeromycetes,Diversisporales,Acaulosporaceae,Acaulospora,VTX00028,1,Fungi,Glomeromycota,Glomeromycetes,Diversisporales,Acaulosporaceae,NA,NA,0.8,Highly_Probable,NA,NA,Glomeromycota,Acaulosporaceae,Acaulospora,yes,yes,yes,primer
Acaulospora_koskei_WV685_ZU_ASV1065,Acaulospora_sp._WV685_ZU_ASV1065_INVAM,Acaulospora,sp.,WV685,ZU,INVAM,ASV1065,Fungi,Mucoromycota,Glomeromycetes,Diversisporales,Acaulosporaceae,Acaulospora,VTX00028,1,Fungi,Glomeromycota,Glomeromycetes,Diversisporales,Acaulosporaceae,NA,NA,0.8,Highly_Probable,NA,NA,Glomeromycota,Acaulosporaceae,Acaulospora,yes,yes,yes,primer
Acaulospora_koskei_WV685_ZU_ASV1066,Acaulospora_sp._WV685_ZU_ASV1066_INVAM,Acaulospora,sp.,WV685,ZU,INVAM,ASV1066,Fungi,Mucoromycota,Glomeromycetes,Diversisporales,Acaulosporaceae,Acaulospora,VTX00028,1,Fungi,Glomeromycota,Glomeromycetes,Diversisporales,Acaulosporaceae,NA,NA,0.8,Highly_Probable,NA,NA,Glomeromycota,Acaulosporaceae,Acaulospora,yes,yes,yes,primer
Acaulospora_koskei_WV685_ZU_ASV1069,Acaulospora_sp._WV685_ZU_ASV1069_INVAM,Acaulospora,sp.,WV685,ZU,INVAM,ASV1069,Fungi,Mucoromycota,Glomeromycetes,Diversisporales,Acaulosporaceae,Acaulospora,VTX00028,1,Fungi,Glomeromycota,Glomeromycetes,Diversisporales,Acaulosporaceae,NA,NA,0.8,Highly_Probable,NA,NA,Glomeromycota,Acaulosporaceae,Acaulospora,yes,yes,yes,primer
Acaulospora_koskei_WV685_ZU_ASV1070,Acaulospora_sp._WV685_ZU_ASV1070_INVAM,Acaulospora,sp.,WV685,ZU,INVAM,ASV1070,Fungi,Mucoromycota,Glomeromycetes,Diversisporales,Acaulosporaceae,Acaulospora,VTX00028,1,Fungi,Glomeromycota,Glomeromycetes,Diversisporales,Acaulosporaceae,NA,NA,0.8,Highly_Probable,NA,NA,Glomeromycota,Acaulosporaceae,Acaulospora,yes,yes,yes,primer
Funneliformis_monosporus_WY107_KU_ASV1006,Funneliformis_mosseae_WY107_KU_ASV1006_INVAM,Funneliformis,mosseae,WY107,KU,INVAM,ASV1006,Fungi,Mucoromycota,Glomeromycetes,Glomerales,Glomeraceae,Glomus,VTX00067,1,Fungi,Glomeromycota,Glomeromycetes,Glomerales,Glomeraceae,Funneliformis,NA,0.9,Highly_Probable,arbuscular_mycorrhizal,root-associated,Glomeromycota,Septoglomeraceae,Funneliformis,yes,yes,yes,primer
Funneliformis_monosporus_WY107_KU_ASV1018,Funneliformis_mosseae_WY107_KU_ASV1018_INVAM,Funneliformis,mosseae,WY107,KU,INVAM,ASV1018,Fungi,Mucoromycota,Glomeromycetes,Glomerales,Glomeraceae,Glomus,VTX00067,1,Fungi,Glomeromycota,Glomeromycetes,Glomerales,Glomeraceae,Funneliformis,NA,0.9,Highly_Probable,arbuscular_mycorrhizal,root-associated,Glomeromycota,Septoglomeraceae,Funneliformis,yes,yes,yes,primer
Funneliformis_monosporus_WY107_KU_ASV1048,Funneliformis_mosseae_WY107_KU_ASV1048_INVAM,Funneliformis,mosseae,WY107,KU,INVAM,ASV1048,Fungi,Mucoromycota,Glomeromycetes,Glomerales,Glomeraceae,Glomus,VTX00067,1,Fungi,Glomeromycota,Glomeromycetes,Glomerales,Glomeraceae,Funneliformis,NA,0.9,Highly_Probable,arbuscular_mycorrhizal,root-associated,Glomeromycota,Septoglomeraceae,Funneliformis,yes,yes,yes,primer
Funneliformis_monosporus_WY107_KU_ASV1228,Funneliformis_mosseae_WY107_KU_ASV1228_INVAM,Funneliformis,mosseae,WY107,KU,INVAM,ASV1228,Fungi,Mucoromycota,Glomeromycetes,Glomerales,Glomeraceae,Glomus,VTX00067,1,Fungi,Glomeromycota,Glomeromycetes,Glomerales,Glomeraceae,Funneliformis,NA,0.9,Highly_Probable,arbuscular_mycorrhizal,root-associated,Glomeromycota,Septoglomeraceae,Funneliformis,yes,yes,yes,primer
Funneliformis_monosporus_WY107_KU_ASV1229,Funneliformis_mosseae_WY107_KU_ASV1229_INVAM,Funneliformis,mosseae,WY107,KU,INVAM,ASV1229,Fungi,Mucoromycota,Glomeromycetes,Glomerales,Glomeraceae,Glomus,VTX00067,1,Fungi,Glomeromycota,Glomeromycetes,Glomerales,Glomeraceae,Funneliformis,NA,0.9,Highly_Probable,arbuscular_mycorrhizal,root-associated,Glomeromycota,Septoglomeraceae,Funneliformis,yes,yes,yes,primer
Funneliformis_monosporus_WY107_KU_ASV1230,Funneliformis_mosseae_WY107_KU_ASV1230_INVAM,Funneliformis,mosseae,WY107,KU,INVAM,ASV1230,Fungi,Mucoromycota,Glomeromycetes,Glomerales,Glomeraceae,Glomus,VTX00067,1,Fungi,Glomeromycota,Glomeromycetes,Glomerales,Glomeraceae,Funneliformis,NA,0.9,Highly_Probable,arbuscular_mycorrhizal,root-associated,Glomeromycota,Septoglomeraceae,Funneliformis,yes,yes,yes,primer
Funneliformis_monosporus_WY107_KU_ASV1231,Funneliformis_mosseae_WY107_KU_ASV1231_INVAM,Funneliformis,mosseae,WY107,KU,INVAM,ASV1231,Fungi,Mucoromycota,Glomeromycetes,Glomerales,Glomeraceae,Glomus,VTX00067,1,Fungi,Glomeromycota,Glomeromycetes,Glomerales,Glomeraceae,Funneliformis,NA,0.9,Highly_Probable,arbuscular_mycorrhizal,root-associated,Glomeromycota,Septoglomeraceae,Funneliformis,yes,yes,yes,primer
Funneliformis_monosporus_WY107_KU_ASV1232,Funneliformis_mosseae_WY107_KU_ASV1232_INVAM,Funneliformis,mosseae,WY107,KU,INVAM,ASV1232,Fungi,Mucoromycota,Glomeromycetes,Glomerales,Glomeraceae,Glomus,VTX00067,1,Fungi,Glomeromycota,Glomeromycetes,Glomerales,Glomeraceae,Funneliformis,NA,0.9,Highly_Probable,arbuscular_mycorrhizal,root-associated,Glomeromycota,Septoglomeraceae,Funneliformis,yes,yes,yes,primer
Funneliformis_monosporus_WY107_KU_ASV1233,Funneliformis_mosseae_WY107_KU_ASV1233_INVAM,Funneliformis,mosseae,WY107,KU,INVAM,ASV1233,Fungi,Mucoromycota,Glomeromycetes,Glomerales,Glomeraceae,Glomus,VTX00067,1,Fungi,Glomeromycota,Glomeromycetes,Glomerales,Glomeraceae,Funneliformis,NA,0.9,Highly_Probable,arbuscular_mycorrhizal,root-associated,Glomeromycota,Septoglomeraceae,Funneliformis,yes,yes,yes,primer
Funneliformis_monosporus_WY107_KU_ASV1234,Funneliformis_mosseae_WY107_KU_ASV1234_INVAM,Funneliformis,mosseae,WY107,KU,INVAM,ASV1234,Fungi,Mucoromycota,Glomeromycetes,Glomerales,Glomeraceae,Glomus,VTX00067,1,Fungi,Glomeromycota,Glomeromycetes,Glomerales,Glomeraceae,Funneliformis,NA,0.9,Highly_Probable,arbuscular_mycorrhizal,root-associated,Glomeromycota,Septoglomeraceae,Funneliformis,yes,yes,yes,primer
Funneliformis_monosporus_WY107_KU_ASV1235,Funneliformis_mosseae_WY107_KU_ASV1235_INVAM,Funneliformis,mosseae,WY107,KU,INVAM,ASV1235,Fungi,Mucoromycota,Glomeromycetes,Glomerales,Glomeraceae,Glomus,VTX00067,1,Fungi,Glomeromycota,Glomeromycetes,Glomerales,Glomeraceae,Funneliformis,NA,0.9,Highly_Probable,arbuscular_mycorrhizal,root-associated,Glomeromycota,Septoglomeraceae,Funneliformis,yes,yes,yes,primer
Funneliformis_monosporus_WY107_KU_ASV1236,Funneliformis_mosseae_WY107_KU_ASV1236_INVAM,Funneliformis,mosseae,WY107,KU,INVAM,ASV1236,Fungi,Mucoromycota,Glomeromycetes,Glomerales,Glomeraceae,Glomus,VTX00067,1,Fungi,Glomeromycota,Glomeromycetes,Glomerales,Glomeraceae,Funneliformis,NA,0.9,Highly_Probable,arbuscular_mycorrhizal,root-associated,Glomeromycota,Septoglomeraceae,Funneliformis,yes,yes,yes,primer
Funneliformis_monosporus_WY107_KU_ASV1237,Funneliformis_mosseae_WY107_KU_ASV1237_INVAM,Funneliformis,mosseae,WY107,KU,INVAM,ASV1237,Fungi,Mucoromycota,Glomeromycetes,Glomerales,Glomeraceae,Glomus,VTX00067,1,Fungi,Glomeromycota,Glomeromycetes,Glomerales,Glomeraceae,Funneliformis,NA,0.9,Highly_Probable,arbuscular_mycorrhizal,root-associated,Glomeromycota,Septoglomeraceae,Funneliformis,yes,yes,yes,primer
Funneliformis_monosporus_WY107_KU_ASV1238,Funneliformis_mosseae_WY107_KU_ASV1238_INVAM,Funneliformis,mosseae,WY107,KU,INVAM,ASV1238,Fungi,Mucoromycota,Glomeromycetes,Glomerales,Glomeraceae,Glomus,VTX00067,1,Fungi,Glomeromycota,Glomeromycetes,Glomerales,Glomeraceae,Funneliformis,NA,0.9,Highly_Probable,arbuscular_mycorrhizal,root-associated,Glomeromycota,Septoglomeraceae,Funneliformis,yes,yes,yes,primer
Funneliformis_monosporus_WY107_KU_ASV1239,Funneliformis_mosseae_WY107_KU_ASV1239_INVAM,Funneliformis,mosseae,WY107,KU,INVAM,ASV1239,Fungi,Mucoromycota,Glomeromycetes,Glomerales,Glomeraceae,Glomus,VTX00067,1,Fungi,Glomeromycota,Glomeromycetes,Glomerales,Glomeraceae,Funneliformis,NA,0.9,Highly_Probable,arbuscular_mycorrhizal,root-associated,Glomeromycota,Septoglomeraceae,Funneliformis,yes,yes,yes,primer